member_id,timestamp
M0001,2025-07-27T07:43:00
M0001,2025-07-27T20:34:00
M0001,2025-08-19T15:27:00
M0001,2025-08-26T06:05:00
M0001,2025-09-03T09:32:00
M0001,2025-09-06T06:35:00
M0001,2025-11-26T17:41:00
M0001,2026-01-14T13:37:00
M0001,2026-01-15T18:55:00
M0001,2026-01-18T14:26:00
M0001,2026-03-03T18:51:00
M0001,2026-04-15T17:27:00
M0001,2026-04-15T18:21:00
M0001,2026-04-16T10:09:00
M0001,2026-04-28T07:24:00
M0001,2026-06-09T11:54:00
M0001,2026-07-09T15:16:00
M0001,2026-07-17T14:07:00
M0001,2026-07-20T06:46:00
M0001,2026-07-31T07:35:00
M0001,2026-08-06T19:40:00
M0001,2026-09-05T20:55:00
M0002,2025-06-01T10:29:00
M0002,2025-06-24T19:23:00
M0002,2025-06-27T11:22:00
M0002,2025-08-29T16:17:00
M0002,2025-09-16T20:43:00
M0002,2025-10-14T07:38:00
M0002,2025-10-14T08:34:00
M0002,2025-10-21T09:10:00
M0002,2025-11-02T12:17:00
M0002,2025-11-11T17:35:00
M0002,2025-12-12T16:20:00
M0002,2026-02-04T18:49:00
M0002,2026-02-26T09:52:00
M0002,2026-02-26T18:20:00
M0002,2026-05-03T10:04:00
M0002,2026-05-22T20:36:00
M0002,2026-06-09T11:13:00
M0002,2026-07-28T13:25:00
M0003,2025-09-21T09:08:00
M0003,2025-09-30T13:05:00
M0003,2025-10-17T08:40:00
M0003,2025-10-23T06:55:00
M0003,2025-10-25T18:43:00
M0003,2025-10-27T15:04:00
M0003,2025-11-03T12:38:00
M0003,2025-11-17T14:16:00
M0003,2025-11-18T19:00:00
M0003,2025-11-19T17:07:00
M0003,2025-11-30T12:10:00
M0003,2025-12-03T11:07:00
M0003,2025-12-03T20:34:00
M0003,2025-12-04T10:49:00
M0003,2025-12-22T06:46:00
M0003,2025-12-24T10:32:00
M0003,2026-01-08T08:32:00
M0003,2026-01-16T19:40:00
M0003,2026-01-25T19:40:00
M0003,2026-02-03T15:12:00
M0003,2026-02-14T11:48:00
M0003,2026-02-14T14:49:00
M0003,2026-02-24T20:00:00
M0003,2026-03-31T11:31:00
M0003,2026-04-03T07:59:00
M0003,2026-04-05T20:53:00
M0003,2026-04-09T10:15:00
M0003,2026-04-10T09:56:00
M0003,2026-04-28T07:05:00
M0003,2026-05-13T13:52:00
M0003,2026-05-15T18:34:00
M0003,2026-05-20T13:35:00
M0003,2026-05-21T08:08:00
M0003,2026-05-30T10:33:00
M0003,2026-06-06T20:34:00
M0003,2026-06-11T15:27:00
M0003,2026-06-11T17:44:00
M0003,2026-06-20T17:19:00
M0003,2026-07-05T13:57:00
M0003,2026-07-06T16:41:00
M0003,2026-07-14T13:07:00
M0003,2026-07-18T09:04:00
M0003,2026-07-19T06:37:00
M0003,2026-07-25T06:04:00
M0003,2026-07-28T09:37:00
M0003,2026-08-01T07:57:00
M0003,2026-08-05T16:03:00
M0003,2026-08-14T14:15:00
M0003,2026-08-14T19:21:00
M0003,2026-08-15T14:08:00
M0003,2026-08-16T16:31:00
M0003,2026-08-26T20:56:00
M0003,2026-08-29T18:30:00
M0003,2026-09-01T15:30:00
M0003,2026-09-10T12:12:00
M0004,2025-10-25T12:46:00
M0004,2025-10-27T18:55:00
M0004,2025-11-01T09:12:00
M0004,2025-11-16T12:11:00
M0004,2025-11-16T14:28:00
M0004,2025-11-24T13:15:00
M0004,2025-11-28T20:04:00
M0004,2025-12-02T18:55:00
M0004,2025-12-13T16:34:00
M0004,2025-12-14T12:31:00
M0004,2025-12-19T06:05:00
M0004,2025-12-19T14:06:00
M0004,2025-12-19T19:15:00
M0004,2025-12-23T09:55:00
M0004,2025-12-23T20:03:00
M0004,2025-12-28T12:00:00
M0004,2026-01-12T12:44:00
M0004,2026-01-13T10:59:00
M0004,2026-01-15T18:35:00
M0004,2026-01-16T18:29:00
M0004,2026-01-22T17:31:00
M0004,2026-01-25T06:37:00
M0004,2026-01-25T09:18:00
M0004,2026-01-29T14:03:00
M0004,2026-01-31T15:30:00
M0004,2026-02-04T08:03:00
M0004,2026-02-04T20:54:00
M0004,2026-02-05T11:03:00
M0004,2026-02-11T07:54:00
M0004,2026-02-15T07:38:00
M0004,2026-03-14T16:55:00
M0004,2026-03-15T12:07:00
M0004,2026-03-18T09:37:00
M0004,2026-03-21T12:42:00
M0004,2026-03-25T06:39:00
M0004,2026-03-30T20:16:00
M0004,2026-04-01T15:33:00
M0004,2026-04-05T16:45:00
M0004,2026-04-13T09:16:00
M0004,2026-04-14T08:42:00
M0004,2026-04-16T10:29:00
M0004,2026-04-20T20:48:00
M0004,2026-05-02T06:29:00
M0004,2026-05-09T14:13:00
M0004,2026-05-11T20:04:00
M0004,2026-05-13T10:08:00
M0004,2026-05-13T15:06:00
M0004,2026-05-17T11:18:00
M0004,2026-05-17T13:53:00
M0004,2026-05-20T17:19:00
M0004,2026-05-27T06:42:00
M0004,2026-05-27T18:41:00
M0004,2026-05-29T14:19:00
M0004,2026-06-25T07:56:00
M0004,2026-06-27T17:35:00
M0004,2026-06-28T10:07:00
M0004,2026-07-05T10:18:00
M0004,2026-07-08T09:45:00
M0004,2026-07-13T09:43:00
M0004,2026-07-15T13:16:00
M0004,2026-07-16T12:53:00
M0004,2026-07-16T19:16:00
M0004,2026-07-17T06:05:00
M0004,2026-07-20T06:00:00
M0004,2026-07-20T18:08:00
M0004,2026-07-25T07:04:00
M0004,2026-07-30T10:10:00
M0004,2026-07-30T12:35:00
M0004,2026-07-30T13:35:00
M0004,2026-08-01T10:23:00
M0004,2026-08-02T12:08:00
M0004,2026-08-03T15:35:00
M0004,2026-08-05T06:53:00
M0004,2026-08-06T20:09:00
M0004,2026-08-09T16:06:00
M0004,2026-08-10T09:43:00
M0004,2026-08-10T18:35:00
M0004,2026-08-14T19:02:00
M0004,2026-08-21T12:39:00
M0004,2026-08-27T08:59:00
M0004,2026-08-30T19:10:00
M0004,2026-09-01T06:11:00
M0004,2026-09-03T20:21:00
M0004,2026-09-04T18:11:00
M0004,2026-09-11T16:55:00
M0004,2026-09-11T20:26:00
M0005,2025-12-02T06:42:00
M0005,2025-12-02T12:21:00
M0005,2025-12-03T10:52:00
M0005,2025-12-07T19:14:00
M0005,2025-12-10T19:04:00
M0005,2025-12-13T14:25:00
M0005,2025-12-13T19:34:00
M0005,2025-12-14T10:22:00
M0005,2025-12-17T06:06:00
M0005,2025-12-17T06:07:00
M0005,2025-12-17T08:37:00
M0005,2025-12-26T12:22:00
M0005,2025-12-27T18:20:00
M0005,2025-12-29T12:57:00
M0005,2026-01-01T15:32:00
M0005,2026-01-02T09:16:00
M0005,2026-01-05T14:59:00
M0005,2026-01-05T17:27:00
M0005,2026-01-07T15:20:00
M0005,2026-01-08T07:42:00
M0005,2026-01-10T09:23:00
M0005,2026-01-10T17:47:00
M0005,2026-01-10T19:07:00
M0005,2026-01-11T14:43:00
M0005,2026-01-15T11:25:00
M0005,2026-01-16T10:42:00
M0005,2026-01-17T10:35:00
M0005,2026-01-17T20:19:00
M0005,2026-01-20T09:26:00
M0005,2026-01-31T12:43:00
M0005,2026-01-31T20:11:00
M0005,2026-02-02T10:18:00
M0005,2026-02-03T12:50:00
M0005,2026-02-05T14:53:00
M0005,2026-02-06T15:19:00
M0005,2026-02-06T15:41:00
M0005,2026-02-11T13:28:00
M0005,2026-02-12T16:13:00
M0005,2026-02-13T13:50:00
M0005,2026-02-15T17:10:00
M0005,2026-02-20T11:05:00
M0005,2026-02-20T16:40:00
M0005,2026-02-21T07:18:00
M0005,2026-02-23T06:15:00
M0005,2026-02-28T10:14:00
M0005,2026-03-01T09:09:00
M0005,2026-03-01T18:15:00
M0005,2026-03-05T09:09:00
M0005,2026-03-05T15:54:00
M0005,2026-03-05T20:40:00
M0005,2026-03-06T09:45:00
M0005,2026-03-07T12:31:00
M0005,2026-03-08T07:29:00
M0005,2026-03-09T18:27:00
M0005,2026-03-10T08:51:00
M0005,2026-03-14T14:29:00
M0005,2026-03-14T17:00:00
M0005,2026-03-15T19:49:00
M0005,2026-03-16T14:15:00
M0005,2026-03-17T18:29:00
M0005,2026-03-22T07:29:00
M0005,2026-03-26T15:52:00
M0005,2026-03-26T19:58:00
M0005,2026-03-27T11:48:00
M0005,2026-03-28T14:35:00
M0005,2026-03-28T20:32:00
M0005,2026-03-31T17:55:00
M0005,2026-04-02T07:45:00
M0005,2026-04-02T13:16:00
M0005,2026-04-03T13:57:00
M0005,2026-04-04T09:17:00
M0005,2026-04-04T10:49:00
M0005,2026-04-05T09:53:00
M0005,2026-04-05T14:31:00
M0005,2026-04-08T09:17:00
M0005,2026-04-08T11:57:00
M0005,2026-04-10T07:08:00
M0005,2026-04-14T07:26:00
M0005,2026-04-14T09:24:00
M0005,2026-04-16T11:34:00
M0005,2026-04-16T12:03:00
M0005,2026-04-18T08:45:00
M0005,2026-04-20T11:19:00
M0005,2026-04-21T19:26:00
M0005,2026-04-23T20:49:00
M0005,2026-04-24T12:30:00
M0005,2026-04-24T17:01:00
M0005,2026-04-26T20:48:00
M0005,2026-04-27T12:21:00
M0005,2026-04-28T13:14:00
M0005,2026-04-29T12:31:00
M0005,2026-04-30T17:10:00
M0005,2026-05-02T16:51:00
M0005,2026-05-02T17:34:00
M0005,2026-05-03T12:34:00
M0005,2026-05-03T12:54:00
M0005,2026-05-03T13:58:00
M0005,2026-05-03T15:57:00
M0005,2026-05-04T07:41:00
M0005,2026-05-04T20:25:00
M0005,2026-05-05T15:34:00
M0005,2026-05-07T08:55:00
M0005,2026-05-08T15:42:00
M0005,2026-05-12T13:20:00
M0005,2026-05-13T12:20:00
M0005,2026-05-13T18:56:00
M0005,2026-05-14T08:03:00
M0005,2026-05-18T11:14:00
M0005,2026-05-18T17:34:00
M0005,2026-05-21T10:48:00
M0005,2026-05-24T07:30:00
M0005,2026-05-24T12:16:00
M0005,2026-05-30T07:49:00
M0005,2026-06-01T09:12:00
M0005,2026-06-06T06:48:00
M0005,2026-06-07T06:39:00
M0005,2026-06-16T09:08:00
M0005,2026-06-17T08:38:00
M0005,2026-06-18T16:07:00
M0005,2026-06-19T09:29:00
M0005,2026-06-20T10:49:00
M0005,2026-06-22T18:52:00
M0005,2026-06-23T10:06:00
M0005,2026-06-24T15:43:00
M0005,2026-06-25T12:45:00
M0005,2026-06-26T06:59:00
M0005,2026-06-26T17:45:00
M0005,2026-06-29T18:36:00
M0005,2026-06-30T07:37:00
M0005,2026-06-30T07:44:00
M0005,2026-07-04T15:51:00
M0005,2026-07-04T19:40:00
M0005,2026-07-05T10:54:00
M0005,2026-07-10T12:42:00
M0005,2026-07-12T06:22:00
M0005,2026-07-15T07:32:00
M0005,2026-07-25T11:00:00
M0005,2026-07-29T16:57:00
M0005,2026-07-30T07:27:00
M0005,2026-08-02T12:52:00
M0005,2026-08-02T13:45:00
M0005,2026-08-04T12:11:00
M0005,2026-08-08T14:41:00
M0005,2026-08-12T15:51:00
M0005,2026-08-20T12:52:00
M0005,2026-08-21T18:30:00
M0005,2026-08-26T19:15:00
M0005,2026-08-29T15:17:00
M0005,2026-09-01T18:29:00
M0005,2026-09-02T20:28:00
M0005,2026-09-06T20:05:00
M0005,2026-09-08T13:13:00
M0005,2026-09-09T18:16:00
M0005,2026-09-10T11:01:00
M0005,2026-09-10T19:20:00
M0005,2026-09-11T15:42:00
M0006,2025-09-20T14:48:00
M0006,2025-09-25T17:30:00
M0006,2025-10-04T18:01:00
M0006,2025-10-06T17:31:00
M0006,2025-10-15T10:14:00
M0006,2025-10-18T17:15:00
M0006,2025-10-24T16:37:00
M0006,2025-10-31T13:35:00
M0006,2025-11-23T11:27:00
M0006,2025-12-26T10:16:00
M0006,2025-12-26T17:29:00
M0006,2025-12-29T14:21:00
M0006,2026-01-01T07:46:00
M0006,2026-01-08T11:07:00
M0006,2026-01-19T14:48:00
M0006,2026-02-09T08:12:00
M0006,2026-02-12T17:30:00
M0006,2026-02-20T17:37:00
M0006,2026-02-24T14:38:00
M0006,2026-04-17T07:53:00
M0006,2026-04-23T10:14:00
M0006,2026-05-01T08:19:00
M0006,2026-05-06T14:18:00
M0006,2026-05-06T17:34:00
M0006,2026-05-07T10:02:00
M0006,2026-05-27T19:00:00
M0006,2026-06-01T08:40:00
M0006,2026-06-02T18:31:00
M0006,2026-06-14T10:30:00
M0006,2026-06-27T13:21:00
M0006,2026-07-16T06:16:00
M0006,2026-07-28T13:07:00
M0006,2026-08-04T07:25:00
M0006,2026-08-15T07:36:00
M0006,2026-08-31T16:03:00
M0006,2026-09-03T08:51:00
M0006,2026-09-10T07:35:00
M0007,2025-12-16T15:47:00
M0007,2025-12-16T18:13:00
M0007,2025-12-18T15:39:00
M0007,2025-12-28T07:10:00
M0007,2025-12-28T09:16:00
M0007,2026-01-07T08:35:00
M0007,2026-01-13T08:00:00
M0007,2026-01-23T13:44:00
M0007,2026-02-14T13:18:00
M0007,2026-03-03T09:18:00
M0007,2026-03-15T10:44:00
M0007,2026-04-13T13:04:00
M0007,2026-04-26T09:59:00
M0007,2026-05-07T18:50:00
M0007,2026-05-24T15:42:00
M0007,2026-06-15T20:12:00
M0007,2026-06-24T16:09:00
M0007,2026-06-26T07:34:00
M0007,2026-07-16T19:09:00
M0007,2026-07-28T06:10:00
M0007,2026-08-03T10:38:00
M0007,2026-08-09T19:36:00
M0007,2026-08-13T13:07:00
M0007,2026-08-28T17:19:00
M0008,2025-11-09T15:01:00
M0008,2025-11-10T19:55:00
M0008,2025-11-11T16:52:00
M0008,2025-11-13T15:27:00
M0008,2025-11-14T15:02:00
M0008,2025-11-15T14:41:00
M0008,2025-11-15T20:17:00
M0008,2025-11-18T18:11:00
M0008,2025-11-19T13:22:00
M0008,2025-11-22T11:20:00
M0008,2025-11-24T19:31:00
M0008,2025-11-27T11:26:00
M0008,2025-11-28T11:07:00
M0008,2025-11-29T07:20:00
M0008,2025-12-01T07:54:00
M0008,2025-12-01T12:52:00
M0008,2025-12-01T13:18:00
M0008,2025-12-02T12:55:00
M0008,2025-12-02T14:02:00
M0008,2025-12-04T14:23:00
M0008,2025-12-06T12:03:00
M0008,2025-12-07T18:31:00
M0008,2025-12-07T19:00:00
M0008,2025-12-08T19:34:00
M0008,2025-12-10T09:17:00
M0008,2025-12-10T16:38:00
M0008,2025-12-12T13:56:00
M0008,2025-12-14T08:59:00
M0008,2025-12-15T13:07:00
M0008,2025-12-15T13:48:00
M0008,2025-12-16T09:45:00
M0008,2025-12-17T14:26:00
M0008,2025-12-18T10:35:00
M0008,2025-12-31T09:53:00
M0008,2025-12-31T13:07:00
M0008,2026-01-02T14:45:00
M0008,2026-01-03T20:45:00
M0008,2026-01-05T19:09:00
M0008,2026-01-09T12:53:00
M0008,2026-01-10T09:58:00
M0008,2026-01-10T13:15:00
M0008,2026-01-10T14:09:00
M0008,2026-01-15T19:04:00
M0008,2026-01-16T18:50:00
M0008,2026-01-18T14:47:00
M0008,2026-01-20T12:21:00
M0008,2026-01-27T06:18:00
M0008,2026-01-27T14:17:00
M0008,2026-01-31T19:09:00
M0008,2026-02-01T15:42:00
M0008,2026-02-02T10:53:00
M0008,2026-02-06T11:35:00
M0008,2026-02-07T14:30:00
M0008,2026-02-10T14:24:00
M0008,2026-02-12T15:24:00
M0008,2026-02-14T20:20:00
M0008,2026-02-17T09:44:00
M0008,2026-02-19T19:49:00
M0008,2026-02-21T06:20:00
M0008,2026-02-23T13:45:00
M0008,2026-03-02T18:52:00
M0008,2026-03-03T12:24:00
M0008,2026-03-04T08:32:00
M0008,2026-03-04T19:54:00
M0008,2026-03-07T06:46:00
M0008,2026-03-07T07:33:00
M0008,2026-03-08T11:55:00
M0008,2026-03-09T08:31:00
M0008,2026-03-12T12:55:00
M0008,2026-03-13T15:44:00
M0008,2026-03-14T18:16:00
M0008,2026-03-16T08:04:00
M0008,2026-03-21T16:05:00
M0008,2026-03-24T11:54:00
M0008,2026-03-28T11:40:00
M0008,2026-03-30T19:34:00
M0008,2026-03-30T20:48:00
M0008,2026-04-01T15:04:00
M0008,2026-04-02T16:43:00
M0008,2026-04-04T19:34:00
M0008,2026-04-08T12:06:00
M0008,2026-04-10T09:47:00
M0008,2026-04-21T07:28:00
M0008,2026-04-21T16:45:00
M0008,2026-04-22T06:20:00
M0008,2026-04-23T09:33:00
M0008,2026-04-23T17:19:00
M0008,2026-04-24T11:27:00
M0008,2026-04-25T15:43:00
M0008,2026-04-28T06:18:00
M0008,2026-04-30T07:39:00
M0008,2026-05-05T08:10:00
M0008,2026-05-12T12:39:00
M0008,2026-05-18T09:31:00
M0008,2026-05-20T20:51:00
M0008,2026-05-23T10:42:00
M0008,2026-05-23T16:16:00
M0008,2026-05-23T20:18:00
M0008,2026-05-24T08:14:00
M0008,2026-05-27T13:22:00
M0008,2026-05-30T17:16:00
M0008,2026-05-31T10:40:00
M0008,2026-06-01T14:10:00
M0008,2026-06-04T12:54:00
M0008,2026-06-06T07:15:00
M0008,2026-06-06T15:22:00
M0008,2026-06-06T19:19:00
M0008,2026-06-07T10:44:00
M0008,2026-06-10T15:55:00
M0008,2026-06-10T20:38:00
M0008,2026-06-12T06:53:00
M0008,2026-06-15T12:17:00
M0008,2026-06-15T18:47:00
M0008,2026-06-18T15:51:00
M0008,2026-06-19T09:40:00
M0008,2026-06-19T18:51:00
M0008,2026-06-22T13:53:00
M0008,2026-06-24T20:40:00
M0008,2026-06-25T15:16:00
M0008,2026-06-29T18:46:00
M0008,2026-06-30T08:40:00
M0008,2026-06-30T16:43:00
M0008,2026-07-05T11:46:00
M0008,2026-07-06T06:19:00
M0008,2026-07-07T13:02:00
M0008,2026-07-09T07:58:00
M0008,2026-07-09T18:34:00
M0008,2026-07-10T11:47:00
M0008,2026-07-11T08:12:00
M0008,2026-07-17T14:32:00
M0008,2026-07-17T19:10:00
M0008,2026-07-17T20:52:00
M0008,2026-07-18T18:18:00
M0008,2026-07-20T19:21:00
M0008,2026-07-21T07:29:00
M0008,2026-07-22T08:48:00
M0008,2026-07-23T19:43:00
M0008,2026-07-27T16:25:00
M0008,2026-07-28T18:35:00
M0008,2026-07-31T07:50:00
M0008,2026-08-01T06:16:00
M0008,2026-08-07T16:47:00
M0008,2026-08-09T07:29:00
M0008,2026-08-10T10:37:00
M0008,2026-08-13T13:01:00
M0008,2026-08-14T07:43:00
M0008,2026-08-14T20:39:00
M0008,2026-08-15T19:40:00
M0008,2026-08-16T20:35:00
M0008,2026-08-20T16:04:00
M0008,2026-08-24T10:41:00
M0008,2026-08-24T19:29:00
M0008,2026-08-26T06:19:00
M0008,2026-08-29T07:08:00
M0008,2026-09-03T12:29:00
M0008,2026-09-03T20:34:00
M0008,2026-09-04T16:47:00
M0008,2026-09-05T07:06:00
M0008,2026-09-10T20:26:00
M0009,2025-06-26T16:23:00
M0009,2025-07-07T20:41:00
M0009,2025-07-19T06:25:00
M0009,2025-07-26T09:07:00
M0009,2025-07-30T19:29:00
M0009,2025-07-31T06:50:00
M0009,2025-07-31T16:13:00
M0009,2025-08-02T09:08:00
M0009,2025-08-05T16:38:00
M0009,2025-08-07T19:48:00
M0009,2025-08-13T15:13:00
M0009,2025-08-18T09:37:00
M0009,2025-08-22T11:49:00
M0009,2025-08-22T19:55:00
M0009,2025-08-29T18:57:00
M0009,2025-09-01T06:17:00
M0009,2025-09-08T10:51:00
M0009,2025-09-10T08:08:00
M0009,2025-09-12T07:42:00
M0009,2025-09-18T11:50:00
M0009,2025-09-20T06:08:00
M0009,2025-09-20T06:11:00
M0009,2025-09-23T12:33:00
M0009,2025-09-24T06:08:00
M0009,2025-09-24T09:37:00
M0009,2025-09-25T17:04:00
M0009,2025-10-05T13:49:00
M0009,2025-10-25T14:37:00
M0009,2025-10-30T13:32:00
M0009,2025-11-07T15:02:00
M0009,2025-11-18T18:58:00
M0009,2025-11-20T06:30:00
M0009,2025-11-22T13:41:00
M0009,2025-11-26T16:33:00
M0009,2025-12-10T12:27:00
M0009,2025-12-11T08:17:00
M0009,2025-12-11T20:05:00
M0009,2025-12-13T15:09:00
M0009,2025-12-16T07:31:00
M0009,2025-12-16T20:28:00
M0009,2025-12-22T16:37:00
M0009,2025-12-22T17:20:00
M0009,2025-12-27T13:32:00
M0009,2025-12-28T15:33:00
M0009,2025-12-29T12:06:00
M0009,2025-12-31T17:07:00
M0009,2026-01-07T14:46:00
M0009,2026-01-07T16:41:00
M0009,2026-01-21T09:27:00
M0009,2026-01-25T20:14:00
M0009,2026-02-15T11:52:00
M0009,2026-02-15T12:26:00
M0009,2026-02-24T07:20:00
M0009,2026-02-28T11:09:00
M0009,2026-03-01T11:42:00
M0009,2026-03-05T07:27:00
M0009,2026-03-05T07:53:00
M0009,2026-03-10T20:30:00
M0009,2026-03-12T17:47:00
M0009,2026-03-21T18:08:00
M0009,2026-03-30T06:37:00
M0009,2026-03-30T14:21:00
M0009,2026-03-31T07:26:00
M0009,2026-05-02T19:42:00
M0009,2026-05-14T15:32:00
M0009,2026-05-18T10:22:00
M0009,2026-05-19T06:18:00
M0009,2026-05-20T12:55:00
M0009,2026-05-22T08:42:00
M0009,2026-05-24T09:54:00
M0009,2026-06-04T11:54:00
M0009,2026-06-22T11:07:00
M0009,2026-06-24T10:36:00
M0009,2026-07-03T18:27:00
M0009,2026-07-16T15:59:00
M0009,2026-07-21T16:35:00
M0009,2026-07-21T19:44:00
M0009,2026-07-22T14:49:00
M0009,2026-07-22T15:39:00
M0009,2026-08-01T06:11:00
M0009,2026-08-15T17:48:00
M0009,2026-08-15T20:21:00
M0009,2026-08-29T06:11:00
M0009,2026-09-08T12:04:00
M0009,2026-09-09T08:36:00
M0009,2026-09-10T07:47:00
M0009,2026-09-11T17:40:00
M0010,2025-12-07T08:10:00
M0010,2025-12-17T16:27:00
M0010,2025-12-19T07:17:00
M0010,2025-12-20T15:03:00
M0010,2025-12-24T10:13:00
M0010,2025-12-24T15:28:00
M0010,2025-12-27T14:07:00
M0010,2025-12-30T12:07:00
M0010,2025-12-30T16:43:00
M0010,2026-01-15T13:33:00
M0010,2026-01-16T10:02:00
M0010,2026-01-19T12:38:00
M0010,2026-02-01T06:13:00
M0010,2026-02-09T18:16:00
M0010,2026-02-10T09:49:00
M0010,2026-03-01T13:47:00
M0010,2026-03-03T11:07:00
M0010,2026-03-18T08:08:00
M0010,2026-03-25T14:45:00
M0010,2026-03-30T14:35:00
M0010,2026-04-04T16:51:00
M0010,2026-04-14T07:25:00
M0010,2026-04-18T17:02:00
M0010,2026-04-19T19:20:00
M0010,2026-04-22T06:29:00
M0010,2026-05-07T12:36:00
M0010,2026-05-13T17:40:00
M0010,2026-05-20T10:07:00
M0010,2026-05-25T18:39:00
M0010,2026-05-26T07:27:00
M0010,2026-05-27T06:20:00
M0010,2026-05-27T19:44:00
M0010,2026-06-06T07:15:00
M0010,2026-06-24T15:25:00
M0010,2026-07-02T07:25:00
M0010,2026-07-14T09:21:00
M0010,2026-07-18T10:47:00
M0010,2026-07-30T16:07:00
M0010,2026-08-01T08:04:00
M0010,2026-08-13T14:12:00
M0010,2026-08-15T11:22:00
M0010,2026-08-21T19:41:00
M0010,2026-08-23T08:16:00
M0010,2026-08-29T08:15:00
M0010,2026-08-31T08:38:00
M0011,2025-10-21T13:04:00
M0011,2025-10-23T13:40:00
M0011,2025-10-26T16:20:00
M0011,2025-10-27T11:53:00
M0011,2025-10-29T18:17:00
M0011,2025-10-30T13:02:00
M0011,2025-10-31T06:22:00
M0011,2025-10-31T07:19:00
M0011,2025-11-03T13:58:00
M0011,2025-11-05T07:41:00
M0011,2025-11-06T13:37:00
M0011,2025-11-07T15:32:00
M0011,2025-11-07T18:47:00
M0011,2025-11-09T19:05:00
M0011,2025-11-17T13:06:00
M0011,2025-11-18T11:38:00
M0011,2025-11-20T14:09:00
M0011,2025-11-23T15:41:00
M0011,2025-11-26T17:05:00
M0011,2025-11-30T20:53:00
M0011,2025-12-01T09:45:00
M0011,2025-12-05T16:11:00
M0011,2025-12-10T11:58:00
M0011,2025-12-11T13:33:00
M0011,2025-12-12T15:10:00
M0011,2025-12-17T12:26:00
M0011,2025-12-28T11:43:00
M0011,2025-12-29T11:06:00
M0011,2025-12-31T10:46:00
M0011,2026-01-02T06:50:00
M0011,2026-01-02T16:24:00
M0011,2026-01-03T16:21:00
M0011,2026-01-04T16:58:00
M0011,2026-01-07T07:37:00
M0011,2026-01-09T19:09:00
M0011,2026-01-13T15:45:00
M0011,2026-01-14T10:41:00
M0011,2026-01-17T08:58:00
M0011,2026-01-17T16:25:00
M0011,2026-01-19T10:35:00
M0011,2026-01-28T19:08:00
M0011,2026-01-29T16:50:00
M0011,2026-02-07T17:53:00
M0011,2026-02-14T16:58:00
M0011,2026-02-18T06:23:00
M0011,2026-02-18T08:13:00
M0011,2026-02-20T07:41:00
M0011,2026-02-21T12:32:00
M0011,2026-02-25T18:31:00
M0011,2026-03-03T07:18:00
M0011,2026-03-03T09:08:00
M0011,2026-03-13T18:34:00
M0011,2026-03-15T18:06:00
M0011,2026-03-17T19:44:00
M0011,2026-03-18T20:49:00
M0011,2026-03-19T08:10:00
M0011,2026-03-20T06:42:00
M0011,2026-03-20T08:38:00
M0011,2026-03-22T17:56:00
M0011,2026-03-23T12:23:00
M0011,2026-03-24T17:28:00
M0011,2026-03-26T09:34:00
M0011,2026-03-26T15:18:00
M0011,2026-03-28T17:15:00
M0011,2026-03-29T15:51:00
M0011,2026-03-29T17:50:00
M0011,2026-03-31T10:51:00
M0011,2026-04-12T09:23:00
M0011,2026-04-12T13:57:00
M0011,2026-04-16T18:18:00
M0011,2026-04-17T12:10:00
M0011,2026-04-18T15:28:00
M0011,2026-04-19T12:32:00
M0011,2026-04-22T06:41:00
M0011,2026-04-23T19:23:00
M0011,2026-04-24T08:55:00
M0011,2026-04-24T20:06:00
M0011,2026-04-25T19:33:00
M0011,2026-04-26T09:51:00
M0011,2026-04-27T18:10:00
M0011,2026-05-03T07:18:00
M0011,2026-05-12T19:28:00
M0011,2026-05-13T13:57:00
M0011,2026-05-13T20:01:00
M0011,2026-05-14T07:58:00
M0011,2026-05-15T08:53:00
M0011,2026-05-21T06:25:00
M0011,2026-05-21T07:23:00
M0011,2026-05-22T11:15:00
M0011,2026-05-25T19:45:00
M0011,2026-05-26T06:20:00
M0011,2026-05-26T08:02:00
M0011,2026-05-26T18:45:00
M0011,2026-05-27T20:53:00
M0011,2026-05-28T17:53:00
M0011,2026-05-30T11:50:00
M0011,2026-06-01T10:13:00
M0011,2026-06-01T20:05:00
M0011,2026-06-04T13:39:00
M0011,2026-06-11T07:49:00
M0011,2026-06-13T15:33:00
M0011,2026-06-14T08:35:00
M0011,2026-06-15T06:15:00
M0011,2026-06-17T09:19:00
M0011,2026-06-18T16:50:00
M0011,2026-06-22T16:32:00
M0011,2026-06-22T19:57:00
M0011,2026-06-25T15:34:00
M0011,2026-06-26T13:04:00
M0011,2026-06-29T15:22:00
M0011,2026-06-30T10:27:00
M0011,2026-06-30T15:26:00
M0011,2026-06-30T16:42:00
M0011,2026-07-03T09:45:00
M0011,2026-07-06T14:23:00
M0011,2026-07-06T14:34:00
M0011,2026-07-10T06:24:00
M0011,2026-07-10T18:32:00
M0011,2026-07-15T17:01:00
M0011,2026-07-15T18:04:00
M0011,2026-07-18T12:23:00
M0011,2026-07-19T13:02:00
M0011,2026-07-22T09:46:00
M0011,2026-07-27T11:34:00
M0011,2026-08-01T16:06:00
M0011,2026-08-02T11:08:00
M0011,2026-08-02T15:47:00
M0011,2026-08-04T19:49:00
M0011,2026-08-05T19:41:00
M0011,2026-08-08T13:44:00
M0011,2026-08-17T10:12:00
M0011,2026-08-17T11:59:00
M0011,2026-08-17T18:12:00
M0011,2026-08-19T14:25:00
M0011,2026-08-20T16:11:00
M0011,2026-08-22T18:29:00
M0011,2026-08-23T08:04:00
M0011,2026-08-30T14:30:00
M0011,2026-09-02T06:48:00
M0012,2025-05-03T08:31:00
M0012,2025-05-06T13:23:00
M0012,2025-05-11T07:27:00
M0012,2025-05-14T07:46:00
M0012,2025-05-14T14:17:00
M0012,2025-05-15T07:20:00
M0012,2025-05-18T15:45:00
M0012,2025-05-19T10:20:00
M0012,2025-05-19T19:11:00
M0012,2025-05-20T10:19:00
M0012,2025-05-25T08:44:00
M0012,2025-06-05T17:55:00
M0012,2025-06-08T11:28:00
M0012,2025-06-14T15:27:00
M0012,2025-06-14T16:50:00
M0012,2025-06-19T07:42:00
M0012,2025-06-23T18:47:00
M0012,2025-06-24T12:23:00
M0012,2025-06-26T08:04:00
M0012,2025-06-27T18:41:00
M0012,2025-06-27T19:38:00
M0012,2025-06-28T11:24:00
M0012,2025-07-01T08:01:00
M0012,2025-07-01T18:28:00
M0012,2025-07-07T06:38:00
M0012,2025-07-11T16:28:00
M0012,2025-07-12T11:28:00
M0012,2025-07-16T07:36:00
M0012,2025-07-18T14:23:00
M0012,2025-07-19T09:07:00
M0012,2025-07-20T11:41:00
M0012,2025-07-24T17:11:00
M0012,2025-07-27T14:24:00
M0012,2025-08-02T17:58:00
M0012,2025-08-03T09:07:00
M0012,2025-08-03T09:39:00
M0012,2025-08-04T07:16:00
M0012,2025-08-06T10:45:00
M0012,2025-08-08T19:04:00
M0012,2025-08-10T08:57:00
M0012,2025-08-12T13:05:00
M0012,2025-08-16T16:22:00
M0012,2025-08-16T19:10:00
M0012,2025-08-18T10:57:00
M0012,2025-08-19T07:35:00
M0012,2025-08-20T16:54:00
M0012,2025-08-26T17:59:00
M0012,2025-09-02T16:11:00
M0012,2025-09-03T11:32:00
M0012,2025-09-05T07:12:00
M0012,2025-09-10T08:15:00
M0012,2025-09-10T13:01:00
M0012,2025-09-13T14:36:00
M0012,2025-09-25T07:19:00
M0012,2025-09-27T13:51:00
M0012,2025-09-28T17:46:00
M0012,2025-09-29T08:39:00
M0012,2025-10-05T14:26:00
M0012,2025-10-06T07:08:00
M0012,2025-10-08T12:52:00
M0012,2025-10-11T16:04:00
M0012,2025-10-12T13:43:00
M0012,2025-10-20T11:08:00
M0012,2025-10-20T20:55:00
M0012,2025-10-21T15:11:00
M0012,2025-10-22T08:27:00
M0012,2025-10-22T18:35:00
M0012,2025-10-23T19:07:00
M0012,2025-11-03T08:19:00
M0012,2025-11-07T08:20:00
M0012,2025-11-10T20:18:00
M0012,2025-11-11T09:22:00
M0012,2025-11-12T07:16:00
M0012,2025-11-14T16:35:00
M0012,2025-11-15T08:40:00
M0012,2025-11-20T14:41:00
M0012,2025-11-22T15:34:00
M0012,2025-11-28T08:42:00
M0012,2025-11-28T15:37:00
M0012,2025-12-01T17:57:00
M0012,2025-12-08T06:52:00
M0012,2025-12-08T11:53:00
M0012,2025-12-10T06:05:00
M0012,2025-12-11T16:49:00
M0012,2025-12-19T18:36:00
M0012,2025-12-22T10:41:00
M0012,2025-12-28T15:40:00
M0012,2026-01-01T13:56:00
M0012,2026-01-06T10:30:00
M0012,2026-01-06T14:18:00
M0012,2026-01-09T18:51:00
M0012,2026-01-13T12:19:00
M0012,2026-01-15T08:28:00
M0012,2026-01-16T11:38:00
M0012,2026-01-16T11:55:00
M0012,2026-01-18T07:44:00
M0012,2026-01-18T13:29:00
M0012,2026-01-27T11:46:00
M0012,2026-01-28T11:25:00
M0012,2026-01-30T18:23:00
M0012,2026-01-31T09:29:00
M0012,2026-02-02T14:06:00
M0012,2026-02-05T10:24:00
M0012,2026-02-05T10:28:00
M0012,2026-02-06T08:06:00
M0012,2026-02-18T15:26:00
M0012,2026-02-20T19:20:00
M0012,2026-02-20T19:57:00
M0012,2026-02-23T17:20:00
M0012,2026-02-27T18:10:00
M0012,2026-03-01T14:29:00
M0012,2026-03-01T20:19:00
M0012,2026-03-13T09:37:00
M0012,2026-03-15T06:05:00
M0012,2026-03-15T14:29:00
M0012,2026-03-21T06:03:00
M0012,2026-03-21T13:38:00
M0012,2026-03-22T10:34:00
M0012,2026-03-25T16:43:00
M0012,2026-03-26T19:06:00
M0012,2026-03-28T17:23:00
M0012,2026-03-29T08:56:00
M0012,2026-04-02T12:03:00
M0012,2026-04-08T12:23:00
M0012,2026-04-16T12:32:00
M0012,2026-04-18T14:18:00
M0012,2026-04-20T14:12:00
M0012,2026-05-02T19:39:00
M0012,2026-05-03T18:35:00
M0012,2026-05-12T15:07:00
M0012,2026-05-22T07:25:00
M0012,2026-05-30T18:21:00
M0012,2026-06-01T11:48:00
M0012,2026-06-04T06:02:00
M0012,2026-06-05T09:38:00
M0012,2026-06-08T12:32:00
M0012,2026-06-12T17:21:00
M0012,2026-06-14T08:38:00
M0012,2026-06-15T08:20:00
M0012,2026-06-17T13:33:00
M0012,2026-06-21T15:47:00
M0012,2026-06-22T11:10:00
M0012,2026-06-27T14:53:00
M0012,2026-07-01T10:37:00
M0012,2026-07-06T14:31:00
M0012,2026-07-07T15:19:00
M0012,2026-07-16T12:37:00
M0012,2026-07-18T11:43:00
M0012,2026-07-19T19:01:00
M0012,2026-07-25T18:57:00
M0012,2026-07-28T06:38:00
M0012,2026-07-28T19:44:00
M0012,2026-08-02T10:41:00
M0012,2026-08-03T09:46:00
M0012,2026-08-05T18:37:00
M0012,2026-08-06T15:30:00
M0012,2026-08-07T14:40:00
M0012,2026-08-11T15:49:00
M0012,2026-08-19T12:09:00
M0012,2026-08-20T09:01:00
M0012,2026-08-20T15:44:00
M0012,2026-08-26T16:15:00
M0012,2026-08-30T11:26:00
M0012,2026-09-04T12:44:00
M0012,2026-09-11T12:32:00
M0013,2025-09-15T13:58:00
M0013,2025-09-23T16:49:00
M0013,2025-09-25T11:34:00
M0013,2025-10-04T17:43:00
M0013,2025-10-10T18:44:00
M0013,2025-10-13T09:17:00
M0013,2025-10-14T15:30:00
M0013,2025-10-23T10:14:00
M0013,2025-11-18T18:18:00
M0013,2025-11-28T09:44:00
M0013,2025-11-28T13:20:00
M0013,2025-12-10T11:35:00
M0013,2025-12-13T17:17:00
M0013,2025-12-23T07:36:00
M0013,2026-02-20T14:24:00
M0013,2026-02-25T19:22:00
M0013,2026-04-04T18:09:00
M0013,2026-04-14T06:18:00
M0013,2026-05-01T07:22:00
M0013,2026-05-13T16:16:00
M0013,2026-05-18T19:34:00
M0013,2026-05-22T13:13:00
M0013,2026-06-23T20:35:00
M0013,2026-07-05T15:47:00
M0013,2026-07-10T10:08:00
M0013,2026-07-23T09:15:00
M0013,2026-08-09T16:57:00
M0013,2026-09-10T09:40:00
M0014,2026-06-15T16:59:00
M0014,2026-06-22T13:41:00
M0015,2025-07-16T19:25:00
M0015,2025-07-17T12:56:00
M0015,2025-07-22T08:59:00
M0015,2025-08-05T13:11:00
M0015,2025-08-18T19:59:00
M0015,2025-08-22T20:02:00
M0015,2025-08-27T10:36:00
M0015,2025-09-07T07:59:00
M0015,2025-09-12T10:29:00
M0015,2025-10-06T14:33:00
M0015,2025-10-11T20:08:00
M0015,2025-10-28T14:29:00
M0015,2025-11-12T11:10:00
M0015,2025-11-14T09:51:00
M0015,2025-12-08T13:41:00
M0015,2026-01-02T17:11:00
M0015,2026-01-28T17:21:00
M0015,2026-02-10T10:36:00
M0015,2026-03-09T18:12:00
M0015,2026-03-12T15:54:00
M0015,2026-03-30T20:25:00
M0015,2026-03-31T12:32:00
M0015,2026-04-03T07:25:00
M0015,2026-04-20T07:11:00
M0015,2026-04-23T13:20:00
M0015,2026-05-07T06:16:00
M0015,2026-06-06T09:28:00
M0015,2026-07-07T10:21:00
M0015,2026-07-17T15:46:00
M0015,2026-07-19T06:16:00
M0015,2026-07-27T11:44:00
M0015,2026-07-30T06:42:00
M0015,2026-08-05T13:19:00
M0015,2026-08-06T12:43:00
M0015,2026-08-16T20:57:00
M0015,2026-08-31T07:40:00
M0015,2026-08-31T18:19:00
M0016,2025-10-25T14:58:00
M0016,2025-12-11T18:34:00
M0016,2026-02-01T16:52:00
M0016,2026-05-19T18:15:00
M0016,2026-06-20T18:38:00
M0016,2026-06-21T18:05:00
M0016,2026-07-10T13:33:00
M0017,2025-04-17T11:54:00
M0017,2025-05-18T13:07:00
M0017,2025-05-26T09:45:00
M0017,2025-06-01T13:05:00
M0017,2025-06-29T13:51:00
M0017,2025-07-02T13:08:00
M0017,2025-08-24T12:29:00
M0017,2025-08-29T17:01:00
M0017,2025-08-30T16:51:00
M0017,2025-08-31T06:35:00
M0017,2025-09-06T10:52:00
M0017,2025-09-24T17:13:00
M0017,2025-11-23T07:02:00
M0017,2025-12-13T11:44:00
M0017,2025-12-24T14:03:00
M0017,2025-12-24T20:30:00
M0017,2025-12-31T10:26:00
M0017,2026-01-29T18:08:00
M0017,2026-02-17T16:46:00
M0017,2026-03-02T12:23:00
M0017,2026-03-07T13:55:00
M0017,2026-03-14T12:05:00
M0017,2026-04-20T16:55:00
M0017,2026-05-03T08:41:00
M0017,2026-05-12T11:07:00
M0017,2026-06-04T14:25:00
M0017,2026-07-05T08:46:00
M0017,2026-07-09T19:00:00
M0017,2026-07-14T06:19:00
M0017,2026-07-18T16:46:00
M0017,2026-08-08T19:14:00
M0017,2026-08-09T12:34:00
M0017,2026-08-13T13:22:00
M0017,2026-09-03T10:12:00
M0018,2025-05-18T15:02:00
M0018,2025-05-21T15:43:00
M0018,2025-05-23T19:03:00
M0018,2025-05-26T17:02:00
M0018,2025-05-28T13:14:00
M0018,2025-06-05T09:48:00
M0018,2025-06-07T18:03:00
M0018,2025-06-09T14:18:00
M0018,2025-06-09T19:58:00
M0018,2025-06-16T10:56:00
M0018,2025-06-19T15:49:00
M0018,2025-06-20T15:20:00
M0018,2025-06-20T19:20:00
M0018,2025-06-23T12:19:00
M0018,2025-06-23T16:33:00
M0018,2025-06-30T16:43:00
M0018,2025-07-01T06:35:00
M0018,2025-07-03T20:47:00
M0018,2025-07-06T11:41:00
M0018,2025-07-09T14:31:00
M0018,2025-07-18T12:50:00
M0018,2025-07-23T12:09:00
M0018,2025-07-24T11:44:00
M0018,2025-07-28T19:14:00
M0018,2025-07-29T12:11:00
M0018,2025-07-29T19:45:00
M0018,2025-08-02T14:30:00
M0018,2025-08-03T14:26:00
M0018,2025-08-04T18:29:00
M0018,2025-08-18T12:15:00
M0018,2025-08-19T09:21:00
M0018,2025-08-20T14:33:00
M0018,2025-08-22T07:59:00
M0018,2025-08-24T14:46:00
M0018,2025-08-26T12:43:00
M0018,2025-08-27T19:23:00
M0018,2025-08-28T15:02:00
M0018,2025-08-30T09:03:00
M0018,2025-09-05T16:35:00
M0018,2025-09-06T07:12:00
M0018,2025-09-06T18:37:00
M0018,2025-09-08T13:13:00
M0018,2025-09-08T20:12:00
M0018,2025-09-09T20:00:00
M0018,2025-09-13T20:21:00
M0018,2025-09-19T07:47:00
M0018,2025-09-22T14:20:00
M0018,2025-09-22T17:38:00
M0018,2025-09-26T09:25:00
M0018,2025-09-27T13:58:00
M0018,2025-10-01T14:41:00
M0018,2025-10-04T10:24:00
M0018,2025-10-07T10:16:00
M0018,2025-10-07T14:56:00
M0018,2025-10-15T13:06:00
M0018,2025-10-25T17:30:00
M0018,2025-10-27T06:16:00
M0018,2025-10-27T11:20:00
M0018,2025-10-29T06:36:00
M0018,2025-10-30T20:37:00
M0018,2025-11-01T09:47:00
M0018,2025-11-01T19:20:00
M0018,2025-11-06T17:26:00
M0018,2025-11-11T08:12:00
M0018,2025-11-11T09:24:00
M0018,2025-11-26T14:41:00
M0018,2025-11-27T19:15:00
M0018,2025-11-28T11:16:00
M0018,2025-11-29T19:31:00
M0018,2025-12-03T13:10:00
M0018,2025-12-05T16:47:00
M0018,2025-12-05T18:22:00
M0018,2025-12-08T08:46:00
M0018,2025-12-11T13:11:00
M0018,2025-12-11T16:03:00
M0018,2025-12-18T06:53:00
M0018,2025-12-19T06:48:00
M0018,2025-12-20T07:52:00
M0018,2025-12-21T12:08:00
M0018,2025-12-27T16:14:00
M0018,2025-12-28T09:32:00
M0018,2025-12-28T17:09:00
M0018,2026-01-07T11:03:00
M0018,2026-01-15T16:42:00
M0018,2026-01-15T20:30:00
M0018,2026-01-16T13:01:00
M0018,2026-01-18T14:35:00
M0018,2026-01-21T06:01:00
M0018,2026-01-22T17:17:00
M0018,2026-01-29T10:01:00
M0018,2026-01-29T19:44:00
M0018,2026-02-01T14:09:00
M0018,2026-02-02T07:58:00
M0018,2026-02-06T12:51:00
M0018,2026-02-09T09:39:00
M0018,2026-02-12T10:52:00
M0018,2026-02-17T10:50:00
M0018,2026-02-18T07:23:00
M0018,2026-02-18T13:36:00
M0018,2026-02-23T17:14:00
M0018,2026-02-24T16:52:00
M0018,2026-03-08T07:25:00
M0018,2026-03-11T06:40:00
M0018,2026-03-11T12:35:00
M0018,2026-03-14T07:41:00
M0018,2026-03-14T16:48:00
M0018,2026-03-15T13:54:00
M0018,2026-03-15T17:10:00
M0018,2026-03-18T16:50:00
M0018,2026-03-24T15:54:00
M0018,2026-03-29T09:13:00
M0018,2026-03-29T20:33:00
M0018,2026-04-04T17:56:00
M0018,2026-04-05T20:04:00
M0018,2026-04-09T13:17:00
M0018,2026-04-17T20:17:00
M0018,2026-04-19T08:59:00
M0018,2026-04-20T15:09:00
M0018,2026-04-23T15:42:00
M0018,2026-04-25T11:01:00
M0018,2026-04-26T10:10:00
M0018,2026-05-02T12:59:00
M0018,2026-05-02T19:45:00
M0018,2026-05-05T12:48:00
M0018,2026-05-07T09:36:00
M0018,2026-05-08T20:34:00
M0018,2026-05-09T19:24:00
M0018,2026-05-15T08:50:00
M0018,2026-05-21T17:22:00
M0018,2026-05-22T17:05:00
M0018,2026-05-24T07:27:00
M0018,2026-06-01T19:04:00
M0018,2026-06-02T15:49:00
M0018,2026-06-11T15:25:00
M0018,2026-06-20T11:01:00
M0018,2026-06-23T14:24:00
M0018,2026-06-24T08:43:00
M0018,2026-06-24T13:14:00
M0018,2026-06-25T16:24:00
M0018,2026-06-26T10:50:00
M0018,2026-07-05T18:39:00
M0018,2026-07-07T18:15:00
M0018,2026-07-13T17:24:00
M0018,2026-07-14T08:24:00
M0018,2026-07-17T07:05:00
M0018,2026-07-17T18:40:00
M0018,2026-07-19T06:19:00
M0018,2026-07-21T11:06:00
M0018,2026-08-02T07:22:00
M0018,2026-08-02T08:27:00
M0018,2026-08-04T07:08:00
M0018,2026-08-05T11:48:00
M0018,2026-08-05T14:35:00
M0018,2026-08-06T12:06:00
M0018,2026-08-13T07:38:00
M0018,2026-08-13T18:20:00
M0018,2026-08-18T12:24:00
M0018,2026-08-20T20:15:00
M0018,2026-08-22T07:46:00
M0018,2026-08-22T12:00:00
M0018,2026-08-27T14:10:00
M0018,2026-08-28T12:10:00
M0018,2026-08-31T10:19:00
M0018,2026-09-06T08:27:00
M0018,2026-09-08T12:19:00
M0018,2026-09-08T13:09:00
M0018,2026-09-09T18:04:00
M0019,2025-09-07T11:53:00
M0019,2025-09-29T12:51:00
M0019,2025-10-08T11:28:00
M0019,2025-10-11T12:52:00
M0019,2025-10-29T19:41:00
M0019,2025-12-06T15:44:00
M0019,2025-12-08T08:19:00
M0019,2025-12-19T13:20:00
M0019,2026-01-02T12:20:00
M0019,2026-01-17T17:44:00
M0019,2026-01-27T13:36:00
M0019,2026-02-04T09:20:00
M0019,2026-03-08T10:52:00
M0019,2026-03-11T12:23:00
M0019,2026-03-19T20:36:00
M0019,2026-03-20T15:34:00
M0019,2026-03-20T16:49:00
M0019,2026-03-30T06:46:00
M0019,2026-04-19T17:13:00
M0019,2026-05-10T18:18:00
M0019,2026-06-03T17:04:00
M0019,2026-06-24T12:43:00
M0019,2026-06-24T19:50:00
M0019,2026-07-05T08:40:00
M0019,2026-07-11T09:16:00
M0019,2026-07-14T08:45:00
M0019,2026-07-16T13:38:00
M0019,2026-07-19T18:24:00
M0019,2026-07-26T15:25:00
M0019,2026-08-03T14:59:00
M0019,2026-09-02T17:26:00
M0020,2025-08-22T16:39:00
M0020,2025-08-28T15:41:00
M0020,2025-09-02T16:25:00
M0020,2025-09-10T11:50:00
M0020,2025-09-21T07:00:00
M0020,2025-09-25T10:14:00
M0020,2025-09-29T15:44:00
M0020,2025-09-29T17:33:00
M0020,2025-10-20T09:28:00
M0020,2025-10-25T12:29:00
M0020,2025-11-05T16:37:00
M0020,2025-12-02T14:09:00
M0020,2025-12-20T06:30:00
M0020,2026-01-22T10:26:00
M0020,2026-02-12T07:53:00
M0020,2026-02-24T08:22:00
M0020,2026-03-21T11:29:00
M0020,2026-05-06T09:33:00
M0020,2026-05-17T11:30:00
M0020,2026-05-21T13:46:00
M0020,2026-05-28T10:02:00
M0020,2026-06-02T13:20:00
M0020,2026-06-10T17:07:00
M0020,2026-06-11T19:21:00
M0020,2026-07-07T07:43:00
M0020,2026-07-15T08:59:00
M0020,2026-07-17T14:10:00
M0020,2026-07-21T09:33:00
M0020,2026-09-05T14:27:00
M0020,2026-09-06T09:51:00
M0021,2026-03-13T10:48:00
M0021,2026-03-17T18:50:00
M0021,2026-03-26T15:06:00
M0021,2026-05-08T11:20:00
M0021,2026-05-08T13:07:00
M0021,2026-05-13T19:34:00
M0021,2026-05-16T16:55:00
M0021,2026-05-24T14:40:00
M0021,2026-05-30T15:24:00
M0021,2026-06-04T11:22:00
M0021,2026-06-08T12:37:00
M0021,2026-06-24T13:39:00
M0021,2026-06-26T19:43:00
M0021,2026-07-28T18:19:00
M0021,2026-08-24T15:05:00
M0021,2026-08-25T08:20:00
M0021,2026-08-27T08:23:00
M0021,2026-08-27T09:19:00
M0021,2026-09-08T08:32:00
M0022,2026-03-13T08:11:00
M0022,2026-03-13T19:28:00
M0022,2026-03-15T08:31:00
M0022,2026-03-20T06:31:00
M0022,2026-03-22T06:55:00
M0022,2026-03-26T09:52:00
M0022,2026-03-28T14:32:00
M0022,2026-04-06T13:26:00
M0022,2026-04-06T13:26:00
M0022,2026-04-06T19:28:00
M0022,2026-04-18T08:05:00
M0022,2026-04-26T06:50:00
M0022,2026-04-28T09:18:00
M0022,2026-04-29T10:14:00
M0022,2026-05-10T10:10:00
M0022,2026-05-11T18:49:00
M0022,2026-05-12T13:36:00
M0022,2026-05-20T15:07:00
M0022,2026-05-22T18:34:00
M0022,2026-05-23T14:32:00
M0022,2026-05-27T17:53:00
M0022,2026-05-31T09:27:00
M0022,2026-06-02T11:34:00
M0022,2026-06-02T17:28:00
M0022,2026-06-02T18:02:00
M0022,2026-06-15T18:15:00
M0022,2026-06-19T19:02:00
M0022,2026-07-04T10:22:00
M0022,2026-07-11T19:07:00
M0022,2026-07-14T19:05:00
M0022,2026-07-16T18:47:00
M0022,2026-07-21T18:15:00
M0022,2026-08-02T17:22:00
M0022,2026-08-03T12:10:00
M0022,2026-08-04T17:39:00
M0022,2026-08-16T08:50:00
M0022,2026-08-20T19:13:00
M0022,2026-08-28T14:17:00
M0022,2026-08-28T17:18:00
M0022,2026-08-30T14:10:00
M0022,2026-09-01T06:36:00
M0022,2026-09-04T15:17:00
M0022,2026-09-10T18:50:00
M0023,2025-06-23T07:40:00
M0023,2025-06-23T13:09:00
M0023,2025-06-24T16:17:00
M0023,2025-06-25T12:24:00
M0023,2025-06-26T19:43:00
M0023,2025-06-27T12:32:00
M0023,2025-06-29T13:31:00
M0023,2025-06-29T15:00:00
M0023,2025-07-02T10:44:00
M0023,2025-07-03T18:54:00
M0023,2025-07-03T20:49:00
M0023,2025-07-07T16:42:00
M0023,2025-07-09T07:46:00
M0023,2025-07-11T18:34:00
M0023,2025-07-16T11:54:00
M0023,2025-07-21T09:27:00
M0023,2025-07-27T11:53:00
M0023,2025-07-31T09:31:00
M0023,2025-08-03T11:35:00
M0023,2025-08-12T08:36:00
M0023,2025-08-14T13:50:00
M0023,2025-08-17T20:43:00
M0023,2025-08-22T16:50:00
M0023,2025-08-28T06:02:00
M0023,2025-08-28T13:01:00
M0023,2025-08-29T12:12:00
M0023,2025-08-29T20:54:00
M0023,2025-08-30T13:29:00
M0023,2025-09-07T07:41:00
M0023,2025-09-07T10:05:00
M0023,2025-09-07T16:57:00
M0023,2025-09-10T10:10:00
M0023,2025-09-10T20:08:00
M0023,2025-09-11T20:56:00
M0023,2025-09-12T17:06:00
M0023,2025-09-13T12:41:00
M0023,2025-09-15T16:19:00
M0023,2025-09-17T08:03:00
M0023,2025-09-17T17:48:00
M0023,2025-09-19T08:37:00
M0023,2025-09-19T09:30:00
M0023,2025-09-19T19:27:00
M0023,2025-09-20T14:43:00
M0023,2025-09-22T06:00:00
M0023,2025-09-24T08:30:00
M0023,2025-09-24T11:52:00
M0023,2025-09-26T07:20:00
M0023,2025-09-26T09:24:00
M0023,2025-09-26T17:51:00
M0023,2025-10-04T12:49:00
M0023,2025-10-04T16:43:00
M0023,2025-10-05T20:19:00
M0023,2025-10-09T18:55:00
M0023,2025-10-11T07:33:00
M0023,2025-10-14T06:39:00
M0023,2025-10-19T17:13:00
M0023,2025-10-22T08:28:00
M0023,2025-10-24T20:06:00
M0023,2025-10-25T18:07:00
M0023,2025-10-27T15:43:00
M0023,2025-10-27T19:13:00
M0023,2025-10-28T17:24:00
M0023,2025-10-29T17:09:00
M0023,2025-11-02T12:20:00
M0023,2025-11-02T16:05:00
M0023,2025-11-06T08:15:00
M0023,2025-11-07T19:54:00
M0023,2025-11-08T14:38:00
M0023,2025-11-09T18:44:00
M0023,2025-11-11T17:38:00
M0023,2025-11-12T20:19:00
M0023,2025-11-15T14:38:00
M0023,2025-11-17T10:41:00
M0023,2025-11-18T09:47:00
M0023,2025-11-21T18:57:00
M0023,2025-12-01T07:15:00
M0023,2025-12-01T16:38:00
M0023,2025-12-04T09:31:00
M0023,2025-12-05T11:59:00
M0023,2025-12-05T14:56:00
M0023,2025-12-14T08:24:00
M0023,2025-12-18T19:36:00
M0023,2025-12-22T11:34:00
M0023,2025-12-22T18:04:00
M0023,2025-12-24T08:48:00
M0023,2025-12-26T10:13:00
M0023,2025-12-26T15:04:00
M0023,2025-12-26T20:03:00
M0023,2025-12-28T16:45:00
M0023,2025-12-30T18:26:00
M0023,2026-01-01T12:32:00
M0023,2026-01-02T16:34:00
M0023,2026-01-05T17:25:00
M0023,2026-01-06T15:09:00
M0023,2026-01-09T14:58:00
M0023,2026-01-10T18:09:00
M0023,2026-01-11T07:19:00
M0023,2026-01-27T11:25:00
M0023,2026-01-27T16:48:00
M0023,2026-01-28T07:19:00
M0023,2026-01-29T16:43:00
M0023,2026-02-07T07:59:00
M0023,2026-02-09T07:29:00
M0023,2026-02-11T12:46:00
M0023,2026-02-12T09:03:00
M0023,2026-02-13T06:45:00
M0023,2026-02-14T17:00:00
M0023,2026-02-15T16:47:00
M0023,2026-02-17T15:03:00
M0023,2026-02-18T17:11:00
M0023,2026-02-21T13:22:00
M0023,2026-02-28T11:08:00
M0023,2026-03-03T14:50:00
M0023,2026-03-04T18:55:00
M0023,2026-03-05T17:16:00
M0023,2026-03-06T10:45:00
M0023,2026-03-06T11:51:00
M0023,2026-03-06T18:57:00
M0023,2026-03-08T17:56:00
M0023,2026-03-09T10:33:00
M0023,2026-03-10T16:04:00
M0023,2026-03-15T06:31:00
M0023,2026-03-16T13:32:00
M0023,2026-03-22T08:16:00
M0023,2026-03-24T16:46:00
M0023,2026-03-26T07:57:00
M0023,2026-03-26T15:10:00
M0023,2026-03-27T09:47:00
M0023,2026-03-28T06:30:00
M0023,2026-03-31T06:02:00
M0023,2026-04-02T19:00:00
M0023,2026-04-04T08:59:00
M0023,2026-04-05T12:58:00
M0023,2026-04-08T16:26:00
M0023,2026-04-09T06:35:00
M0023,2026-04-09T20:45:00
M0023,2026-04-11T11:15:00
M0023,2026-04-24T14:43:00
M0023,2026-04-24T15:23:00
M0023,2026-04-26T10:52:00
M0023,2026-04-27T20:46:00
M0023,2026-05-01T08:14:00
M0023,2026-05-04T07:56:00
M0023,2026-05-07T14:02:00
M0023,2026-05-10T07:35:00
M0023,2026-05-11T06:23:00
M0023,2026-05-11T19:18:00
M0023,2026-05-14T19:19:00
M0023,2026-05-16T10:36:00
M0023,2026-05-26T09:29:00
M0023,2026-05-28T10:47:00
M0023,2026-05-30T06:59:00
M0023,2026-05-31T15:31:00
M0023,2026-06-01T06:14:00
M0023,2026-06-03T20:34:00
M0023,2026-06-04T18:12:00
M0023,2026-06-04T18:15:00
M0023,2026-06-05T11:00:00
M0023,2026-06-07T07:13:00
M0023,2026-06-09T09:26:00
M0023,2026-06-09T11:40:00
M0023,2026-06-11T16:24:00
M0023,2026-06-11T17:46:00
M0023,2026-06-11T17:56:00
M0023,2026-06-12T20:14:00
M0023,2026-06-15T06:09:00
M0023,2026-06-17T10:05:00
M0023,2026-06-20T16:52:00
M0023,2026-06-22T07:37:00
M0023,2026-06-22T17:05:00
M0023,2026-06-23T06:27:00
M0023,2026-06-23T07:32:00
M0023,2026-06-24T08:15:00
M0023,2026-06-24T20:23:00
M0023,2026-06-25T14:26:00
M0023,2026-06-28T10:54:00
M0023,2026-06-28T20:51:00
M0023,2026-06-29T17:53:00
M0023,2026-07-01T11:20:00
M0023,2026-07-03T09:08:00
M0023,2026-07-06T10:14:00
M0023,2026-07-09T18:37:00
M0023,2026-07-17T08:06:00
M0023,2026-07-18T13:29:00
M0023,2026-07-19T12:07:00
M0023,2026-07-21T11:49:00
M0023,2026-07-24T07:10:00
M0023,2026-07-25T13:19:00
M0023,2026-07-27T10:54:00
M0023,2026-08-06T16:19:00
M0023,2026-08-11T06:13:00
M0023,2026-08-13T17:44:00
M0023,2026-08-13T19:20:00
M0023,2026-08-15T07:45:00
M0023,2026-08-15T11:25:00
M0023,2026-08-18T06:43:00
M0023,2026-08-21T06:03:00
M0023,2026-08-21T13:06:00
M0023,2026-08-22T06:25:00
M0023,2026-08-23T10:52:00
M0023,2026-08-26T14:15:00
M0023,2026-08-27T13:35:00
M0023,2026-08-27T18:08:00
M0023,2026-08-29T09:52:00
M0023,2026-08-31T11:43:00
M0023,2026-09-02T16:05:00
M0023,2026-09-03T18:14:00
M0023,2026-09-04T09:57:00
M0023,2026-09-08T15:16:00
M0023,2026-09-10T07:01:00
M0024,2025-08-26T10:17:00
M0024,2025-08-27T09:58:00
M0024,2025-08-30T12:11:00
M0024,2025-09-01T15:39:00
M0024,2025-09-04T20:09:00
M0024,2025-09-08T10:24:00
M0024,2025-09-09T12:12:00
M0024,2025-09-10T13:26:00
M0024,2025-09-12T09:41:00
M0024,2025-09-12T13:03:00
M0024,2025-09-13T20:51:00
M0024,2025-09-19T09:40:00
M0024,2025-09-21T14:50:00
M0024,2025-09-22T12:50:00
M0024,2025-09-27T11:30:00
M0024,2025-10-15T08:01:00
M0024,2025-10-15T15:14:00
M0024,2025-10-15T20:36:00
M0024,2025-10-17T11:24:00
M0024,2025-10-17T18:31:00
M0024,2025-10-20T20:51:00
M0024,2025-10-26T10:03:00
M0024,2025-10-26T13:33:00
M0024,2025-10-28T08:06:00
M0024,2025-10-28T16:15:00
M0024,2025-10-29T18:37:00
M0024,2025-11-12T14:52:00
M0024,2025-11-16T20:47:00
M0024,2025-11-17T18:14:00
M0024,2025-11-21T19:51:00
M0024,2025-11-27T11:59:00
M0024,2025-11-30T19:11:00
M0024,2025-12-02T09:37:00
M0024,2025-12-17T18:47:00
M0024,2025-12-19T06:45:00
M0024,2025-12-20T11:36:00
M0024,2025-12-20T11:58:00
M0024,2025-12-23T19:51:00
M0024,2025-12-25T14:19:00
M0024,2025-12-26T08:36:00
M0024,2025-12-29T06:14:00
M0024,2025-12-30T13:02:00
M0024,2026-01-02T09:01:00
M0024,2026-01-06T18:08:00
M0024,2026-01-07T06:01:00
M0024,2026-01-07T17:11:00
M0024,2026-01-07T20:39:00
M0024,2026-01-09T13:00:00
M0024,2026-01-11T19:55:00
M0024,2026-01-20T15:45:00
M0024,2026-01-20T18:07:00
M0024,2026-01-28T07:23:00
M0024,2026-01-31T16:25:00
M0024,2026-02-01T14:55:00
M0024,2026-02-04T11:08:00
M0024,2026-02-06T07:21:00
M0024,2026-02-10T17:27:00
M0024,2026-02-15T16:31:00
M0024,2026-02-20T18:22:00
M0024,2026-02-21T11:11:00
M0024,2026-02-21T14:44:00
M0024,2026-02-24T16:37:00
M0024,2026-02-25T08:11:00
M0024,2026-02-25T17:44:00
M0024,2026-02-27T12:54:00
M0024,2026-02-28T06:44:00
M0024,2026-03-01T08:24:00
M0024,2026-03-03T15:20:00
M0024,2026-03-08T15:02:00
M0024,2026-03-08T15:14:00
M0024,2026-03-11T11:10:00
M0024,2026-03-12T08:21:00
M0024,2026-03-14T07:15:00
M0024,2026-03-14T15:06:00
M0024,2026-03-18T13:00:00
M0024,2026-03-21T17:56:00
M0024,2026-03-21T20:05:00
M0024,2026-03-22T17:42:00
M0024,2026-03-25T09:15:00
M0024,2026-03-25T18:06:00
M0024,2026-03-28T07:22:00
M0024,2026-04-11T06:03:00
M0024,2026-04-16T08:56:00
M0024,2026-04-16T13:46:00
M0024,2026-04-16T13:56:00
M0024,2026-04-23T07:53:00
M0024,2026-04-23T11:34:00
M0024,2026-04-23T18:55:00
M0024,2026-04-24T16:48:00
M0024,2026-04-30T07:51:00
M0024,2026-05-02T09:10:00
M0024,2026-05-03T06:18:00
M0024,2026-05-04T07:21:00
M0024,2026-05-04T11:16:00
M0024,2026-05-05T20:24:00
M0024,2026-05-12T17:04:00
M0024,2026-05-15T20:05:00
M0024,2026-05-20T15:39:00
M0024,2026-05-21T16:10:00
M0024,2026-05-21T17:01:00
M0024,2026-05-22T20:27:00
M0024,2026-05-26T06:06:00
M0024,2026-05-27T09:12:00
M0024,2026-05-28T17:35:00
M0024,2026-05-30T20:46:00
M0024,2026-06-05T10:42:00
M0024,2026-06-08T06:25:00
M0024,2026-06-10T10:15:00
M0024,2026-06-18T08:03:00
M0024,2026-06-19T14:53:00
M0024,2026-06-22T10:52:00
M0024,2026-06-24T06:27:00
M0024,2026-06-29T09:10:00
M0024,2026-07-02T09:06:00
M0024,2026-07-04T16:38:00
M0024,2026-07-11T10:05:00
M0024,2026-07-15T18:25:00
M0024,2026-07-16T13:57:00
M0024,2026-07-16T19:07:00
M0024,2026-07-18T10:05:00
M0024,2026-07-18T14:24:00
M0024,2026-07-21T11:56:00
M0024,2026-07-23T11:11:00
M0024,2026-07-30T06:16:00
M0024,2026-08-04T19:17:00
M0024,2026-08-06T13:16:00
M0024,2026-08-14T06:09:00
M0024,2026-08-16T17:42:00
M0024,2026-08-17T07:42:00
M0024,2026-08-25T14:03:00
M0024,2026-08-26T18:34:00
M0024,2026-08-27T18:37:00
M0024,2026-09-04T12:34:00
M0024,2026-09-06T12:52:00
M0024,2026-09-10T15:56:00
M0025,2025-09-30T18:28:00
M0025,2025-10-01T08:13:00
M0025,2025-10-20T09:08:00
M0025,2025-10-28T12:05:00
M0025,2025-11-09T12:12:00
M0025,2025-11-24T16:09:00
M0025,2025-11-27T20:46:00
M0025,2025-12-01T15:16:00
M0025,2025-12-19T14:25:00
M0025,2025-12-20T11:54:00
M0025,2025-12-22T07:05:00
M0025,2026-01-01T14:29:00
M0025,2026-01-04T15:37:00
M0025,2026-01-05T06:50:00
M0025,2026-01-10T18:26:00
M0025,2026-01-13T12:09:00
M0025,2026-01-28T15:37:00
M0025,2026-02-03T15:49:00
M0025,2026-02-07T18:06:00
M0025,2026-02-10T18:18:00
M0025,2026-02-19T20:26:00
M0025,2026-02-23T14:56:00
M0025,2026-03-05T12:41:00
M0025,2026-03-13T06:11:00
M0025,2026-03-13T15:38:00
M0025,2026-03-26T12:09:00
M0025,2026-04-11T15:43:00
M0025,2026-04-19T12:02:00
M0025,2026-04-24T20:56:00
M0025,2026-05-05T17:30:00
M0025,2026-05-07T17:15:00
M0025,2026-06-18T20:23:00
M0025,2026-06-23T11:52:00
M0025,2026-07-07T19:14:00
M0025,2026-07-08T10:47:00
M0025,2026-07-09T19:31:00
M0025,2026-07-13T10:19:00
M0025,2026-07-13T17:43:00
M0025,2026-07-23T10:46:00
M0025,2026-07-24T18:52:00
M0025,2026-07-31T15:41:00
M0025,2026-08-11T09:28:00
M0025,2026-08-12T20:52:00
M0025,2026-09-03T19:03:00
M0025,2026-09-04T17:31:00
M0025,2026-09-07T14:55:00
M0026,2025-03-27T06:15:00
M0026,2025-04-04T13:03:00
M0026,2025-05-25T17:12:00
M0026,2025-06-01T11:52:00
M0026,2025-06-09T14:25:00
M0026,2025-07-16T20:07:00
M0026,2025-07-23T06:15:00
M0026,2025-09-21T13:38:00
M0026,2025-09-22T08:55:00
M0026,2025-09-28T11:10:00
M0026,2025-09-29T15:35:00
M0026,2025-10-22T19:44:00
M0026,2025-10-23T20:16:00
M0026,2025-11-21T10:01:00
M0026,2025-12-01T06:10:00
M0026,2025-12-04T15:49:00
M0026,2025-12-27T19:14:00
M0026,2026-01-07T09:43:00
M0026,2026-01-31T10:41:00
M0026,2026-03-16T14:01:00
M0026,2026-06-04T18:49:00
M0026,2026-07-08T06:30:00
M0026,2026-08-01T16:11:00
M0027,2025-06-17T09:29:00
M0027,2025-06-21T11:29:00
M0027,2025-06-24T16:33:00
M0027,2025-06-28T15:25:00
M0027,2025-07-03T07:00:00
M0027,2025-07-10T16:53:00
M0027,2025-07-11T15:38:00
M0027,2025-07-12T11:35:00
M0027,2025-07-15T10:43:00
M0027,2025-07-20T13:04:00
M0027,2025-07-22T10:40:00
M0027,2025-07-22T16:45:00
M0027,2025-07-22T19:17:00
M0027,2025-07-25T10:12:00
M0027,2025-07-28T14:48:00
M0027,2025-07-28T20:03:00
M0027,2025-08-08T11:43:00
M0027,2025-08-09T15:25:00
M0027,2025-08-09T19:51:00
M0027,2025-08-18T17:01:00
M0027,2025-08-19T20:26:00
M0027,2025-08-22T13:18:00
M0027,2025-08-31T15:45:00
M0027,2025-09-02T17:45:00
M0027,2025-09-03T12:47:00
M0027,2025-09-04T19:12:00
M0027,2025-09-08T16:34:00
M0027,2025-09-19T11:32:00
M0027,2025-09-19T18:30:00
M0027,2025-09-23T19:10:00
M0027,2025-09-25T08:18:00
M0027,2025-09-27T16:56:00
M0027,2025-09-28T13:08:00
M0027,2025-10-17T10:46:00
M0027,2025-10-18T14:48:00
M0027,2025-10-20T16:57:00
M0027,2025-10-21T16:05:00
M0027,2025-10-27T11:14:00
M0027,2025-10-31T19:19:00
M0027,2025-11-11T11:16:00
M0027,2025-11-12T18:56:00
M0027,2025-11-13T10:29:00
M0027,2025-11-16T13:56:00
M0027,2025-11-16T19:40:00
M0027,2025-11-17T14:07:00
M0027,2025-11-20T15:39:00
M0027,2025-11-22T07:30:00
M0027,2025-11-29T16:24:00
M0027,2025-11-30T19:54:00
M0027,2025-12-04T10:26:00
M0027,2025-12-08T08:12:00
M0027,2025-12-09T12:36:00
M0027,2025-12-14T13:17:00
M0027,2025-12-16T16:03:00
M0027,2025-12-16T16:11:00
M0027,2025-12-17T08:20:00
M0027,2025-12-20T07:31:00
M0027,2025-12-20T17:11:00
M0027,2025-12-22T18:49:00
M0027,2025-12-29T13:50:00
M0027,2025-12-29T15:48:00
M0027,2026-01-10T18:05:00
M0027,2026-01-12T15:27:00
M0027,2026-01-21T13:24:00
M0027,2026-01-23T12:25:00
M0027,2026-02-01T06:34:00
M0027,2026-02-01T20:20:00
M0027,2026-02-02T17:23:00
M0027,2026-02-07T19:33:00
M0027,2026-02-08T16:46:00
M0027,2026-02-09T06:43:00
M0027,2026-02-15T12:32:00
M0027,2026-02-16T09:44:00
M0027,2026-02-17T10:08:00
M0027,2026-02-26T10:10:00
M0027,2026-03-01T19:02:00
M0027,2026-03-10T10:29:00
M0027,2026-03-12T11:27:00
M0027,2026-03-13T14:38:00
M0027,2026-03-18T11:48:00
M0027,2026-03-20T08:21:00
M0027,2026-03-23T08:58:00
M0027,2026-03-28T12:01:00
M0027,2026-04-06T09:46:00
M0027,2026-04-12T15:32:00
M0027,2026-04-13T09:46:00
M0027,2026-04-26T12:56:00
M0027,2026-04-27T07:23:00
M0027,2026-05-01T10:49:00
M0027,2026-05-01T16:50:00
M0027,2026-05-03T06:44:00
M0027,2026-05-03T12:28:00
M0027,2026-05-03T16:53:00
M0027,2026-05-07T06:42:00
M0027,2026-05-07T15:03:00
M0027,2026-05-24T16:33:00
M0027,2026-05-25T09:44:00
M0027,2026-05-26T12:42:00
M0027,2026-05-26T13:44:00
M0027,2026-05-27T07:35:00
M0027,2026-05-29T16:00:00
M0027,2026-06-09T15:38:00
M0027,2026-06-25T17:39:00
M0027,2026-06-26T08:26:00
M0027,2026-06-27T20:06:00
M0027,2026-06-28T10:07:00
M0027,2026-07-04T07:31:00
M0027,2026-07-06T15:12:00
M0027,2026-07-09T09:22:00
M0027,2026-07-11T10:53:00
M0027,2026-07-13T06:35:00
M0027,2026-07-14T09:00:00
M0027,2026-07-15T20:13:00
M0027,2026-07-17T12:18:00
M0027,2026-07-17T20:30:00
M0027,2026-07-19T16:05:00
M0027,2026-07-19T17:46:00
M0027,2026-07-19T18:32:00
M0027,2026-07-19T19:36:00
M0027,2026-07-24T13:09:00
M0027,2026-07-26T20:16:00
M0027,2026-07-31T09:29:00
M0027,2026-08-02T07:52:00
M0027,2026-08-03T19:02:00
M0027,2026-08-04T10:29:00
M0027,2026-08-09T06:54:00
M0027,2026-08-09T19:48:00
M0027,2026-08-10T16:41:00
M0027,2026-08-12T17:07:00
M0027,2026-08-15T10:23:00
M0027,2026-08-15T16:20:00
M0027,2026-08-17T11:22:00
M0027,2026-08-19T15:17:00
M0027,2026-08-21T07:23:00
M0027,2026-08-23T12:25:00
M0027,2026-08-29T11:11:00
M0027,2026-09-02T10:53:00
M0027,2026-09-02T17:54:00
M0027,2026-09-02T18:26:00
M0027,2026-09-11T20:51:00
M0028,2026-04-30T15:24:00
M0028,2026-05-06T19:43:00
M0028,2026-05-12T11:39:00
M0028,2026-05-26T17:57:00
M0028,2026-05-28T13:58:00
M0028,2026-05-30T07:56:00
M0028,2026-06-03T10:41:00
M0028,2026-06-06T13:02:00
M0028,2026-06-26T06:45:00
M0028,2026-07-07T16:33:00
M0028,2026-07-07T17:36:00
M0028,2026-08-17T15:14:00
M0028,2026-08-17T19:21:00
M0028,2026-08-23T14:44:00
M0028,2026-08-29T16:46:00
M0028,2026-08-31T15:06:00
M0028,2026-09-03T13:22:00
M0029,2025-09-29T14:14:00
M0029,2025-09-30T11:17:00
M0029,2025-10-03T16:24:00
M0029,2025-10-05T13:20:00
M0029,2025-10-06T13:28:00
M0029,2025-10-06T19:31:00
M0029,2025-10-09T11:07:00
M0029,2025-10-09T19:15:00
M0029,2025-10-12T15:28:00
M0029,2025-10-13T07:25:00
M0029,2025-10-16T17:41:00
M0029,2025-10-20T18:38:00
M0029,2025-10-23T06:35:00
M0029,2025-10-24T06:52:00
M0029,2025-10-31T14:13:00
M0029,2025-10-31T16:19:00
M0029,2025-11-01T16:29:00
M0029,2025-11-03T19:14:00
M0029,2025-11-05T11:52:00
M0029,2025-11-07T13:45:00
M0029,2025-11-07T18:39:00
M0029,2025-11-09T13:21:00
M0029,2025-11-13T07:06:00
M0029,2025-11-15T11:45:00
M0029,2025-11-17T11:22:00
M0029,2025-11-23T16:14:00
M0029,2025-11-26T14:33:00
M0029,2025-11-26T17:06:00
M0029,2025-11-30T16:51:00
M0029,2025-12-01T20:10:00
M0029,2025-12-04T08:52:00
M0029,2025-12-08T20:54:00
M0029,2025-12-11T07:16:00
M0029,2025-12-12T09:12:00
M0029,2025-12-13T17:46:00
M0029,2025-12-18T09:29:00
M0029,2025-12-20T11:06:00
M0029,2025-12-21T12:02:00
M0029,2025-12-21T18:12:00
M0029,2025-12-26T07:49:00
M0029,2025-12-27T19:43:00
M0029,2026-01-01T13:42:00
M0029,2026-01-02T14:08:00
M0029,2026-01-06T17:37:00
M0029,2026-01-06T17:52:00
M0029,2026-01-08T06:33:00
M0029,2026-01-08T19:37:00
M0029,2026-01-08T20:32:00
M0029,2026-01-10T06:35:00
M0029,2026-01-11T20:58:00
M0029,2026-01-13T07:24:00
M0029,2026-01-14T12:21:00
M0029,2026-01-14T14:56:00
M0029,2026-01-15T12:38:00
M0029,2026-01-17T15:38:00
M0029,2026-01-17T18:15:00
M0029,2026-01-20T08:26:00
M0029,2026-01-21T13:51:00
M0029,2026-01-23T17:56:00
M0029,2026-01-24T14:19:00
M0029,2026-01-25T11:45:00
M0029,2026-01-25T17:35:00
M0029,2026-01-27T15:45:00
M0029,2026-01-31T09:12:00
M0029,2026-01-31T20:35:00
M0029,2026-02-04T16:22:00
M0029,2026-02-07T08:32:00
M0029,2026-02-07T08:45:00
M0029,2026-02-11T17:07:00
M0029,2026-02-12T15:36:00
M0029,2026-02-13T17:40:00
M0029,2026-02-14T17:26:00
M0029,2026-02-15T11:35:00
M0029,2026-02-21T17:57:00
M0029,2026-02-22T12:51:00
M0029,2026-02-22T14:18:00
M0029,2026-02-23T12:09:00
M0029,2026-02-23T14:06:00
M0029,2026-03-02T16:03:00
M0029,2026-03-03T10:48:00
M0029,2026-03-07T10:09:00
M0029,2026-03-08T06:44:00
M0029,2026-03-08T08:18:00
M0029,2026-03-11T19:28:00
M0029,2026-03-15T10:13:00
M0029,2026-03-15T14:02:00
M0029,2026-03-16T15:55:00
M0029,2026-03-17T14:50:00
M0029,2026-03-21T14:24:00
M0029,2026-03-21T17:35:00
M0029,2026-03-22T09:47:00
M0029,2026-03-23T20:24:00
M0029,2026-03-25T17:42:00
M0029,2026-03-29T18:44:00
M0029,2026-04-06T06:47:00
M0029,2026-04-08T09:39:00
M0029,2026-04-09T12:50:00
M0029,2026-04-11T11:35:00
M0029,2026-04-12T13:53:00
M0029,2026-04-12T18:55:00
M0029,2026-04-14T20:40:00
M0029,2026-04-15T18:37:00
M0029,2026-04-18T17:41:00
M0029,2026-04-21T18:46:00
M0029,2026-04-24T17:38:00
M0029,2026-04-27T12:17:00
M0029,2026-04-28T08:47:00
M0029,2026-04-28T10:28:00
M0029,2026-04-28T16:04:00
M0029,2026-05-01T07:24:00
M0029,2026-05-05T06:09:00
M0029,2026-05-05T15:54:00
M0029,2026-05-06T06:21:00
M0029,2026-05-06T15:03:00
M0029,2026-05-07T17:59:00
M0029,2026-05-08T10:08:00
M0029,2026-05-17T20:40:00
M0029,2026-05-18T18:45:00
M0029,2026-05-19T14:04:00
M0029,2026-05-20T13:50:00
M0029,2026-05-20T14:14:00
M0029,2026-05-22T14:22:00
M0029,2026-05-22T19:42:00
M0029,2026-05-31T14:10:00
M0029,2026-06-02T20:13:00
M0029,2026-06-04T07:22:00
M0029,2026-06-04T14:34:00
M0029,2026-06-10T10:13:00
M0029,2026-06-13T11:21:00
M0029,2026-06-18T14:52:00
M0029,2026-06-21T15:33:00
M0029,2026-06-21T16:00:00
M0029,2026-06-22T16:22:00
M0029,2026-06-25T09:57:00
M0029,2026-06-27T15:58:00
M0029,2026-07-02T20:50:00
M0029,2026-07-03T09:02:00
M0029,2026-07-04T20:20:00
M0029,2026-07-06T12:16:00
M0029,2026-07-06T20:33:00
M0029,2026-07-10T17:18:00
M0029,2026-07-12T18:23:00
M0029,2026-07-20T07:10:00
M0029,2026-07-21T11:32:00
M0029,2026-07-22T20:41:00
M0029,2026-07-23T13:02:00
M0029,2026-07-24T18:32:00
M0029,2026-07-27T09:34:00
M0029,2026-07-27T16:04:00
M0029,2026-07-28T16:40:00
M0029,2026-08-01T12:53:00
M0029,2026-08-02T09:55:00
M0029,2026-08-02T14:34:00
M0029,2026-08-03T06:11:00
M0029,2026-08-03T13:45:00
M0029,2026-08-05T06:05:00
M0029,2026-08-08T16:09:00
M0029,2026-08-08T18:27:00
M0029,2026-08-08T19:04:00
M0029,2026-08-09T17:56:00
M0029,2026-08-10T15:52:00
M0029,2026-08-11T20:16:00
M0029,2026-08-12T06:24:00
M0029,2026-08-13T12:28:00
M0029,2026-08-15T12:27:00
M0029,2026-08-16T10:35:00
M0029,2026-08-17T16:46:00
M0029,2026-08-21T07:48:00
M0029,2026-08-22T07:34:00
M0029,2026-08-22T15:02:00
M0029,2026-08-22T19:04:00
M0029,2026-08-24T10:50:00
M0029,2026-08-26T20:32:00
M0029,2026-09-05T10:38:00
M0029,2026-09-07T10:48:00
M0029,2026-09-10T08:34:00
M0029,2026-09-10T12:25:00
M0030,2026-01-14T06:36:00
M0030,2026-01-14T14:55:00
M0030,2026-01-18T08:07:00
M0030,2026-01-22T17:47:00
M0030,2026-01-25T07:19:00
M0030,2026-01-25T12:34:00
M0030,2026-02-14T20:41:00
M0030,2026-02-16T11:13:00
M0030,2026-02-19T08:14:00
M0030,2026-02-22T19:16:00
M0030,2026-02-24T14:09:00
M0030,2026-02-26T07:11:00
M0030,2026-03-23T18:36:00
M0030,2026-03-31T06:54:00
M0030,2026-04-04T16:35:00
M0030,2026-04-07T20:35:00
M0030,2026-04-08T10:42:00
M0030,2026-04-15T10:06:00
M0030,2026-04-16T17:37:00
M0030,2026-04-30T16:41:00
M0030,2026-05-02T11:22:00
M0030,2026-05-07T07:18:00
M0030,2026-05-07T11:31:00
M0030,2026-05-09T11:39:00
M0030,2026-05-10T07:57:00
M0030,2026-05-17T08:36:00
M0030,2026-05-18T10:44:00
M0030,2026-05-24T11:51:00
M0030,2026-05-27T11:15:00
M0030,2026-05-29T12:10:00
M0030,2026-06-08T16:27:00
M0030,2026-06-09T09:45:00
M0030,2026-06-12T19:23:00
M0030,2026-06-25T16:46:00
M0030,2026-06-26T20:30:00
M0030,2026-07-04T13:22:00
M0030,2026-07-07T10:31:00
M0030,2026-07-19T07:11:00
M0030,2026-07-27T15:05:00
M0030,2026-07-28T08:57:00
M0030,2026-07-28T10:54:00
M0030,2026-08-02T09:16:00
M0030,2026-08-03T20:40:00
M0030,2026-08-19T17:04:00
M0030,2026-08-19T19:32:00
M0030,2026-08-31T06:52:00
M0030,2026-09-06T15:25:00
M0030,2026-09-09T14:16:00
M0031,2025-06-16T07:25:00
M0031,2025-06-28T14:00:00
M0031,2025-07-29T09:54:00
M0031,2025-08-06T15:43:00
M0031,2025-09-19T18:32:00
M0031,2025-10-31T13:10:00
M0031,2025-12-05T15:36:00
M0031,2026-03-10T19:09:00
M0031,2026-03-31T17:30:00
M0031,2026-04-18T06:14:00
M0031,2026-04-30T10:23:00
M0031,2026-05-01T06:42:00
M0031,2026-05-06T13:14:00
M0031,2026-05-22T14:58:00
M0031,2026-06-17T11:24:00
M0031,2026-06-28T20:29:00
M0031,2026-07-02T06:41:00
M0031,2026-07-18T07:45:00
M0031,2026-07-27T16:53:00
M0032,2025-12-04T14:56:00
M0032,2025-12-05T13:10:00
M0032,2025-12-05T14:25:00
M0032,2025-12-06T13:50:00
M0032,2025-12-06T19:55:00
M0032,2025-12-07T20:38:00
M0032,2025-12-08T10:24:00
M0032,2025-12-12T07:32:00
M0032,2025-12-12T08:10:00
M0032,2025-12-16T10:13:00
M0032,2025-12-19T12:51:00
M0032,2025-12-20T15:45:00
M0032,2025-12-24T07:42:00
M0032,2025-12-27T17:07:00
M0032,2025-12-28T09:37:00
M0032,2025-12-28T16:30:00
M0032,2026-01-01T08:36:00
M0032,2026-01-02T16:53:00
M0032,2026-01-04T06:15:00
M0032,2026-01-09T10:59:00
M0032,2026-01-12T08:03:00
M0032,2026-01-12T08:08:00
M0032,2026-01-13T14:02:00
M0032,2026-01-16T14:25:00
M0032,2026-01-29T20:46:00
M0032,2026-02-02T15:40:00
M0032,2026-02-03T16:52:00
M0032,2026-02-14T07:13:00
M0032,2026-02-15T15:30:00
M0032,2026-02-18T13:10:00
M0032,2026-02-20T19:26:00
M0032,2026-02-23T08:50:00
M0032,2026-02-23T19:49:00
M0032,2026-03-06T15:42:00
M0032,2026-03-09T10:10:00
M0032,2026-03-17T16:21:00
M0032,2026-03-19T09:24:00
M0032,2026-03-22T15:37:00
M0032,2026-03-26T09:33:00
M0032,2026-03-29T08:06:00
M0032,2026-03-31T12:52:00
M0032,2026-04-01T20:32:00
M0032,2026-04-03T13:57:00
M0032,2026-04-03T15:06:00
M0032,2026-04-06T15:02:00
M0032,2026-04-08T14:32:00
M0032,2026-04-15T07:05:00
M0032,2026-04-16T20:49:00
M0032,2026-04-19T16:08:00
M0032,2026-04-20T14:52:00
M0032,2026-04-27T12:23:00
M0032,2026-04-28T16:27:00
M0032,2026-04-29T06:44:00
M0032,2026-05-04T12:14:00
M0032,2026-05-06T13:50:00
M0032,2026-05-11T18:47:00
M0032,2026-05-13T12:22:00
M0032,2026-05-15T10:30:00
M0032,2026-05-18T07:27:00
M0032,2026-05-20T19:44:00
M0032,2026-05-25T20:34:00
M0032,2026-05-27T07:18:00
M0032,2026-05-27T09:58:00
M0032,2026-05-28T17:47:00
M0032,2026-05-31T10:12:00
M0032,2026-06-08T07:33:00
M0032,2026-06-10T06:36:00
M0032,2026-06-11T12:41:00
M0032,2026-06-25T08:27:00
M0032,2026-06-26T17:51:00
M0032,2026-06-27T12:23:00
M0032,2026-07-04T19:34:00
M0032,2026-07-05T15:23:00
M0032,2026-07-06T10:43:00
M0032,2026-07-07T15:16:00
M0032,2026-07-11T14:35:00
M0032,2026-07-12T14:50:00
M0032,2026-07-12T18:13:00
M0032,2026-07-13T13:11:00
M0032,2026-07-19T10:19:00
M0032,2026-07-20T11:49:00
M0032,2026-07-21T12:47:00
M0032,2026-07-24T13:50:00
M0032,2026-07-24T19:55:00
M0032,2026-07-28T07:47:00
M0032,2026-07-31T12:40:00
M0032,2026-07-31T14:25:00
M0032,2026-08-03T15:44:00
M0032,2026-08-04T08:06:00
M0032,2026-08-04T17:03:00
M0032,2026-08-05T11:51:00
M0032,2026-08-06T10:14:00
M0032,2026-08-06T18:05:00
M0032,2026-08-10T12:05:00
M0032,2026-08-12T08:30:00
M0032,2026-08-13T17:24:00
M0032,2026-08-15T07:38:00
M0032,2026-08-16T15:41:00
M0032,2026-08-17T10:45:00
M0032,2026-08-21T19:42:00
M0032,2026-08-23T13:00:00
M0032,2026-08-24T06:49:00
M0032,2026-08-26T08:40:00
M0032,2026-08-26T14:18:00
M0032,2026-08-28T06:50:00
M0032,2026-09-04T16:02:00
M0032,2026-09-05T09:41:00
M0032,2026-09-07T14:33:00
M0032,2026-09-08T09:39:00
M0032,2026-09-10T08:05:00
M0033,2026-06-10T15:00:00
M0033,2026-06-11T09:29:00
M0033,2026-06-11T11:22:00
M0033,2026-06-12T19:35:00
M0033,2026-06-13T10:14:00
M0033,2026-06-14T14:18:00
M0033,2026-06-16T08:26:00
M0033,2026-06-18T07:35:00
M0033,2026-06-23T07:51:00
M0033,2026-06-25T10:44:00
M0033,2026-06-25T10:56:00
M0033,2026-06-25T19:50:00
M0033,2026-07-01T12:36:00
M0033,2026-07-08T18:15:00
M0033,2026-07-11T11:49:00
M0033,2026-07-12T12:40:00
M0033,2026-07-15T07:16:00
M0033,2026-07-15T16:29:00
M0033,2026-07-16T19:01:00
M0033,2026-07-18T09:43:00
M0033,2026-07-31T09:51:00
M0033,2026-08-11T12:22:00
M0033,2026-08-13T14:00:00
M0033,2026-08-14T19:16:00
M0033,2026-08-17T10:05:00
M0033,2026-08-19T16:47:00
M0033,2026-08-22T11:04:00
M0033,2026-08-24T20:36:00
M0033,2026-08-25T08:47:00
M0033,2026-08-26T11:22:00
M0033,2026-08-27T20:11:00
M0033,2026-08-31T13:47:00
M0033,2026-09-04T20:58:00
M0033,2026-09-07T09:12:00
M0033,2026-09-07T09:47:00
M0033,2026-09-07T19:16:00
M0034,2025-07-04T18:36:00
M0034,2025-07-06T08:48:00
M0034,2025-07-07T10:25:00
M0034,2025-07-07T11:31:00
M0034,2025-07-07T19:17:00
M0034,2025-07-09T13:23:00
M0034,2025-07-11T06:33:00
M0034,2025-07-14T06:32:00
M0034,2025-07-16T12:30:00
M0034,2025-07-19T12:55:00
M0034,2025-07-27T07:44:00
M0034,2025-07-28T13:20:00
M0034,2025-07-29T06:00:00
M0034,2025-07-29T18:11:00
M0034,2025-08-05T09:24:00
M0034,2025-08-09T08:35:00
M0034,2025-08-09T09:17:00
M0034,2025-08-09T15:55:00
M0034,2025-08-11T07:20:00
M0034,2025-08-16T08:31:00
M0034,2025-08-17T09:26:00
M0034,2025-08-17T15:21:00
M0034,2025-08-23T13:11:00
M0034,2025-08-23T19:25:00
M0034,2025-08-26T18:23:00
M0034,2025-08-28T17:17:00
M0034,2025-08-31T19:24:00
M0034,2025-09-01T08:36:00
M0034,2025-09-02T09:52:00
M0034,2025-09-03T09:35:00
M0034,2025-09-05T08:51:00
M0034,2025-09-07T13:08:00
M0034,2025-09-09T08:30:00
M0034,2025-09-10T06:11:00
M0034,2025-09-17T16:33:00
M0034,2025-09-22T17:20:00
M0034,2025-09-25T09:52:00
M0034,2025-09-25T17:10:00
M0034,2025-09-27T13:53:00
M0034,2025-09-27T14:54:00
M0034,2025-09-29T06:25:00
M0034,2025-09-30T07:28:00
M0034,2025-10-01T13:19:00
M0034,2025-10-04T11:01:00
M0034,2025-10-04T11:35:00
M0034,2025-10-06T20:51:00
M0034,2025-10-07T11:16:00
M0034,2025-10-12T07:22:00
M0034,2025-10-15T16:38:00
M0034,2025-10-16T12:39:00
M0034,2025-10-17T15:36:00
M0034,2025-10-17T18:18:00
M0034,2025-10-18T11:43:00
M0034,2025-10-18T13:40:00
M0034,2025-10-20T13:49:00
M0034,2025-10-21T13:56:00
M0034,2025-10-21T16:34:00
M0034,2025-10-31T19:10:00
M0034,2025-11-01T12:40:00
M0034,2025-11-03T15:25:00
M0034,2025-11-04T18:59:00
M0034,2025-11-06T08:21:00
M0034,2025-11-12T20:04:00
M0034,2025-11-14T11:20:00
M0034,2025-11-15T15:41:00
M0034,2025-11-18T10:45:00
M0034,2025-11-23T10:56:00
M0034,2025-11-28T08:54:00
M0034,2025-11-29T17:37:00
M0034,2025-11-30T18:55:00
M0034,2025-12-01T13:26:00
M0034,2025-12-04T08:46:00
M0034,2025-12-11T09:10:00
M0034,2025-12-12T16:16:00
M0034,2025-12-16T17:47:00
M0034,2025-12-18T10:39:00
M0034,2025-12-18T18:25:00
M0034,2025-12-18T20:56:00
M0034,2025-12-21T07:06:00
M0034,2025-12-21T14:03:00
M0034,2025-12-22T18:05:00
M0034,2025-12-26T07:41:00
M0034,2025-12-26T17:18:00
M0034,2025-12-28T10:14:00
M0034,2026-01-04T16:08:00
M0034,2026-01-09T14:53:00
M0034,2026-01-16T06:02:00
M0034,2026-01-17T14:28:00
M0034,2026-01-17T19:30:00
M0034,2026-01-18T19:34:00
M0034,2026-01-20T11:55:00
M0034,2026-01-23T15:38:00
M0034,2026-01-23T17:34:00
M0034,2026-01-25T16:47:00
M0034,2026-01-27T20:36:00
M0034,2026-01-31T13:34:00
M0034,2026-02-01T14:40:00
M0034,2026-02-03T14:19:00
M0034,2026-02-06T18:05:00
M0034,2026-02-08T10:23:00
M0034,2026-02-14T06:00:00
M0034,2026-02-14T13:34:00
M0034,2026-02-15T10:09:00
M0034,2026-02-16T19:48:00
M0034,2026-02-18T08:22:00
M0034,2026-02-19T17:59:00
M0034,2026-02-21T06:49:00
M0034,2026-02-22T18:18:00
M0034,2026-02-22T18:30:00
M0034,2026-02-23T09:50:00
M0034,2026-02-26T14:23:00
M0034,2026-02-27T12:56:00
M0034,2026-03-02T12:25:00
M0034,2026-03-06T08:45:00
M0034,2026-03-07T07:27:00
M0034,2026-03-10T16:24:00
M0034,2026-03-11T12:14:00
M0034,2026-03-17T09:33:00
M0034,2026-03-18T18:58:00
M0034,2026-03-23T18:44:00
M0034,2026-03-24T10:18:00
M0034,2026-03-24T17:34:00
M0034,2026-04-01T10:26:00
M0034,2026-04-02T16:29:00
M0034,2026-04-03T08:18:00
M0034,2026-04-03T11:01:00
M0034,2026-04-03T19:04:00
M0034,2026-04-06T13:17:00
M0034,2026-04-07T15:31:00
M0034,2026-04-09T08:06:00
M0034,2026-04-10T06:34:00
M0034,2026-04-11T10:08:00
M0034,2026-04-14T13:46:00
M0034,2026-04-16T09:05:00
M0034,2026-04-17T06:31:00
M0034,2026-04-17T11:26:00
M0034,2026-04-25T07:53:00
M0034,2026-04-25T18:51:00
M0034,2026-04-26T11:29:00
M0034,2026-04-28T18:02:00
M0034,2026-04-30T14:30:00
M0034,2026-05-01T09:57:00
M0034,2026-05-02T18:25:00
M0034,2026-05-03T19:00:00
M0034,2026-05-06T08:03:00
M0034,2026-05-06T10:52:00
M0034,2026-05-07T09:29:00
M0034,2026-05-07T18:45:00
M0034,2026-05-08T12:49:00
M0034,2026-05-10T09:47:00
M0034,2026-05-15T16:46:00
M0034,2026-05-16T20:20:00
M0034,2026-05-17T12:43:00
M0034,2026-05-18T16:13:00
M0034,2026-05-19T18:06:00
M0034,2026-05-21T17:59:00
M0034,2026-05-25T14:07:00
M0034,2026-05-28T19:42:00
M0034,2026-05-30T09:23:00
M0034,2026-05-30T13:40:00
M0034,2026-06-05T07:15:00
M0034,2026-06-09T12:20:00
M0034,2026-06-11T08:50:00
M0034,2026-06-18T06:37:00
M0034,2026-06-20T15:07:00
M0034,2026-06-21T18:15:00
M0034,2026-06-24T17:30:00
M0034,2026-06-27T18:05:00
M0034,2026-06-30T15:09:00
M0034,2026-07-02T16:39:00
M0034,2026-07-03T08:31:00
M0034,2026-07-04T16:09:00
M0034,2026-07-04T20:48:00
M0034,2026-07-07T06:03:00
M0034,2026-07-07T14:50:00
M0034,2026-07-09T08:31:00
M0034,2026-07-10T11:35:00
M0034,2026-07-11T18:57:00
M0034,2026-07-12T17:12:00
M0034,2026-07-15T16:48:00
M0034,2026-07-16T17:24:00
M0034,2026-07-18T17:08:00
M0034,2026-07-18T20:02:00
M0034,2026-07-26T17:28:00
M0034,2026-07-27T08:34:00
M0034,2026-07-27T10:34:00
M0034,2026-07-28T13:12:00
M0034,2026-08-01T11:46:00
M0034,2026-08-09T10:55:00
M0034,2026-08-19T14:10:00
M0034,2026-08-19T15:58:00
M0034,2026-08-20T14:09:00
M0034,2026-08-22T14:23:00
M0034,2026-08-23T10:52:00
M0034,2026-08-30T06:49:00
M0034,2026-09-01T08:56:00
M0034,2026-09-01T14:24:00
M0034,2026-09-03T15:54:00
M0034,2026-09-05T18:39:00
M0034,2026-09-10T16:34:00
M0034,2026-09-11T11:46:00
M0035,2026-02-02T07:02:00
M0035,2026-02-03T08:11:00
M0035,2026-03-10T06:12:00
M0035,2026-03-18T06:36:00
M0035,2026-03-18T13:12:00
M0035,2026-03-23T19:24:00
M0035,2026-04-06T13:33:00
M0035,2026-04-19T17:37:00
M0035,2026-05-01T06:23:00
M0035,2026-06-03T06:59:00
M0035,2026-06-04T15:45:00
M0035,2026-07-16T16:31:00
M0035,2026-07-21T07:29:00
M0035,2026-07-24T14:47:00
M0035,2026-07-28T16:03:00
M0035,2026-08-15T19:23:00
M0035,2026-08-18T17:03:00
M0035,2026-08-23T06:46:00
M0035,2026-08-25T15:17:00
M0035,2026-09-09T19:19:00
M0036,2025-09-19T17:35:00
M0036,2025-09-25T17:06:00
M0036,2025-10-01T16:29:00
M0036,2025-10-04T16:27:00
M0036,2025-10-05T16:36:00
M0036,2025-10-06T08:50:00
M0036,2025-10-14T14:25:00
M0036,2025-10-24T11:42:00
M0036,2025-10-28T14:38:00
M0036,2025-11-06T20:22:00
M0036,2025-11-26T14:20:00
M0036,2025-11-30T11:26:00
M0036,2025-11-30T16:27:00
M0036,2025-11-30T17:20:00
M0036,2025-12-05T09:36:00
M0036,2025-12-12T09:24:00
M0036,2025-12-21T14:59:00
M0036,2025-12-27T10:23:00
M0036,2026-01-01T13:25:00
M0036,2026-01-05T17:02:00
M0036,2026-01-14T15:01:00
M0036,2026-01-23T08:56:00
M0036,2026-01-28T06:19:00
M0036,2026-02-03T09:54:00
M0036,2026-02-04T06:49:00
M0036,2026-02-08T17:52:00
M0036,2026-02-11T20:35:00
M0036,2026-02-13T14:36:00
M0036,2026-02-27T08:06:00
M0036,2026-03-02T13:22:00
M0036,2026-03-17T08:16:00
M0036,2026-03-25T20:37:00
M0036,2026-03-31T09:16:00
M0036,2026-04-05T10:05:00
M0036,2026-04-10T12:36:00
M0036,2026-04-14T17:04:00
M0036,2026-04-18T11:50:00
M0036,2026-04-23T08:31:00
M0036,2026-04-26T20:44:00
M0036,2026-05-04T15:41:00
M0036,2026-05-06T06:46:00
M0036,2026-05-09T15:52:00
M0036,2026-05-11T18:03:00
M0036,2026-05-17T15:24:00
M0036,2026-05-24T11:22:00
M0036,2026-05-24T12:26:00
M0036,2026-06-21T07:55:00
M0036,2026-06-28T09:47:00
M0036,2026-07-04T19:38:00
M0036,2026-07-20T16:49:00
M0036,2026-08-01T12:03:00
M0036,2026-08-05T14:02:00
M0036,2026-08-10T16:46:00
M0036,2026-08-11T11:32:00
M0036,2026-08-12T14:36:00
M0036,2026-08-15T09:09:00
M0036,2026-08-27T13:48:00
M0036,2026-08-28T15:32:00
M0036,2026-08-31T09:27:00
M0036,2026-08-31T13:36:00
M0036,2026-09-01T08:21:00
M0036,2026-09-02T18:25:00
M0036,2026-09-05T06:35:00
M0036,2026-09-10T10:05:00
M0037,2025-10-29T15:47:00
M0037,2025-12-24T09:15:00
M0037,2025-12-27T10:49:00
M0037,2026-01-27T11:43:00
M0037,2026-05-20T07:07:00
M0037,2026-06-04T12:27:00
M0037,2026-06-15T11:12:00
M0037,2026-08-03T11:38:00
M0037,2026-08-20T06:49:00
M0038,2025-07-30T07:47:00
M0038,2025-08-04T11:09:00
M0038,2025-08-05T17:54:00
M0038,2025-08-06T09:39:00
M0038,2025-08-14T19:53:00
M0038,2025-08-15T17:51:00
M0038,2025-08-19T10:00:00
M0038,2025-08-20T10:28:00
M0038,2025-08-21T09:34:00
M0038,2025-08-21T17:34:00
M0038,2025-08-23T06:21:00
M0038,2025-08-24T13:39:00
M0038,2025-08-24T18:16:00
M0038,2025-09-01T08:44:00
M0038,2025-09-01T16:01:00
M0038,2025-09-05T08:03:00
M0038,2025-09-05T09:50:00
M0038,2025-09-06T15:57:00
M0038,2025-09-08T14:02:00
M0038,2025-09-17T07:24:00
M0038,2025-09-17T13:41:00
M0038,2025-09-22T10:42:00
M0038,2025-09-22T15:17:00
M0038,2025-09-26T19:06:00
M0038,2025-09-30T20:42:00
M0038,2025-10-01T10:55:00
M0038,2025-10-01T20:20:00
M0038,2025-10-04T14:45:00
M0038,2025-10-06T12:14:00
M0038,2025-10-11T19:38:00
M0038,2025-10-12T07:11:00
M0038,2025-10-15T06:15:00
M0038,2025-10-16T14:29:00
M0038,2025-10-18T12:47:00
M0038,2025-10-19T10:21:00
M0038,2025-10-19T20:45:00
M0038,2025-10-23T06:22:00
M0038,2025-11-03T11:22:00
M0038,2025-11-05T16:16:00
M0038,2025-11-08T20:52:00
M0038,2025-11-09T10:51:00
M0038,2025-11-10T10:15:00
M0038,2025-11-12T14:17:00
M0038,2025-11-13T08:21:00
M0038,2025-11-15T16:08:00
M0038,2025-11-19T17:24:00
M0038,2025-11-27T12:15:00
M0038,2025-11-30T16:39:00
M0038,2025-12-02T16:43:00
M0038,2025-12-05T20:38:00
M0038,2025-12-07T08:27:00
M0038,2025-12-11T09:41:00
M0038,2025-12-11T15:34:00
M0038,2025-12-12T13:34:00
M0038,2025-12-22T18:12:00
M0038,2025-12-23T08:19:00
M0038,2025-12-27T20:49:00
M0038,2025-12-28T20:08:00
M0038,2025-12-29T17:57:00
M0038,2026-01-01T16:59:00
M0038,2026-01-02T07:35:00
M0038,2026-01-04T20:10:00
M0038,2026-01-08T11:53:00
M0038,2026-01-11T17:07:00
M0038,2026-01-15T17:01:00
M0038,2026-01-17T12:19:00
M0038,2026-01-20T11:56:00
M0038,2026-01-24T17:59:00
M0038,2026-01-26T10:09:00
M0038,2026-01-27T09:06:00
M0038,2026-01-27T20:40:00
M0038,2026-01-29T08:01:00
M0038,2026-02-10T15:39:00
M0038,2026-02-12T09:43:00
M0038,2026-02-13T15:36:00
M0038,2026-02-15T09:38:00
M0038,2026-02-18T11:05:00
M0038,2026-02-26T14:54:00
M0038,2026-03-01T13:45:00
M0038,2026-03-02T18:30:00
M0038,2026-03-09T11:11:00
M0038,2026-03-10T12:31:00
M0038,2026-03-12T09:02:00
M0038,2026-03-14T08:10:00
M0038,2026-03-27T12:14:00
M0038,2026-03-28T18:00:00
M0038,2026-04-06T16:12:00
M0038,2026-04-09T20:28:00
M0038,2026-04-14T09:04:00
M0038,2026-04-14T15:31:00
M0038,2026-04-15T15:47:00
M0038,2026-04-18T12:49:00
M0038,2026-04-18T20:15:00
M0038,2026-04-20T11:55:00
M0038,2026-04-24T12:39:00
M0038,2026-04-26T07:28:00
M0038,2026-04-26T14:41:00
M0038,2026-04-27T15:38:00
M0038,2026-04-27T18:02:00
M0038,2026-04-28T12:46:00
M0038,2026-04-29T20:15:00
M0038,2026-05-02T19:56:00
M0038,2026-05-03T14:25:00
M0038,2026-05-09T14:48:00
M0038,2026-05-11T06:35:00
M0038,2026-05-18T06:12:00
M0038,2026-05-22T13:10:00
M0038,2026-05-22T13:25:00
M0038,2026-05-22T18:52:00
M0038,2026-05-30T10:39:00
M0038,2026-06-03T17:33:00
M0038,2026-06-11T13:53:00
M0038,2026-06-15T13:05:00
M0038,2026-06-18T18:37:00
M0038,2026-06-20T12:20:00
M0038,2026-06-22T14:07:00
M0038,2026-06-22T14:08:00
M0038,2026-06-27T06:11:00
M0038,2026-07-04T15:57:00
M0038,2026-07-13T20:12:00
M0038,2026-07-18T07:16:00
M0038,2026-07-24T17:41:00
M0038,2026-08-03T18:10:00
M0038,2026-08-12T07:45:00
M0038,2026-08-15T16:23:00
M0038,2026-08-17T17:07:00
M0038,2026-08-26T14:45:00
M0038,2026-08-29T17:50:00
M0038,2026-08-30T15:10:00
M0038,2026-09-05T14:24:00
M0038,2026-09-09T12:19:00
M0038,2026-09-09T18:10:00
M0038,2026-09-10T18:45:00
M0038,2026-09-10T19:09:00
M0038,2026-09-11T15:55:00
M0039,2026-04-15T13:31:00
M0039,2026-04-21T13:34:00
M0039,2026-04-28T06:38:00
M0039,2026-05-02T09:13:00
M0039,2026-05-06T09:56:00
M0039,2026-05-06T15:38:00
M0039,2026-05-09T12:28:00
M0039,2026-05-10T16:30:00
M0039,2026-05-17T10:39:00
M0039,2026-05-25T14:52:00
M0039,2026-05-26T09:03:00
M0039,2026-05-28T08:03:00
M0039,2026-05-28T19:02:00
M0039,2026-06-01T11:02:00
M0039,2026-06-15T15:53:00
M0039,2026-06-21T10:21:00
M0039,2026-06-24T06:06:00
M0039,2026-07-04T08:10:00
M0039,2026-07-06T10:39:00
M0039,2026-07-06T17:44:00
M0039,2026-07-12T15:50:00
M0039,2026-07-19T08:29:00
M0039,2026-07-22T07:49:00
M0039,2026-07-24T11:23:00
M0039,2026-07-25T19:04:00
M0039,2026-07-27T15:23:00
M0039,2026-08-04T12:53:00
M0039,2026-08-08T08:07:00
M0039,2026-08-09T07:18:00
M0039,2026-08-14T14:26:00
M0039,2026-08-16T09:44:00
M0039,2026-08-17T19:17:00
M0039,2026-08-20T15:03:00
M0039,2026-08-26T15:46:00
M0039,2026-08-31T14:05:00
M0039,2026-09-05T17:44:00
M0039,2026-09-06T20:50:00
M0039,2026-09-07T10:27:00
M0039,2026-09-11T14:36:00
M0040,2025-09-28T07:01:00
M0040,2025-10-03T10:12:00
M0040,2025-10-08T16:50:00
M0040,2025-10-12T17:54:00
M0040,2025-10-27T18:39:00
M0040,2025-11-05T12:02:00
M0040,2025-11-11T11:35:00
M0040,2025-11-16T16:12:00
M0040,2025-11-22T16:13:00
M0040,2025-11-28T10:16:00
M0040,2025-11-29T07:19:00
M0040,2025-11-30T16:21:00
M0040,2025-12-02T14:35:00
M0040,2025-12-02T18:00:00
M0040,2025-12-09T12:46:00
M0040,2025-12-18T15:01:00
M0040,2025-12-20T08:12:00
M0040,2025-12-23T19:21:00
M0040,2025-12-24T18:02:00
M0040,2025-12-26T08:30:00
M0040,2025-12-26T13:58:00
M0040,2025-12-29T16:29:00
M0040,2026-01-10T14:57:00
M0040,2026-01-13T13:50:00
M0040,2026-01-16T06:53:00
M0040,2026-01-17T12:59:00
M0040,2026-01-22T10:36:00
M0040,2026-01-23T16:20:00
M0040,2026-01-26T15:43:00
M0040,2026-01-27T18:58:00
M0040,2026-01-29T14:01:00
M0040,2026-02-01T11:24:00
M0040,2026-02-02T10:53:00
M0040,2026-02-07T11:04:00
M0040,2026-02-08T19:50:00
M0040,2026-02-09T15:38:00
M0040,2026-02-11T08:38:00
M0040,2026-02-13T14:53:00
M0040,2026-02-15T10:26:00
M0040,2026-02-15T13:56:00
M0040,2026-02-21T10:45:00
M0040,2026-02-21T11:45:00
M0040,2026-02-23T11:28:00
M0040,2026-02-28T10:13:00
M0040,2026-03-01T11:50:00
M0040,2026-03-01T18:12:00
M0040,2026-03-05T10:11:00
M0040,2026-03-08T13:32:00
M0040,2026-03-08T18:30:00
M0040,2026-03-17T20:30:00
M0040,2026-03-19T08:12:00
M0040,2026-03-24T18:20:00
M0040,2026-03-27T19:33:00
M0040,2026-03-29T19:33:00
M0040,2026-03-30T18:55:00
M0040,2026-04-03T06:29:00
M0040,2026-04-03T08:13:00
M0040,2026-04-08T17:55:00
M0040,2026-04-09T07:00:00
M0040,2026-04-21T20:02:00
M0040,2026-05-06T20:02:00
M0040,2026-05-08T19:38:00
M0040,2026-05-09T07:21:00
M0040,2026-05-10T14:49:00
M0040,2026-05-17T15:48:00
M0040,2026-05-18T10:17:00
M0040,2026-05-18T11:12:00
M0040,2026-05-19T16:57:00
M0040,2026-05-22T17:19:00
M0040,2026-05-27T16:07:00
M0040,2026-05-28T11:49:00
M0040,2026-06-02T08:10:00
M0040,2026-06-07T09:34:00
M0040,2026-06-09T07:00:00
M0040,2026-06-11T14:32:00
M0040,2026-06-16T08:45:00
M0040,2026-06-16T14:20:00
M0040,2026-06-27T10:36:00
M0040,2026-06-29T08:04:00
M0040,2026-06-30T15:57:00
M0040,2026-07-07T14:28:00
M0040,2026-07-12T07:24:00
M0040,2026-07-12T08:01:00
M0040,2026-07-15T20:43:00
M0040,2026-07-19T07:27:00
M0040,2026-07-29T08:45:00
M0040,2026-07-30T20:37:00
M0040,2026-07-31T19:44:00
M0040,2026-08-04T10:21:00
M0040,2026-08-07T13:39:00
M0040,2026-08-08T09:45:00
M0040,2026-08-08T16:51:00
M0040,2026-08-13T07:59:00
M0040,2026-08-22T18:29:00
M0040,2026-08-27T08:05:00
M0040,2026-08-29T18:58:00
M0040,2026-09-04T13:06:00
M0040,2026-09-07T08:55:00
M0040,2026-09-09T10:43:00
M0040,2026-09-09T13:14:00
M0040,2026-09-10T10:58:00
M0040,2026-09-11T17:49:00
M0041,2025-05-08T10:49:00
M0041,2025-05-08T14:06:00
M0041,2025-05-09T15:36:00
M0041,2025-05-10T07:22:00
M0041,2025-05-10T13:54:00
M0041,2025-05-17T19:45:00
M0041,2025-05-18T16:04:00
M0041,2025-05-20T07:20:00
M0041,2025-05-24T12:37:00
M0041,2025-05-27T10:34:00
M0041,2025-05-29T14:10:00
M0041,2025-05-31T09:39:00
M0041,2025-05-31T12:04:00
M0041,2025-06-06T09:52:00
M0041,2025-06-09T09:11:00
M0041,2025-06-09T15:27:00
M0041,2025-06-10T11:34:00
M0041,2025-06-10T12:36:00
M0041,2025-06-15T19:31:00
M0041,2025-06-16T16:04:00
M0041,2025-06-16T20:45:00
M0041,2025-06-18T15:38:00
M0041,2025-06-18T19:28:00
M0041,2025-06-21T11:35:00
M0041,2025-06-25T15:06:00
M0041,2025-06-26T10:25:00
M0041,2025-06-27T13:41:00
M0041,2025-06-30T19:38:00
M0041,2025-07-01T19:24:00
M0041,2025-07-07T06:05:00
M0041,2025-07-10T19:08:00
M0041,2025-07-13T20:48:00
M0041,2025-07-14T18:00:00
M0041,2025-07-17T13:34:00
M0041,2025-07-22T08:42:00
M0041,2025-07-25T12:39:00
M0041,2025-07-31T16:56:00
M0041,2025-08-03T13:12:00
M0041,2025-08-08T10:36:00
M0041,2025-08-15T20:59:00
M0041,2025-08-16T17:58:00
M0041,2025-08-19T20:43:00
M0041,2025-08-20T15:32:00
M0041,2025-08-22T07:37:00
M0041,2025-08-23T19:08:00
M0041,2025-08-26T10:03:00
M0041,2025-08-27T06:45:00
M0041,2025-08-29T20:35:00
M0041,2025-09-03T19:18:00
M0041,2025-09-04T16:11:00
M0041,2025-09-06T12:34:00
M0041,2025-09-06T16:20:00
M0041,2025-09-06T17:37:00
M0041,2025-09-07T19:22:00
M0041,2025-09-08T12:25:00
M0041,2025-09-09T06:15:00
M0041,2025-09-12T19:26:00
M0041,2025-09-13T08:12:00
M0041,2025-09-14T12:53:00
M0041,2025-09-18T10:55:00
M0041,2025-09-22T08:08:00
M0041,2025-09-24T07:41:00
M0041,2025-09-24T08:46:00
M0041,2025-09-25T07:08:00
M0041,2025-09-27T16:27:00
M0041,2025-10-06T18:26:00
M0041,2025-10-07T13:57:00
M0041,2025-10-07T17:38:00
M0041,2025-10-18T14:27:00
M0041,2025-10-18T15:11:00
M0041,2025-10-19T19:28:00
M0041,2025-10-22T15:31:00
M0041,2025-10-23T12:38:00
M0041,2025-10-25T11:14:00
M0041,2025-10-28T17:15:00
M0041,2025-10-29T15:30:00
M0041,2025-11-01T20:34:00
M0041,2025-11-02T11:02:00
M0041,2025-11-02T13:44:00
M0041,2025-11-03T11:07:00
M0041,2025-11-03T14:17:00
M0041,2025-11-05T08:46:00
M0041,2025-11-08T14:05:00
M0041,2025-11-10T14:54:00
M0041,2025-11-11T18:17:00
M0041,2025-11-12T09:30:00
M0041,2025-11-16T20:39:00
M0041,2025-11-17T17:42:00
M0041,2025-11-24T07:43:00
M0041,2025-11-24T14:51:00
M0041,2025-11-26T20:21:00
M0041,2025-11-30T10:39:00
M0041,2025-12-06T13:32:00
M0041,2025-12-07T18:00:00
M0041,2025-12-11T06:44:00
M0041,2025-12-12T12:22:00
M0041,2025-12-13T15:46:00
M0041,2025-12-16T10:18:00
M0041,2025-12-21T17:19:00
M0041,2025-12-26T06:40:00
M0041,2025-12-27T15:10:00
M0041,2025-12-29T18:36:00
M0041,2026-01-02T18:47:00
M0041,2026-01-03T07:08:00
M0041,2026-01-04T06:18:00
M0041,2026-01-04T06:42:00
M0041,2026-01-04T07:54:00
M0041,2026-01-07T17:07:00
M0041,2026-01-08T15:17:00
M0041,2026-01-09T19:16:00
M0041,2026-01-11T08:58:00
M0041,2026-01-13T10:16:00
M0041,2026-01-17T08:51:00
M0041,2026-01-18T17:09:00
M0041,2026-01-18T19:02:00
M0041,2026-01-19T13:23:00
M0041,2026-01-20T08:16:00
M0041,2026-01-20T17:15:00
M0041,2026-01-23T07:09:00
M0041,2026-01-25T20:52:00
M0041,2026-01-28T16:16:00
M0041,2026-01-29T09:36:00
M0041,2026-01-29T19:31:00
M0041,2026-01-31T09:42:00
M0041,2026-01-31T17:40:00
M0041,2026-02-02T19:22:00
M0041,2026-02-03T12:49:00
M0041,2026-02-03T19:07:00
M0041,2026-02-04T08:29:00
M0041,2026-02-07T13:19:00
M0041,2026-02-07T17:48:00
M0041,2026-02-08T09:24:00
M0041,2026-02-11T10:59:00
M0041,2026-02-14T10:09:00
M0041,2026-02-15T19:27:00
M0041,2026-02-16T17:24:00
M0041,2026-02-23T11:33:00
M0041,2026-02-24T13:24:00
M0041,2026-03-01T16:22:00
M0041,2026-03-02T06:06:00
M0041,2026-03-06T10:17:00
M0041,2026-03-09T19:17:00
M0041,2026-03-10T07:16:00
M0041,2026-03-10T12:39:00
M0041,2026-03-14T18:43:00
M0041,2026-03-16T09:46:00
M0041,2026-03-16T15:25:00
M0041,2026-03-16T15:49:00
M0041,2026-03-19T14:21:00
M0041,2026-03-23T17:11:00
M0041,2026-03-25T06:26:00
M0041,2026-03-25T14:06:00
M0041,2026-03-26T17:18:00
M0041,2026-03-27T14:00:00
M0041,2026-03-30T06:53:00
M0041,2026-03-30T13:22:00
M0041,2026-04-01T07:54:00
M0041,2026-04-01T15:05:00
M0041,2026-04-01T15:42:00
M0041,2026-04-03T09:02:00
M0041,2026-04-05T08:24:00
M0041,2026-04-06T07:45:00
M0041,2026-04-07T09:38:00
M0041,2026-04-13T15:51:00
M0041,2026-04-13T18:57:00
M0041,2026-04-15T16:29:00
M0041,2026-04-16T20:07:00
M0041,2026-04-17T13:42:00
M0041,2026-04-20T08:16:00
M0041,2026-04-24T18:27:00
M0041,2026-04-29T10:49:00
M0041,2026-04-29T12:24:00
M0041,2026-05-01T08:49:00
M0041,2026-05-04T20:42:00
M0041,2026-05-05T18:20:00
M0041,2026-05-08T06:16:00
M0041,2026-05-14T15:25:00
M0041,2026-05-16T07:31:00
M0041,2026-05-19T10:11:00
M0041,2026-05-20T08:34:00
M0041,2026-05-21T16:31:00
M0041,2026-05-26T12:13:00
M0041,2026-05-27T06:04:00
M0041,2026-05-27T15:46:00
M0041,2026-05-29T18:28:00
M0041,2026-05-30T17:16:00
M0041,2026-05-31T16:06:00
M0041,2026-06-03T20:31:00
M0041,2026-06-04T16:40:00
M0041,2026-06-10T20:02:00
M0041,2026-06-11T17:21:00
M0041,2026-06-15T12:17:00
M0041,2026-06-27T13:27:00
M0041,2026-06-27T15:00:00
M0041,2026-06-28T17:49:00
M0041,2026-07-04T19:46:00
M0041,2026-07-14T18:50:00
M0041,2026-07-15T12:44:00
M0041,2026-07-15T14:14:00
M0041,2026-07-15T15:34:00
M0041,2026-07-17T11:43:00
M0041,2026-07-21T18:30:00
M0041,2026-07-23T14:02:00
M0041,2026-07-24T07:53:00
M0041,2026-07-24T12:03:00
M0041,2026-07-24T14:54:00
M0041,2026-07-24T16:12:00
M0041,2026-07-25T18:49:00
M0041,2026-07-27T16:05:00
M0041,2026-07-29T16:44:00
M0041,2026-07-31T17:24:00
M0041,2026-08-01T16:12:00
M0041,2026-08-07T13:05:00
M0041,2026-08-10T13:47:00
M0041,2026-08-13T06:46:00
M0041,2026-08-13T08:02:00
M0041,2026-08-23T09:31:00
M0041,2026-08-29T07:50:00
M0041,2026-08-29T14:53:00
M0041,2026-08-30T16:19:00
M0041,2026-09-08T13:01:00
M0041,2026-09-09T11:03:00
M0041,2026-09-09T12:07:00
M0041,2026-09-10T18:41:00
M0041,2026-09-11T18:46:00
M0042,2026-06-03T13:39:00
M0042,2026-06-04T06:11:00
M0042,2026-06-04T17:41:00
M0042,2026-06-05T19:50:00
M0042,2026-06-08T06:57:00
M0042,2026-06-10T07:31:00
M0042,2026-06-10T19:52:00
M0042,2026-06-11T19:37:00
M0042,2026-06-17T16:36:00
M0042,2026-06-18T07:51:00
M0042,2026-06-18T12:21:00
M0042,2026-06-21T18:39:00
M0042,2026-06-22T12:20:00
M0042,2026-06-23T19:47:00
M0042,2026-06-24T10:09:00
M0042,2026-06-25T11:04:00
M0042,2026-06-28T08:20:00
M0042,2026-06-30T06:37:00
M0042,2026-06-30T18:13:00
M0042,2026-07-02T13:15:00
M0042,2026-07-05T06:08:00
M0042,2026-07-06T11:35:00
M0042,2026-07-07T12:10:00
M0042,2026-07-08T08:59:00
M0042,2026-07-08T18:54:00
M0042,2026-07-11T07:00:00
M0042,2026-07-13T15:24:00
M0042,2026-07-14T08:01:00
M0042,2026-07-15T17:41:00
M0042,2026-07-19T20:18:00
M0042,2026-07-23T08:39:00
M0042,2026-07-23T16:17:00
M0042,2026-07-25T17:51:00
M0042,2026-07-26T13:26:00
M0042,2026-07-27T08:13:00
M0042,2026-07-28T18:30:00
M0042,2026-07-30T17:31:00
M0042,2026-07-31T12:00:00
M0042,2026-08-02T07:40:00
M0042,2026-08-03T06:38:00
M0042,2026-08-04T18:19:00
M0042,2026-08-05T14:06:00
M0042,2026-08-06T13:49:00
M0042,2026-08-09T09:12:00
M0042,2026-08-09T11:55:00
M0042,2026-08-10T16:13:00
M0042,2026-08-11T14:32:00
M0042,2026-08-12T18:09:00
M0042,2026-08-13T16:59:00
M0042,2026-08-14T06:12:00
M0042,2026-08-15T13:11:00
M0042,2026-08-17T19:58:00
M0042,2026-08-19T06:41:00
M0042,2026-08-21T10:13:00
M0042,2026-08-22T10:21:00
M0042,2026-08-30T18:56:00
M0042,2026-09-02T17:03:00
M0042,2026-09-06T08:10:00
M0042,2026-09-08T13:02:00
M0042,2026-09-10T17:28:00
M0043,2026-02-18T07:30:00
M0043,2026-02-23T09:24:00
M0043,2026-02-27T08:13:00
M0043,2026-02-28T13:03:00
M0043,2026-03-07T13:11:00
M0043,2026-03-13T11:08:00
M0043,2026-03-13T17:12:00
M0043,2026-03-22T11:17:00
M0043,2026-03-24T17:36:00
M0043,2026-03-25T11:08:00
M0043,2026-04-07T10:08:00
M0043,2026-04-21T19:29:00
M0043,2026-05-01T12:10:00
M0043,2026-05-11T11:14:00
M0043,2026-05-21T15:10:00
M0043,2026-05-25T18:40:00
M0043,2026-05-30T20:10:00
M0043,2026-06-03T07:26:00
M0043,2026-06-06T14:54:00
M0043,2026-06-08T14:31:00
M0043,2026-06-22T09:37:00
M0043,2026-06-24T09:20:00
M0043,2026-06-25T06:46:00
M0043,2026-06-26T17:55:00
M0043,2026-06-26T19:29:00
M0043,2026-07-03T15:14:00
M0043,2026-07-18T08:58:00
M0043,2026-07-25T20:00:00
M0043,2026-07-31T06:02:00
M0043,2026-07-31T17:49:00
M0043,2026-08-08T06:27:00
M0043,2026-08-08T12:30:00
M0043,2026-08-14T09:05:00
M0043,2026-08-17T07:28:00
M0043,2026-08-17T18:44:00
M0043,2026-08-19T08:22:00
M0043,2026-08-22T18:00:00
M0043,2026-08-23T17:26:00
M0043,2026-08-25T06:30:00
M0043,2026-08-27T09:41:00
M0043,2026-09-06T10:10:00
M0043,2026-09-08T13:29:00
M0044,2025-09-26T20:44:00
M0044,2025-11-20T14:02:00
M0044,2026-03-12T12:48:00
M0044,2026-04-09T17:39:00
M0044,2026-06-13T15:50:00
M0044,2026-06-17T18:43:00
M0044,2026-07-28T15:56:00
M0044,2026-08-13T17:59:00
M0044,2026-09-01T14:58:00
M0044,2026-09-06T11:56:00
M0045,2025-12-10T11:15:00
M0045,2025-12-13T07:41:00
M0045,2025-12-17T18:47:00
M0045,2025-12-19T17:48:00
M0045,2025-12-20T19:44:00
M0045,2025-12-22T09:20:00
M0045,2025-12-25T20:17:00
M0045,2025-12-27T16:27:00
M0045,2026-01-01T06:04:00
M0045,2026-01-08T11:28:00
M0045,2026-01-16T14:33:00
M0045,2026-01-19T07:30:00
M0045,2026-01-25T14:43:00
M0045,2026-01-29T13:39:00
M0045,2026-02-02T14:57:00
M0045,2026-02-05T18:43:00
M0045,2026-02-10T09:57:00
M0045,2026-02-15T18:56:00
M0045,2026-02-20T07:05:00
M0045,2026-02-27T20:11:00
M0045,2026-03-04T10:07:00
M0045,2026-03-05T07:06:00
M0045,2026-03-08T08:31:00
M0045,2026-03-11T19:13:00
M0045,2026-03-19T12:43:00
M0045,2026-03-21T16:01:00
M0045,2026-03-27T11:26:00
M0045,2026-03-27T17:41:00
M0045,2026-03-28T20:08:00
M0045,2026-03-31T10:12:00
M0045,2026-04-14T06:55:00
M0045,2026-04-18T16:21:00
M0045,2026-04-20T09:53:00
M0045,2026-04-24T15:21:00
M0045,2026-04-26T16:50:00
M0045,2026-04-30T13:37:00
M0045,2026-05-10T17:33:00
M0045,2026-05-11T14:28:00
M0045,2026-06-03T20:50:00
M0045,2026-06-05T10:36:00
M0045,2026-06-18T08:50:00
M0045,2026-06-18T09:30:00
M0045,2026-06-25T10:49:00
M0045,2026-07-06T06:09:00
M0045,2026-07-08T15:59:00
M0045,2026-07-08T17:34:00
M0045,2026-07-09T10:29:00
M0045,2026-07-16T08:11:00
M0045,2026-07-27T17:44:00
M0045,2026-08-04T11:36:00
M0045,2026-08-05T09:07:00
M0045,2026-08-05T13:16:00
M0045,2026-08-09T18:09:00
M0045,2026-08-20T08:13:00
M0045,2026-08-22T17:02:00
M0045,2026-08-23T11:22:00
M0045,2026-08-26T11:28:00
M0045,2026-08-29T08:34:00
M0045,2026-09-01T12:59:00
M0045,2026-09-03T07:58:00
M0045,2026-09-11T18:09:00
M0046,2025-10-13T18:36:00
M0046,2025-10-18T15:42:00
M0046,2025-10-29T11:44:00
M0046,2025-10-31T20:59:00
M0046,2025-11-09T17:30:00
M0046,2025-11-23T08:43:00
M0046,2025-11-27T07:19:00
M0046,2025-12-07T12:39:00
M0046,2025-12-20T09:28:00
M0046,2026-01-06T07:20:00
M0046,2026-01-11T15:41:00
M0046,2026-01-19T15:33:00
M0046,2026-01-26T18:59:00
M0046,2026-01-31T10:12:00
M0046,2026-02-01T07:34:00
M0046,2026-02-06T07:32:00
M0046,2026-02-07T13:43:00
M0046,2026-03-25T09:31:00
M0046,2026-04-14T15:38:00
M0046,2026-05-07T06:58:00
M0046,2026-05-08T11:25:00
M0046,2026-05-11T17:54:00
M0046,2026-05-19T06:18:00
M0046,2026-05-20T11:24:00
M0046,2026-06-09T11:19:00
M0046,2026-06-10T19:35:00
M0046,2026-06-14T09:46:00
M0046,2026-06-17T17:26:00
M0046,2026-06-22T18:46:00
M0046,2026-06-24T08:53:00
M0046,2026-06-24T17:57:00
M0046,2026-06-27T13:18:00
M0046,2026-07-09T15:05:00
M0046,2026-07-13T09:19:00
M0046,2026-07-15T19:33:00
M0046,2026-07-21T07:59:00
M0046,2026-07-30T18:24:00
M0046,2026-08-02T06:26:00
M0046,2026-08-05T08:35:00
M0046,2026-08-07T20:17:00
M0046,2026-08-12T17:36:00
M0046,2026-08-15T20:08:00
M0046,2026-08-31T08:53:00
M0046,2026-09-02T06:52:00
M0046,2026-09-02T10:35:00
M0047,2026-06-01T16:42:00
M0047,2026-06-03T12:11:00
M0047,2026-06-04T20:44:00
M0047,2026-06-06T09:01:00
M0047,2026-06-08T18:17:00
M0047,2026-06-11T07:38:00
M0047,2026-06-18T15:27:00
M0047,2026-06-20T11:37:00
M0047,2026-06-20T13:44:00
M0047,2026-06-21T07:23:00
M0047,2026-06-21T10:40:00
M0047,2026-06-22T19:16:00
M0047,2026-06-23T06:17:00
M0047,2026-06-23T11:29:00
M0047,2026-06-23T15:03:00
M0047,2026-06-24T06:18:00
M0047,2026-06-24T12:40:00
M0047,2026-06-26T17:36:00
M0047,2026-06-27T08:22:00
M0047,2026-06-29T14:12:00
M0047,2026-07-01T14:40:00
M0047,2026-07-12T07:38:00
M0047,2026-07-12T08:34:00
M0047,2026-07-12T16:11:00
M0047,2026-07-15T07:34:00
M0047,2026-07-15T19:20:00
M0047,2026-07-17T11:52:00
M0047,2026-07-18T17:44:00
M0047,2026-07-19T10:17:00
M0047,2026-07-19T19:43:00
M0047,2026-07-21T06:08:00
M0047,2026-07-28T07:13:00
M0047,2026-07-28T14:14:00
M0047,2026-07-29T20:58:00
M0047,2026-07-31T10:23:00
M0047,2026-08-02T09:50:00
M0047,2026-08-02T13:26:00
M0047,2026-08-07T15:44:00
M0047,2026-08-07T17:35:00
M0047,2026-08-08T18:51:00
M0047,2026-08-09T14:54:00
M0047,2026-08-10T07:52:00
M0047,2026-08-10T12:29:00
M0047,2026-08-11T20:01:00
M0047,2026-08-12T06:47:00
M0047,2026-08-12T08:45:00
M0047,2026-08-13T11:19:00
M0047,2026-08-14T14:48:00
M0047,2026-08-15T11:08:00
M0047,2026-08-16T13:56:00
M0047,2026-08-18T17:14:00
M0047,2026-08-18T19:44:00
M0047,2026-08-19T08:13:00
M0047,2026-08-23T07:14:00
M0047,2026-08-25T07:27:00
M0047,2026-08-29T18:50:00
M0047,2026-08-31T06:50:00
M0047,2026-08-31T07:01:00
M0047,2026-09-03T06:12:00
M0047,2026-09-06T13:48:00
M0047,2026-09-07T13:07:00
M0047,2026-09-07T20:38:00
M0047,2026-09-09T06:04:00
M0047,2026-09-09T16:00:00
M0049,2026-02-12T10:10:00
M0049,2026-02-15T09:45:00
M0049,2026-02-24T14:00:00
M0049,2026-02-26T20:32:00
M0049,2026-03-02T07:59:00
M0049,2026-03-04T08:53:00
M0049,2026-03-05T13:43:00
M0049,2026-03-06T17:37:00
M0049,2026-03-10T17:30:00
M0049,2026-03-12T14:14:00
M0049,2026-03-13T12:27:00
M0049,2026-03-14T07:48:00
M0049,2026-03-20T07:29:00
M0049,2026-03-25T14:08:00
M0049,2026-03-28T18:23:00
M0049,2026-03-30T10:35:00
M0049,2026-04-03T13:07:00
M0049,2026-04-06T06:05:00
M0049,2026-04-11T10:29:00
M0049,2026-04-16T14:26:00
M0049,2026-04-19T17:19:00
M0049,2026-04-20T19:28:00
M0049,2026-04-30T19:04:00
M0049,2026-05-01T19:27:00
M0049,2026-05-05T18:30:00
M0049,2026-05-11T11:11:00
M0049,2026-05-13T16:31:00
M0049,2026-05-18T07:25:00
M0049,2026-05-23T14:42:00
M0049,2026-06-01T07:07:00
M0049,2026-06-04T12:25:00
M0049,2026-06-11T07:23:00
M0049,2026-06-11T11:12:00
M0049,2026-06-14T19:25:00
M0049,2026-06-15T15:06:00
M0049,2026-06-15T20:57:00
M0049,2026-06-17T09:53:00
M0049,2026-06-26T18:45:00
M0049,2026-06-27T17:31:00
M0049,2026-06-30T15:37:00
M0049,2026-07-03T18:50:00
M0049,2026-07-14T16:25:00
M0049,2026-07-17T13:42:00
M0049,2026-07-26T10:09:00
M0049,2026-07-26T12:31:00
M0049,2026-07-28T13:06:00
M0049,2026-08-05T10:31:00
M0049,2026-08-08T09:40:00
M0049,2026-08-20T06:06:00
M0049,2026-08-24T06:53:00
M0049,2026-08-26T13:43:00
M0049,2026-09-02T08:24:00
M0049,2026-09-03T10:39:00
M0049,2026-09-06T16:20:00
M0049,2026-09-09T16:48:00
M0050,2026-02-07T06:27:00
M0050,2026-02-08T12:28:00
M0050,2026-02-10T19:24:00
M0050,2026-02-11T13:02:00
M0050,2026-02-15T08:35:00
M0050,2026-02-16T13:27:00
M0050,2026-02-17T20:45:00
M0050,2026-02-20T19:49:00
M0050,2026-03-01T15:43:00
M0050,2026-03-02T10:45:00
M0050,2026-03-04T13:48:00
M0050,2026-03-11T16:35:00
M0050,2026-03-29T12:16:00
M0050,2026-04-01T13:35:00
M0050,2026-04-03T14:36:00
M0050,2026-04-04T08:32:00
M0050,2026-04-08T15:24:00
M0050,2026-04-09T16:22:00
M0050,2026-04-19T06:37:00
M0050,2026-04-19T08:53:00
M0050,2026-04-25T10:20:00
M0050,2026-05-05T11:51:00
M0050,2026-05-15T15:01:00
M0050,2026-05-16T20:40:00
M0050,2026-05-19T12:06:00
M0050,2026-05-20T11:22:00
M0050,2026-05-27T11:03:00
M0050,2026-06-01T16:19:00
M0050,2026-06-04T07:58:00
M0050,2026-06-05T07:55:00
M0050,2026-06-05T09:15:00
M0050,2026-06-09T07:21:00
M0050,2026-06-15T06:34:00
M0050,2026-06-16T06:29:00
M0050,2026-06-24T10:01:00
M0050,2026-06-25T14:57:00
M0050,2026-06-26T19:27:00
M0050,2026-07-05T11:24:00
M0050,2026-07-10T13:37:00
M0050,2026-07-16T12:20:00
M0050,2026-07-22T07:44:00
M0050,2026-07-23T07:51:00
M0050,2026-07-24T09:21:00
M0050,2026-07-29T14:51:00
M0050,2026-08-03T15:19:00
M0050,2026-08-08T16:21:00
M0050,2026-08-11T12:12:00
M0050,2026-08-12T16:54:00
M0050,2026-08-22T07:53:00
M0050,2026-08-25T10:03:00
M0050,2026-08-29T14:13:00
M0050,2026-09-01T15:25:00
M0050,2026-09-03T11:17:00
M0050,2026-09-04T07:45:00
M0050,2026-09-05T09:39:00
M0050,2026-09-05T15:06:00
M0050,2026-09-06T15:51:00
M0050,2026-09-07T11:50:00
M0050,2026-09-10T13:27:00
M0051,2025-11-09T14:29:00
M0051,2025-11-13T20:01:00
M0051,2025-11-17T18:35:00
M0051,2025-11-24T17:33:00
M0051,2025-11-25T08:36:00
M0051,2025-12-13T09:42:00
M0051,2025-12-16T17:29:00
M0051,2025-12-19T20:40:00
M0051,2026-01-04T18:39:00
M0051,2026-01-13T18:58:00
M0051,2026-01-17T20:36:00
M0051,2026-01-19T16:03:00
M0051,2026-01-25T09:23:00
M0051,2026-01-29T17:43:00
M0051,2026-01-31T08:15:00
M0051,2026-02-10T10:54:00
M0051,2026-02-14T12:20:00
M0051,2026-02-17T19:58:00
M0051,2026-02-18T16:13:00
M0051,2026-03-03T12:17:00
M0051,2026-03-10T10:41:00
M0051,2026-03-12T10:43:00
M0051,2026-03-15T09:25:00
M0051,2026-03-19T06:15:00
M0051,2026-03-19T07:09:00
M0051,2026-04-07T19:19:00
M0051,2026-04-15T09:10:00
M0051,2026-04-17T08:01:00
M0051,2026-04-18T12:41:00
M0051,2026-04-18T13:35:00
M0051,2026-04-24T18:51:00
M0051,2026-04-30T16:54:00
M0051,2026-05-01T16:35:00
M0051,2026-05-06T17:31:00
M0051,2026-05-29T15:19:00
M0051,2026-06-02T06:03:00
M0051,2026-06-02T07:57:00
M0051,2026-06-02T20:05:00
M0051,2026-06-13T20:23:00
M0051,2026-06-17T12:53:00
M0051,2026-06-22T16:56:00
M0051,2026-07-09T07:36:00
M0051,2026-07-13T14:59:00
M0051,2026-07-13T19:08:00
M0051,2026-07-15T14:42:00
M0051,2026-08-02T10:31:00
M0051,2026-08-04T15:49:00
M0051,2026-08-05T09:38:00
M0051,2026-08-05T18:51:00
M0051,2026-08-14T11:53:00
M0051,2026-08-16T17:24:00
M0051,2026-08-18T17:47:00
M0051,2026-09-10T08:06:00
M0051,2026-09-10T20:27:00
M0052,2025-04-08T14:27:00
M0052,2025-04-16T16:15:00
M0052,2025-04-22T20:50:00
M0052,2025-04-28T11:30:00
M0052,2025-05-23T11:52:00
M0052,2025-05-27T06:41:00
M0052,2025-05-29T06:53:00
M0052,2025-06-06T16:51:00
M0052,2025-06-15T17:58:00
M0052,2025-07-12T16:15:00
M0052,2025-07-15T14:24:00
M0052,2025-07-15T16:44:00
M0052,2025-08-05T20:51:00
M0052,2025-08-06T12:00:00
M0052,2025-08-08T07:34:00
M0052,2025-08-09T09:54:00
M0052,2025-08-20T20:58:00
M0052,2025-09-09T09:55:00
M0052,2025-09-09T10:05:00
M0052,2025-09-13T18:15:00
M0052,2025-09-22T20:28:00
M0052,2025-09-26T11:56:00
M0052,2025-10-04T18:41:00
M0052,2025-10-08T18:02:00
M0052,2025-10-14T19:05:00
M0052,2025-10-22T17:26:00
M0052,2025-10-25T18:31:00
M0052,2025-11-01T11:45:00
M0052,2025-11-12T20:58:00
M0052,2025-11-15T07:52:00
M0052,2025-11-17T17:16:00
M0052,2025-11-27T07:22:00
M0052,2025-12-02T13:44:00
M0052,2025-12-03T15:46:00
M0052,2025-12-06T14:47:00
M0052,2025-12-07T18:03:00
M0052,2025-12-12T16:11:00
M0052,2025-12-19T08:00:00
M0052,2025-12-19T13:50:00
M0052,2025-12-21T07:10:00
M0052,2025-12-22T14:45:00
M0052,2025-12-23T11:36:00
M0052,2025-12-24T09:40:00
M0052,2026-01-01T16:26:00
M0052,2026-01-03T08:54:00
M0052,2026-01-03T19:41:00
M0052,2026-01-14T19:47:00
M0052,2026-01-17T11:28:00
M0052,2026-01-19T10:11:00
M0052,2026-01-30T15:52:00
M0052,2026-02-03T18:18:00
M0052,2026-02-09T07:26:00
M0052,2026-02-10T08:25:00
M0052,2026-02-11T19:56:00
M0052,2026-02-26T09:01:00
M0052,2026-03-01T20:35:00
M0052,2026-03-02T20:05:00
M0052,2026-03-04T09:16:00
M0052,2026-03-06T15:40:00
M0052,2026-03-13T19:10:00
M0052,2026-03-15T12:39:00
M0052,2026-03-18T15:16:00
M0052,2026-03-23T07:23:00
M0052,2026-03-23T15:07:00
M0052,2026-03-29T17:33:00
M0052,2026-04-08T18:58:00
M0052,2026-04-15T07:14:00
M0052,2026-04-15T19:43:00
M0052,2026-04-17T09:12:00
M0052,2026-04-18T19:50:00
M0052,2026-04-21T10:47:00
M0052,2026-04-22T12:08:00
M0052,2026-04-29T19:13:00
M0052,2026-04-30T09:52:00
M0052,2026-05-04T12:11:00
M0052,2026-05-05T17:43:00
M0052,2026-05-10T10:16:00
M0052,2026-05-11T15:28:00
M0052,2026-05-13T18:09:00
M0052,2026-05-18T11:37:00
M0052,2026-05-24T06:30:00
M0052,2026-05-29T16:29:00
M0052,2026-06-01T19:20:00
M0052,2026-06-05T12:43:00
M0052,2026-06-08T17:24:00
M0052,2026-06-18T10:04:00
M0052,2026-06-19T12:47:00
M0052,2026-06-21T11:59:00
M0052,2026-06-21T14:03:00
M0052,2026-06-29T13:58:00
M0052,2026-06-30T15:42:00
M0052,2026-07-10T18:02:00
M0052,2026-07-11T15:45:00
M0052,2026-07-12T10:32:00
M0052,2026-07-16T12:19:00
M0052,2026-07-22T16:23:00
M0052,2026-08-02T15:11:00
M0052,2026-08-03T20:35:00
M0052,2026-08-25T08:32:00
M0052,2026-08-26T20:21:00
M0052,2026-09-02T08:05:00
M0053,2026-01-31T11:59:00
M0053,2026-02-19T10:57:00
M0053,2026-04-01T15:53:00
M0053,2026-04-05T20:16:00
M0053,2026-04-17T11:27:00
M0053,2026-06-23T11:47:00
M0053,2026-07-09T18:09:00
M0053,2026-07-10T19:59:00
M0053,2026-07-30T06:12:00
M0053,2026-08-01T16:51:00
M0054,2026-03-23T13:22:00
M0054,2026-03-26T13:07:00
M0054,2026-03-28T14:31:00
M0054,2026-03-30T09:55:00
M0054,2026-03-31T07:22:00
M0054,2026-03-31T17:32:00
M0054,2026-04-01T08:53:00
M0054,2026-04-04T15:13:00
M0054,2026-04-05T10:36:00
M0054,2026-04-05T17:55:00
M0054,2026-04-07T18:31:00
M0054,2026-04-09T20:04:00
M0054,2026-04-10T06:33:00
M0054,2026-04-12T15:11:00
M0054,2026-04-13T19:20:00
M0054,2026-04-15T06:18:00
M0054,2026-04-16T11:37:00
M0054,2026-04-18T07:56:00
M0054,2026-04-18T16:07:00
M0054,2026-04-21T06:05:00
M0054,2026-04-23T19:45:00
M0054,2026-04-25T06:21:00
M0054,2026-04-25T10:38:00
M0054,2026-04-25T13:29:00
M0054,2026-04-27T16:39:00
M0054,2026-04-30T11:46:00
M0054,2026-05-01T08:13:00
M0054,2026-05-02T20:51:00
M0054,2026-05-03T06:51:00
M0054,2026-05-04T14:38:00
M0054,2026-05-06T08:15:00
M0054,2026-05-07T07:25:00
M0054,2026-05-09T10:20:00
M0054,2026-05-10T06:47:00
M0054,2026-05-11T06:54:00
M0054,2026-05-12T07:19:00
M0054,2026-05-12T08:24:00
M0054,2026-05-14T18:27:00
M0054,2026-05-16T18:41:00
M0054,2026-05-16T18:58:00
M0054,2026-05-17T12:18:00
M0054,2026-05-17T19:25:00
M0054,2026-05-20T20:43:00
M0054,2026-05-22T08:22:00
M0054,2026-05-23T07:53:00
M0054,2026-05-27T14:12:00
M0054,2026-05-28T13:17:00
M0054,2026-05-28T13:56:00
M0054,2026-06-01T18:27:00
M0054,2026-06-02T12:40:00
M0054,2026-06-04T07:02:00
M0054,2026-06-05T11:29:00
M0054,2026-06-05T15:27:00
M0054,2026-06-07T11:39:00
M0054,2026-06-10T13:27:00
M0054,2026-06-11T14:40:00
M0054,2026-06-13T09:41:00
M0054,2026-06-13T14:05:00
M0054,2026-06-13T17:09:00
M0054,2026-06-15T20:51:00
M0054,2026-06-16T16:57:00
M0054,2026-06-17T19:15:00
M0054,2026-06-18T10:09:00
M0054,2026-06-19T06:35:00
M0054,2026-06-19T12:18:00
M0054,2026-06-22T20:02:00
M0054,2026-06-24T10:37:00
M0054,2026-06-25T12:06:00
M0054,2026-06-25T16:46:00
M0054,2026-06-26T07:32:00
M0054,2026-06-26T19:16:00
M0054,2026-06-29T07:47:00
M0054,2026-06-29T18:32:00
M0054,2026-07-02T06:05:00
M0054,2026-07-02T20:45:00
M0054,2026-07-04T13:11:00
M0054,2026-07-05T08:53:00
M0054,2026-07-08T11:37:00
M0054,2026-07-11T13:39:00
M0054,2026-07-11T13:48:00
M0054,2026-07-14T08:05:00
M0054,2026-07-16T14:01:00
M0054,2026-07-18T15:16:00
M0054,2026-07-19T10:21:00
M0054,2026-07-19T16:06:00
M0054,2026-07-19T18:11:00
M0054,2026-07-20T08:41:00
M0054,2026-07-20T12:07:00
M0054,2026-07-23T13:44:00
M0054,2026-07-23T19:42:00
M0054,2026-08-01T15:46:00
M0054,2026-08-06T10:39:00
M0054,2026-08-08T16:44:00
M0054,2026-08-09T15:23:00
M0054,2026-08-15T12:51:00
M0054,2026-08-17T09:30:00
M0054,2026-08-17T19:01:00
M0054,2026-08-18T06:12:00
M0054,2026-08-19T07:08:00
M0054,2026-08-22T08:41:00
M0054,2026-08-22T09:54:00
M0054,2026-08-24T07:10:00
M0054,2026-08-25T12:53:00
M0054,2026-08-25T13:27:00
M0054,2026-08-25T17:44:00
M0054,2026-08-26T18:29:00
M0054,2026-08-27T13:30:00
M0054,2026-08-28T09:05:00
M0054,2026-08-29T19:50:00
M0054,2026-08-31T19:28:00
M0054,2026-09-02T15:53:00
M0054,2026-09-04T09:12:00
M0054,2026-09-09T06:06:00
M0055,2025-06-05T12:31:00
M0055,2025-06-06T15:46:00
M0055,2025-06-13T20:43:00
M0055,2025-06-15T19:31:00
M0055,2025-06-24T17:03:00
M0055,2025-06-30T10:57:00
M0055,2025-07-04T06:27:00
M0055,2025-07-04T11:35:00
M0055,2025-07-10T07:31:00
M0055,2025-07-12T12:56:00
M0055,2025-07-18T16:22:00
M0055,2025-07-21T08:18:00
M0055,2025-07-24T17:27:00
M0055,2025-08-02T09:30:00
M0055,2025-08-06T13:14:00
M0055,2025-08-08T09:37:00
M0055,2025-08-15T19:53:00
M0055,2025-08-16T11:58:00
M0055,2025-08-26T20:18:00
M0055,2025-08-30T16:29:00
M0055,2025-09-06T17:24:00
M0055,2025-09-11T19:43:00
M0055,2025-09-20T17:23:00
M0055,2025-09-21T13:51:00
M0055,2025-09-28T08:39:00
M0055,2025-09-30T10:44:00
M0055,2025-10-18T07:42:00
M0055,2025-10-21T08:38:00
M0055,2025-10-23T08:11:00
M0055,2025-10-30T07:50:00
M0055,2025-11-03T06:22:00
M0055,2025-11-04T09:35:00
M0055,2025-11-06T13:19:00
M0055,2025-11-11T08:52:00
M0055,2025-11-12T11:43:00
M0055,2025-12-01T18:04:00
M0055,2025-12-07T20:32:00
M0055,2025-12-10T12:07:00
M0055,2025-12-12T09:07:00
M0055,2025-12-12T09:31:00
M0055,2025-12-24T11:50:00
M0055,2025-12-31T18:02:00
M0055,2026-01-04T20:35:00
M0055,2026-01-07T20:09:00
M0055,2026-01-11T17:55:00
M0055,2026-01-26T17:03:00
M0055,2026-01-30T15:42:00
M0055,2026-02-05T18:29:00
M0055,2026-02-08T18:07:00
M0055,2026-02-23T18:39:00
M0055,2026-03-06T18:54:00
M0055,2026-03-09T19:35:00
M0055,2026-03-16T14:06:00
M0055,2026-03-24T16:07:00
M0055,2026-03-29T09:58:00
M0055,2026-04-01T08:46:00
M0055,2026-04-01T17:28:00
M0055,2026-04-05T14:31:00
M0055,2026-04-11T19:06:00
M0055,2026-04-14T16:23:00
M0055,2026-04-15T19:08:00
M0055,2026-04-20T19:12:00
M0055,2026-04-23T12:49:00
M0055,2026-05-06T10:32:00
M0055,2026-05-10T06:15:00
M0055,2026-05-10T18:30:00
M0055,2026-05-12T07:17:00
M0055,2026-05-13T17:48:00
M0055,2026-05-21T11:40:00
M0055,2026-05-21T18:14:00
M0055,2026-05-23T09:09:00
M0055,2026-05-24T18:33:00
M0055,2026-05-26T18:27:00
M0055,2026-05-28T20:26:00
M0055,2026-06-04T19:33:00
M0055,2026-06-14T16:23:00
M0055,2026-06-22T13:09:00
M0055,2026-07-05T06:45:00
M0055,2026-07-06T11:20:00
M0055,2026-07-09T18:10:00
M0055,2026-07-12T14:04:00
M0055,2026-07-16T06:25:00
M0055,2026-08-01T08:57:00
M0055,2026-08-02T06:42:00
M0055,2026-08-21T06:40:00
M0055,2026-08-22T18:42:00
M0055,2026-08-27T20:43:00
M0055,2026-08-28T10:26:00
M0055,2026-09-09T17:47:00
M0056,2025-08-17T15:50:00
M0056,2025-08-24T16:28:00
M0056,2025-08-25T11:56:00
M0056,2025-08-30T18:12:00
M0056,2025-09-02T18:41:00
M0056,2025-09-05T07:02:00
M0056,2025-09-14T11:24:00
M0056,2025-09-15T17:47:00
M0056,2025-09-25T14:34:00
M0056,2025-10-03T09:05:00
M0056,2025-10-05T14:19:00
M0056,2025-10-12T11:48:00
M0056,2025-10-22T20:50:00
M0056,2025-10-26T15:16:00
M0056,2025-10-27T08:01:00
M0056,2025-11-06T19:49:00
M0056,2025-11-21T17:27:00
M0056,2025-11-30T07:46:00
M0056,2025-12-03T19:23:00
M0056,2025-12-26T07:03:00
M0056,2025-12-26T16:32:00
M0056,2026-01-13T16:07:00
M0056,2026-01-24T10:36:00
M0056,2026-01-26T06:29:00
M0056,2026-02-06T09:51:00
M0056,2026-02-23T15:36:00
M0056,2026-02-23T20:40:00
M0056,2026-03-01T09:22:00
M0056,2026-03-02T14:54:00
M0056,2026-03-06T10:42:00
M0056,2026-03-10T19:45:00
M0056,2026-03-15T16:08:00
M0056,2026-04-06T12:33:00
M0056,2026-04-10T14:37:00
M0056,2026-04-13T09:06:00
M0056,2026-05-14T17:27:00
M0056,2026-05-14T19:49:00
M0056,2026-05-15T13:06:00
M0056,2026-05-26T12:05:00
M0056,2026-06-03T06:27:00
M0056,2026-06-04T13:13:00
M0056,2026-06-13T07:23:00
M0056,2026-06-22T14:25:00
M0056,2026-06-28T14:33:00
M0056,2026-07-14T12:55:00
M0056,2026-07-23T08:32:00
M0056,2026-07-24T15:31:00
M0056,2026-07-27T12:28:00
M0056,2026-07-27T12:52:00
M0056,2026-07-27T20:31:00
M0056,2026-07-30T13:45:00
M0056,2026-08-08T08:45:00
M0056,2026-08-16T19:33:00
M0056,2026-08-19T17:13:00
M0056,2026-09-05T13:02:00
M0057,2025-08-10T11:19:00
M0057,2025-08-10T14:09:00
M0057,2025-08-12T10:18:00
M0057,2025-08-20T06:50:00
M0057,2025-08-25T08:50:00
M0057,2025-09-09T20:18:00
M0057,2025-09-11T12:03:00
M0057,2025-09-15T08:52:00
M0057,2025-09-21T14:22:00
M0057,2025-09-21T19:02:00
M0057,2025-09-26T13:00:00
M0057,2025-09-30T15:28:00
M0057,2025-10-01T13:36:00
M0057,2025-10-07T18:24:00
M0057,2025-10-22T19:46:00
M0057,2025-10-25T08:32:00
M0057,2025-10-25T15:08:00
M0057,2025-10-27T19:46:00
M0057,2025-10-29T16:28:00
M0057,2025-10-31T13:48:00
M0057,2025-11-04T07:51:00
M0057,2025-11-06T16:39:00
M0057,2025-11-12T11:34:00
M0057,2025-11-12T12:14:00
M0057,2025-11-30T16:56:00
M0057,2025-12-10T17:17:00
M0057,2025-12-19T07:55:00
M0057,2025-12-22T17:01:00
M0057,2026-01-01T16:50:00
M0057,2026-01-03T17:19:00
M0057,2026-01-08T16:07:00
M0057,2026-01-12T15:34:00
M0057,2026-01-16T14:05:00
M0057,2026-01-29T14:12:00
M0057,2026-01-29T18:03:00
M0057,2026-02-07T13:32:00
M0057,2026-02-08T07:42:00
M0057,2026-02-16T19:45:00
M0057,2026-02-17T18:13:00
M0057,2026-02-19T08:01:00
M0057,2026-02-28T20:37:00
M0057,2026-03-04T07:51:00
M0057,2026-03-05T15:20:00
M0057,2026-03-18T15:02:00
M0057,2026-03-25T19:59:00
M0057,2026-03-29T11:27:00
M0057,2026-04-06T12:01:00
M0057,2026-04-11T14:20:00
M0057,2026-04-15T10:05:00
M0057,2026-04-19T07:34:00
M0057,2026-04-20T10:09:00
M0057,2026-04-26T08:19:00
M0057,2026-04-27T10:49:00
M0057,2026-05-03T15:20:00
M0057,2026-05-06T16:10:00
M0057,2026-05-11T06:45:00
M0057,2026-05-17T10:24:00
M0057,2026-05-31T11:09:00
M0057,2026-06-17T20:20:00
M0057,2026-06-21T06:12:00
M0057,2026-06-23T12:52:00
M0057,2026-06-29T18:38:00
M0057,2026-07-16T09:31:00
M0057,2026-07-22T07:17:00
M0057,2026-07-23T18:32:00
M0057,2026-07-26T11:29:00
M0057,2026-07-30T12:04:00
M0057,2026-08-12T06:26:00
M0057,2026-08-14T09:58:00
M0057,2026-08-16T10:35:00
M0057,2026-08-20T16:06:00
M0057,2026-08-24T18:35:00
M0057,2026-09-11T18:08:00
M0058,2026-03-03T06:03:00
M0058,2026-03-05T06:00:00
M0058,2026-03-05T20:35:00
M0058,2026-03-06T10:41:00
M0058,2026-03-08T09:34:00
M0058,2026-03-08T13:53:00
M0058,2026-03-11T19:43:00
M0058,2026-03-12T10:38:00
M0058,2026-03-19T11:53:00
M0058,2026-03-21T09:37:00
M0058,2026-03-22T14:18:00
M0058,2026-03-23T08:47:00
M0058,2026-03-25T07:25:00
M0058,2026-03-27T15:04:00
M0058,2026-03-31T15:32:00
M0058,2026-03-31T17:35:00
M0058,2026-04-01T18:45:00
M0058,2026-04-01T20:27:00
M0058,2026-04-04T07:53:00
M0058,2026-04-04T11:40:00
M0058,2026-04-05T11:56:00
M0058,2026-04-07T13:38:00
M0058,2026-04-09T10:15:00
M0058,2026-04-11T11:21:00
M0058,2026-04-13T15:30:00
M0058,2026-04-13T20:00:00
M0058,2026-04-15T06:58:00
M0058,2026-04-18T08:41:00
M0058,2026-04-24T20:44:00
M0058,2026-04-25T08:26:00
M0058,2026-04-27T20:53:00
M0058,2026-04-30T14:05:00
M0058,2026-05-02T07:34:00
M0058,2026-05-02T13:48:00
M0058,2026-05-03T20:41:00
M0058,2026-05-05T19:49:00
M0058,2026-05-08T11:24:00
M0058,2026-05-09T07:22:00
M0058,2026-05-10T12:52:00
M0058,2026-05-10T16:28:00
M0058,2026-05-11T13:23:00
M0058,2026-05-12T13:00:00
M0058,2026-05-17T17:00:00
M0058,2026-05-19T17:01:00
M0058,2026-05-23T11:12:00
M0058,2026-05-24T10:43:00
M0058,2026-05-25T19:39:00
M0058,2026-05-27T13:57:00
M0058,2026-05-28T11:02:00
M0058,2026-05-30T09:14:00
M0058,2026-05-30T10:51:00
M0058,2026-05-30T17:38:00
M0058,2026-06-01T19:17:00
M0058,2026-06-02T06:12:00
M0058,2026-06-05T14:31:00
M0058,2026-06-07T16:25:00
M0058,2026-06-09T14:12:00
M0058,2026-06-20T16:38:00
M0058,2026-06-20T17:36:00
M0058,2026-06-22T08:16:00
M0058,2026-06-26T08:04:00
M0058,2026-06-26T08:47:00
M0058,2026-07-03T17:50:00
M0058,2026-07-03T19:14:00
M0058,2026-07-06T19:20:00
M0058,2026-07-08T09:54:00
M0058,2026-07-08T16:35:00
M0058,2026-07-09T06:27:00
M0058,2026-07-09T19:26:00
M0058,2026-07-11T06:44:00
M0058,2026-07-11T14:39:00
M0058,2026-07-11T16:41:00
M0058,2026-07-13T20:46:00
M0058,2026-07-15T07:43:00
M0058,2026-07-15T14:48:00
M0058,2026-07-17T13:31:00
M0058,2026-07-21T06:17:00
M0058,2026-07-21T11:05:00
M0058,2026-07-22T06:25:00
M0058,2026-07-23T14:28:00
M0058,2026-07-24T18:01:00
M0058,2026-07-28T09:10:00
M0058,2026-07-29T10:04:00
M0058,2026-07-30T07:58:00
M0058,2026-08-01T09:44:00
M0058,2026-08-01T16:06:00
M0058,2026-08-03T13:27:00
M0058,2026-08-09T06:37:00
M0058,2026-08-09T16:59:00
M0058,2026-08-10T19:21:00
M0058,2026-08-11T07:30:00
M0058,2026-08-11T11:53:00
M0058,2026-08-12T19:16:00
M0058,2026-08-14T18:15:00
M0058,2026-08-17T16:28:00
M0058,2026-08-17T18:38:00
M0058,2026-08-21T13:48:00
M0058,2026-08-24T20:02:00
M0058,2026-08-26T15:40:00
M0058,2026-08-27T11:56:00
M0058,2026-08-28T07:05:00
M0058,2026-08-30T08:03:00
M0058,2026-08-30T13:03:00
M0058,2026-08-30T17:04:00
M0058,2026-09-03T07:06:00
M0058,2026-09-07T10:54:00
M0059,2025-07-29T18:27:00
M0059,2025-10-08T15:06:00
M0059,2025-12-01T16:43:00
M0059,2025-12-26T06:29:00
M0059,2026-01-21T11:37:00
M0059,2026-03-15T07:06:00
M0059,2026-05-23T15:45:00
M0059,2026-06-13T15:50:00
M0059,2026-08-07T09:57:00
M0060,2025-10-11T08:19:00
M0060,2025-10-13T15:56:00
M0060,2025-10-15T12:32:00
M0060,2025-10-16T18:22:00
M0060,2025-10-19T06:15:00
M0060,2025-10-19T13:19:00
M0060,2025-10-20T06:33:00
M0060,2025-10-22T11:18:00
M0060,2025-10-22T16:43:00
M0060,2025-10-22T18:09:00
M0060,2025-10-26T16:58:00
M0060,2025-10-26T18:04:00
M0060,2025-10-28T11:12:00
M0060,2025-10-29T19:03:00
M0060,2025-10-29T19:53:00
M0060,2025-11-03T09:42:00
M0060,2025-11-03T19:37:00
M0060,2025-11-04T15:44:00
M0060,2025-11-04T17:44:00
M0060,2025-11-05T11:39:00
M0060,2025-11-08T16:14:00
M0060,2025-11-09T07:29:00
M0060,2025-11-10T12:21:00
M0060,2025-11-11T09:58:00
M0060,2025-11-12T09:15:00
M0060,2025-11-13T09:29:00
M0060,2025-11-14T20:02:00
M0060,2025-11-18T08:52:00
M0060,2025-11-18T17:49:00
M0060,2025-11-20T12:13:00
M0060,2025-11-21T11:51:00
M0060,2025-11-22T11:00:00
M0060,2025-11-22T11:01:00
M0060,2025-11-24T13:12:00
M0060,2025-11-26T07:09:00
M0060,2025-11-27T15:58:00
M0060,2025-11-29T09:12:00
M0060,2025-12-01T08:14:00
M0060,2025-12-01T17:11:00
M0060,2025-12-05T11:02:00
M0060,2025-12-06T08:53:00
M0060,2025-12-07T08:12:00
M0060,2025-12-08T19:35:00
M0060,2025-12-08T20:06:00
M0060,2025-12-13T19:43:00
M0060,2025-12-14T12:41:00
M0060,2025-12-15T13:15:00
M0060,2025-12-15T18:23:00
M0060,2025-12-15T20:13:00
M0060,2025-12-18T08:33:00
M0060,2025-12-19T20:07:00
M0060,2025-12-20T07:09:00
M0060,2025-12-21T14:24:00
M0060,2025-12-21T18:12:00
M0060,2025-12-23T20:45:00
M0060,2025-12-26T15:56:00
M0060,2025-12-31T12:40:00
M0060,2026-01-01T11:20:00
M0060,2026-01-04T19:34:00
M0060,2026-01-04T20:02:00
M0060,2026-01-09T15:37:00
M0060,2026-01-10T18:30:00
M0060,2026-01-12T09:03:00
M0060,2026-01-12T18:09:00
M0060,2026-01-13T09:46:00
M0060,2026-01-14T15:56:00
M0060,2026-01-15T18:17:00
M0060,2026-01-16T08:54:00
M0060,2026-01-17T08:32:00
M0060,2026-01-23T16:39:00
M0060,2026-01-26T13:33:00
M0060,2026-01-27T08:20:00
M0060,2026-01-27T13:17:00
M0060,2026-01-27T18:56:00
M0060,2026-01-28T12:40:00
M0060,2026-01-29T11:33:00
M0060,2026-01-29T13:45:00
M0060,2026-01-29T18:32:00
M0060,2026-01-31T09:14:00
M0060,2026-02-06T15:41:00
M0060,2026-02-08T12:13:00
M0060,2026-02-08T13:55:00
M0060,2026-02-09T12:56:00
M0060,2026-02-10T15:10:00
M0060,2026-02-13T11:16:00
M0060,2026-02-17T14:22:00
M0060,2026-02-18T07:08:00
M0060,2026-02-20T07:18:00
M0060,2026-02-22T15:02:00
M0060,2026-02-23T12:28:00
M0060,2026-02-23T18:31:00
M0060,2026-02-24T12:26:00
M0060,2026-02-24T14:39:00
M0060,2026-02-28T08:28:00
M0060,2026-02-28T11:57:00
M0060,2026-03-01T10:41:00
M0060,2026-03-02T10:24:00
M0060,2026-03-07T10:53:00
M0060,2026-03-11T14:34:00
M0060,2026-03-12T07:50:00
M0060,2026-03-14T07:04:00
M0060,2026-03-15T11:12:00
M0060,2026-03-16T06:34:00
M0060,2026-03-16T20:14:00
M0060,2026-03-19T11:16:00
M0060,2026-03-23T09:45:00
M0060,2026-03-23T17:52:00
M0060,2026-03-27T16:54:00
M0060,2026-03-28T18:19:00
M0060,2026-04-01T08:54:00
M0060,2026-04-01T20:16:00
M0060,2026-04-03T17:47:00
M0060,2026-04-06T19:22:00
M0060,2026-04-09T06:30:00
M0060,2026-04-10T12:25:00
M0060,2026-04-10T15:48:00
M0060,2026-04-12T09:46:00
M0060,2026-04-12T19:25:00
M0060,2026-04-16T09:30:00
M0060,2026-04-16T14:48:00
M0060,2026-04-19T14:37:00
M0060,2026-04-21T11:50:00
M0060,2026-04-21T17:52:00
M0060,2026-04-24T14:48:00
M0060,2026-04-25T11:54:00
M0060,2026-04-26T12:49:00
M0060,2026-04-30T12:13:00
M0060,2026-05-02T13:51:00
M0060,2026-05-03T10:47:00
M0060,2026-05-03T15:55:00
M0060,2026-05-04T09:26:00
M0060,2026-05-05T13:54:00
M0060,2026-05-06T06:23:00
M0060,2026-05-07T19:22:00
M0060,2026-05-12T16:48:00
M0060,2026-05-12T18:49:00
M0060,2026-05-14T14:19:00
M0060,2026-05-17T08:21:00
M0060,2026-05-18T15:01:00
M0060,2026-05-20T16:51:00
M0060,2026-05-20T18:02:00
M0060,2026-05-20T19:25:00
M0060,2026-05-20T20:38:00
M0060,2026-05-23T14:24:00
M0060,2026-05-26T09:25:00
M0060,2026-05-30T08:06:00
M0060,2026-05-30T19:44:00
M0060,2026-05-31T13:06:00
M0060,2026-06-01T15:28:00
M0060,2026-06-04T14:11:00
M0060,2026-06-04T20:19:00
M0060,2026-06-07T09:04:00
M0060,2026-06-07T10:42:00
M0060,2026-06-09T10:13:00
M0060,2026-06-10T07:29:00
M0060,2026-06-10T13:01:00
M0060,2026-06-13T08:20:00
M0060,2026-06-13T11:33:00
M0060,2026-06-14T14:26:00
M0060,2026-06-16T08:07:00
M0060,2026-06-16T17:04:00
M0060,2026-06-19T20:26:00
M0060,2026-06-21T08:55:00
M0060,2026-06-21T10:27:00
M0060,2026-06-21T14:45:00
M0060,2026-06-23T08:38:00
M0060,2026-06-23T20:55:00
M0060,2026-06-24T10:37:00
M0060,2026-06-25T13:17:00
M0060,2026-06-26T17:42:00
M0060,2026-06-28T06:09:00
M0060,2026-06-28T14:21:00
M0060,2026-06-30T07:52:00
M0060,2026-06-30T15:51:00
M0060,2026-07-07T13:36:00
M0060,2026-07-08T20:31:00
M0060,2026-07-11T17:05:00
M0060,2026-07-13T16:56:00
M0060,2026-07-14T11:44:00
M0060,2026-07-17T17:50:00
M0060,2026-07-19T12:15:00
M0060,2026-07-19T20:39:00
M0060,2026-07-20T12:39:00
M0060,2026-07-23T12:29:00
M0060,2026-07-24T18:54:00
M0060,2026-07-25T09:56:00
M0060,2026-07-25T12:44:00
M0060,2026-07-26T17:36:00
M0060,2026-07-28T20:42:00
M0060,2026-08-06T14:18:00
M0060,2026-08-06T20:04:00
M0060,2026-08-07T08:17:00
M0060,2026-08-08T11:04:00
M0060,2026-08-09T20:31:00
M0060,2026-08-11T18:35:00
M0060,2026-08-13T17:46:00
M0060,2026-08-15T13:01:00
M0060,2026-08-17T09:32:00
M0060,2026-08-18T13:10:00
M0060,2026-08-21T07:32:00
M0060,2026-08-21T18:20:00
M0060,2026-08-22T16:44:00
M0060,2026-08-25T06:00:00
M0060,2026-08-25T11:47:00
M0060,2026-08-25T19:12:00
M0060,2026-08-27T17:29:00
M0060,2026-08-30T11:42:00
M0060,2026-08-31T07:45:00
M0060,2026-09-01T07:05:00
M0060,2026-09-02T16:15:00
M0060,2026-09-03T13:31:00
M0060,2026-09-05T08:18:00
M0060,2026-09-08T19:17:00
M0060,2026-09-10T13:08:00
M0060,2026-09-11T06:38:00
M0060,2026-09-11T08:10:00
M0061,2025-09-09T14:13:00
M0061,2025-11-09T17:03:00
M0061,2026-01-05T16:42:00
M0061,2026-01-07T16:51:00
M0061,2026-02-17T16:57:00
M0061,2026-03-05T12:44:00
M0061,2026-03-28T13:03:00
M0061,2026-04-06T06:03:00
M0061,2026-05-13T12:49:00
M0061,2026-07-03T20:15:00
M0061,2026-07-11T20:15:00
M0061,2026-08-07T07:01:00
M0061,2026-08-23T06:00:00
M0062,2025-05-05T14:06:00
M0062,2025-05-08T11:20:00
M0062,2025-05-09T09:13:00
M0062,2025-05-13T09:59:00
M0062,2025-05-13T12:27:00
M0062,2025-05-13T16:12:00
M0062,2025-05-23T11:20:00
M0062,2025-05-24T06:25:00
M0062,2025-06-02T09:29:00
M0062,2025-06-04T11:00:00
M0062,2025-06-07T07:42:00
M0062,2025-06-12T10:41:00
M0062,2025-06-13T20:13:00
M0062,2025-06-16T10:49:00
M0062,2025-06-17T11:02:00
M0062,2025-06-24T13:06:00
M0062,2025-06-25T14:50:00
M0062,2025-07-17T15:10:00
M0062,2025-07-20T07:38:00
M0062,2025-07-20T16:44:00
M0062,2025-07-21T16:59:00
M0062,2025-07-24T17:08:00
M0062,2025-07-27T08:40:00
M0062,2025-08-10T19:42:00
M0062,2025-08-14T20:44:00
M0062,2025-08-22T15:58:00
M0062,2025-08-25T07:21:00
M0062,2025-08-26T13:24:00
M0062,2025-08-30T14:37:00
M0062,2025-09-02T16:47:00
M0062,2025-09-03T06:14:00
M0062,2025-09-05T10:15:00
M0062,2025-09-05T15:48:00
M0062,2025-09-12T08:23:00
M0062,2025-09-13T15:05:00
M0062,2025-09-15T10:12:00
M0062,2025-09-17T12:48:00
M0062,2025-09-27T12:13:00
M0062,2025-10-01T06:15:00
M0062,2025-10-01T15:28:00
M0062,2025-10-01T20:21:00
M0062,2025-10-04T10:20:00
M0062,2025-10-10T14:50:00
M0062,2025-10-15T18:48:00
M0062,2025-10-20T16:52:00
M0062,2025-10-26T18:01:00
M0062,2025-11-01T14:03:00
M0062,2025-11-01T19:46:00
M0062,2025-11-02T11:15:00
M0062,2025-11-05T09:51:00
M0062,2025-11-22T15:55:00
M0062,2025-11-24T14:20:00
M0062,2025-11-26T17:46:00
M0062,2025-11-29T13:40:00
M0062,2025-12-05T07:55:00
M0062,2025-12-08T07:12:00
M0062,2025-12-12T16:09:00
M0062,2025-12-20T08:05:00
M0062,2025-12-20T15:35:00
M0062,2025-12-26T12:46:00
M0062,2025-12-27T09:32:00
M0062,2026-01-01T18:59:00
M0062,2026-01-05T08:38:00
M0062,2026-01-05T10:10:00
M0062,2026-01-07T09:15:00
M0062,2026-01-10T10:18:00
M0062,2026-01-20T13:40:00
M0062,2026-01-24T10:55:00
M0062,2026-02-01T12:24:00
M0062,2026-02-05T13:05:00
M0062,2026-02-07T13:28:00
M0062,2026-02-14T19:50:00
M0062,2026-02-16T06:48:00
M0062,2026-02-16T12:54:00
M0062,2026-02-16T14:39:00
M0062,2026-02-18T12:48:00
M0062,2026-02-20T18:58:00
M0062,2026-02-21T10:24:00
M0062,2026-02-21T14:46:00
M0062,2026-02-22T15:34:00
M0062,2026-03-01T08:45:00
M0062,2026-03-01T12:35:00
M0062,2026-03-02T10:29:00
M0062,2026-03-03T13:04:00
M0062,2026-03-07T06:00:00
M0062,2026-03-09T09:09:00
M0062,2026-03-18T11:31:00
M0062,2026-03-19T14:46:00
M0062,2026-03-30T17:23:00
M0062,2026-03-30T20:26:00
M0062,2026-04-06T13:19:00
M0062,2026-04-13T20:02:00
M0062,2026-04-15T15:04:00
M0062,2026-04-17T12:59:00
M0062,2026-04-21T08:12:00
M0062,2026-04-30T12:16:00
M0062,2026-05-01T16:24:00
M0062,2026-05-06T11:32:00
M0062,2026-05-06T11:44:00
M0062,2026-05-06T13:40:00
M0062,2026-05-07T20:48:00
M0062,2026-05-11T17:15:00
M0062,2026-05-16T13:02:00
M0062,2026-05-20T16:01:00
M0062,2026-05-21T11:40:00
M0062,2026-05-23T10:38:00
M0062,2026-05-27T16:41:00
M0062,2026-05-31T09:38:00
M0062,2026-06-01T16:09:00
M0062,2026-06-02T16:53:00
M0062,2026-06-06T06:07:00
M0062,2026-06-10T20:24:00
M0062,2026-06-11T07:41:00
M0062,2026-06-12T14:58:00
M0062,2026-06-15T17:37:00
M0062,2026-06-27T19:27:00
M0062,2026-06-27T20:27:00
M0062,2026-06-28T17:19:00
M0062,2026-06-30T14:42:00
M0062,2026-07-06T15:19:00
M0062,2026-07-08T12:48:00
M0062,2026-07-08T19:05:00
M0062,2026-07-10T16:36:00
M0062,2026-07-23T08:17:00
M0062,2026-07-23T18:22:00
M0062,2026-07-26T06:10:00
M0062,2026-07-29T09:59:00
M0062,2026-07-29T12:44:00
M0062,2026-07-30T13:00:00
M0062,2026-07-31T07:49:00
M0062,2026-08-03T16:18:00
M0062,2026-08-05T12:33:00
M0062,2026-08-12T12:10:00
M0062,2026-08-21T13:36:00
M0062,2026-08-22T11:11:00
M0062,2026-08-24T08:32:00
M0062,2026-08-26T08:12:00
M0062,2026-09-03T09:11:00
M0062,2026-09-05T06:47:00
M0063,2026-01-25T16:48:00
M0063,2026-01-26T09:30:00
M0063,2026-02-05T06:03:00
M0063,2026-02-07T18:00:00
M0063,2026-02-10T15:50:00
M0063,2026-02-12T07:13:00
M0063,2026-02-23T18:00:00
M0063,2026-03-01T13:48:00
M0063,2026-03-01T15:33:00
M0063,2026-03-04T10:59:00
M0063,2026-03-14T15:27:00
M0063,2026-03-21T11:43:00
M0063,2026-03-21T11:52:00
M0063,2026-03-27T11:42:00
M0063,2026-04-02T11:55:00
M0063,2026-04-04T18:06:00
M0063,2026-04-05T12:39:00
M0063,2026-04-09T13:55:00
M0063,2026-04-21T12:46:00
M0063,2026-04-23T19:33:00
M0063,2026-04-24T06:38:00
M0063,2026-04-25T17:48:00
M0063,2026-04-29T20:59:00
M0063,2026-05-06T09:23:00
M0063,2026-05-10T15:43:00
M0063,2026-05-11T12:42:00
M0063,2026-05-12T19:30:00
M0063,2026-05-15T06:40:00
M0063,2026-05-28T18:47:00
M0063,2026-06-02T11:55:00
M0063,2026-06-03T11:01:00
M0063,2026-06-06T16:28:00
M0063,2026-06-19T15:31:00
M0063,2026-06-21T17:39:00
M0063,2026-06-21T20:59:00
M0063,2026-06-24T07:22:00
M0063,2026-07-05T16:54:00
M0063,2026-07-10T19:33:00
M0063,2026-07-13T09:45:00
M0063,2026-07-14T12:18:00
M0063,2026-07-14T20:06:00
M0063,2026-07-20T18:54:00
M0063,2026-07-21T14:02:00
M0063,2026-07-23T10:53:00
M0063,2026-07-24T13:50:00
M0063,2026-07-28T14:55:00
M0063,2026-08-02T07:30:00
M0063,2026-08-02T08:57:00
M0063,2026-08-11T14:15:00
M0063,2026-08-14T09:10:00
M0063,2026-08-19T16:44:00
M0063,2026-09-03T07:27:00
M0063,2026-09-05T20:24:00
M0063,2026-09-08T06:10:00
M0064,2025-08-12T17:21:00
M0064,2025-10-07T09:59:00
M0064,2026-06-28T18:59:00
M0064,2026-08-09T07:41:00
M0065,2025-07-23T10:07:00
M0065,2025-07-31T07:07:00
M0065,2025-08-05T11:47:00
M0065,2025-08-14T08:54:00
M0065,2025-08-16T20:12:00
M0065,2025-08-17T07:36:00
M0065,2025-08-19T15:34:00
M0065,2025-08-21T12:36:00
M0065,2025-08-24T06:19:00
M0065,2025-08-27T19:24:00
M0065,2025-08-29T11:49:00
M0065,2025-09-04T18:43:00
M0065,2025-09-08T08:33:00
M0065,2025-09-14T15:37:00
M0065,2025-09-16T14:54:00
M0065,2025-09-17T07:25:00
M0065,2025-09-24T13:43:00
M0065,2025-09-26T11:09:00
M0065,2025-09-29T10:53:00
M0065,2025-10-10T08:38:00
M0065,2025-10-30T08:47:00
M0065,2025-11-02T19:51:00
M0065,2025-11-03T17:02:00
M0065,2025-11-13T19:45:00
M0065,2025-11-15T11:19:00
M0065,2025-11-15T13:40:00
M0065,2025-11-15T17:07:00
M0065,2025-11-25T18:21:00
M0065,2025-11-27T17:24:00
M0065,2025-12-01T09:31:00
M0065,2025-12-03T19:45:00
M0065,2025-12-10T19:46:00
M0065,2025-12-15T09:44:00
M0065,2025-12-21T06:59:00
M0065,2025-12-29T13:46:00
M0065,2025-12-29T18:11:00
M0065,2026-01-02T10:52:00
M0065,2026-01-07T06:35:00
M0065,2026-01-09T11:27:00
M0065,2026-01-11T20:54:00
M0065,2026-01-18T13:22:00
M0065,2026-01-26T12:25:00
M0065,2026-01-27T14:46:00
M0065,2026-01-28T17:54:00
M0065,2026-01-29T10:44:00
M0065,2026-01-31T12:06:00
M0065,2026-02-11T11:48:00
M0065,2026-02-16T15:55:00
M0065,2026-02-22T10:29:00
M0065,2026-02-23T06:54:00
M0065,2026-03-01T08:36:00
M0065,2026-03-04T09:13:00
M0065,2026-03-04T13:44:00
M0065,2026-03-06T10:57:00
M0065,2026-03-09T17:12:00
M0065,2026-03-12T17:54:00
M0065,2026-03-15T16:00:00
M0065,2026-03-20T12:43:00
M0065,2026-03-21T07:43:00
M0065,2026-03-23T08:59:00
M0065,2026-03-23T19:09:00
M0065,2026-03-24T07:22:00
M0065,2026-04-03T08:03:00
M0065,2026-04-07T09:25:00
M0065,2026-04-07T14:41:00
M0065,2026-04-08T16:46:00
M0065,2026-04-09T15:27:00
M0065,2026-04-10T09:02:00
M0065,2026-04-17T10:44:00
M0065,2026-04-25T08:41:00
M0065,2026-05-03T12:49:00
M0065,2026-05-10T07:49:00
M0065,2026-05-10T18:42:00
M0065,2026-05-15T19:52:00
M0065,2026-05-17T12:17:00
M0065,2026-05-19T07:07:00
M0065,2026-05-21T06:07:00
M0065,2026-05-24T16:28:00
M0065,2026-05-29T16:42:00
M0065,2026-05-30T09:01:00
M0065,2026-06-05T10:44:00
M0065,2026-06-06T15:36:00
M0065,2026-06-07T07:50:00
M0065,2026-06-12T10:36:00
M0065,2026-06-12T16:44:00
M0065,2026-06-13T08:24:00
M0065,2026-06-16T17:58:00
M0065,2026-06-17T07:20:00
M0065,2026-06-22T18:34:00
M0065,2026-06-24T12:52:00
M0065,2026-06-28T06:25:00
M0065,2026-07-04T19:34:00
M0065,2026-07-06T18:33:00
M0065,2026-07-10T07:33:00
M0065,2026-07-13T15:34:00
M0065,2026-07-19T19:50:00
M0065,2026-08-02T07:48:00
M0065,2026-08-04T08:55:00
M0065,2026-08-10T09:42:00
M0065,2026-08-11T14:28:00
M0065,2026-08-15T17:11:00
M0065,2026-08-17T11:07:00
M0065,2026-08-18T08:36:00
M0065,2026-08-19T16:10:00
M0065,2026-08-25T14:16:00
M0065,2026-09-07T18:02:00
M0066,2026-03-19T14:57:00
M0066,2026-05-27T10:42:00
M0066,2026-06-01T13:08:00
M0067,2025-08-23T06:12:00
M0067,2025-10-04T10:54:00
M0067,2025-10-16T09:08:00
M0067,2025-11-18T14:13:00
M0067,2026-01-27T11:17:00
M0067,2026-05-02T17:39:00
M0067,2026-06-01T07:35:00
M0067,2026-06-28T10:24:00
M0067,2026-08-12T20:10:00
M0067,2026-08-24T13:05:00
M0068,2026-03-07T11:36:00
M0068,2026-04-18T16:52:00
M0069,2025-05-07T16:35:00
M0069,2025-05-09T07:34:00
M0069,2025-05-10T07:21:00
M0069,2025-05-19T07:23:00
M0069,2025-05-22T19:51:00
M0069,2025-05-23T18:17:00
M0069,2025-05-28T12:14:00
M0069,2025-05-29T10:00:00
M0069,2025-06-07T07:50:00
M0069,2025-06-11T08:33:00
M0069,2025-06-15T19:51:00
M0069,2025-06-16T20:19:00
M0069,2025-06-21T07:33:00
M0069,2025-06-27T17:36:00
M0069,2025-07-04T15:06:00
M0069,2025-07-08T10:35:00
M0069,2025-07-09T08:20:00
M0069,2025-07-15T12:11:00
M0069,2025-07-18T18:47:00
M0069,2025-07-21T18:34:00
M0069,2025-07-27T08:16:00
M0069,2025-07-27T15:56:00
M0069,2025-07-29T12:30:00
M0069,2025-07-30T16:32:00
M0069,2025-07-31T08:24:00
M0069,2025-08-04T08:42:00
M0069,2025-08-10T17:17:00
M0069,2025-08-13T20:46:00
M0069,2025-08-24T12:45:00
M0069,2025-08-25T11:45:00
M0069,2025-08-26T09:43:00
M0069,2025-08-29T18:29:00
M0069,2025-08-30T08:28:00
M0069,2025-08-30T14:45:00
M0069,2025-08-31T10:17:00
M0069,2025-09-08T19:05:00
M0069,2025-09-09T09:19:00
M0069,2025-09-12T12:49:00
M0069,2025-09-12T19:05:00
M0069,2025-09-18T15:03:00
M0069,2025-09-22T07:04:00
M0069,2025-09-22T09:05:00
M0069,2025-09-24T17:18:00
M0069,2025-09-28T20:31:00
M0069,2025-10-04T16:32:00
M0069,2025-10-06T08:30:00
M0069,2025-10-07T19:00:00
M0069,2025-10-11T14:43:00
M0069,2025-10-13T07:25:00
M0069,2025-10-13T20:34:00
M0069,2025-10-15T15:12:00
M0069,2025-10-21T17:00:00
M0069,2025-10-27T12:44:00
M0069,2025-10-30T17:42:00
M0069,2025-11-02T17:22:00
M0069,2025-11-04T20:33:00
M0069,2025-11-10T15:02:00
M0069,2025-11-20T08:04:00
M0069,2025-11-23T13:10:00
M0069,2025-11-24T20:56:00
M0069,2025-11-25T14:57:00
M0069,2025-11-28T19:08:00
M0069,2025-12-04T11:07:00
M0069,2025-12-06T13:24:00
M0069,2025-12-07T11:03:00
M0069,2025-12-11T19:34:00
M0069,2025-12-12T20:43:00
M0069,2025-12-16T18:54:00
M0069,2025-12-24T10:19:00
M0069,2025-12-25T06:47:00
M0069,2025-12-27T10:16:00
M0069,2026-01-01T20:19:00
M0069,2026-01-05T14:52:00
M0069,2026-01-05T15:25:00
M0069,2026-01-07T20:29:00
M0069,2026-01-14T11:00:00
M0069,2026-01-16T11:06:00
M0069,2026-01-18T13:21:00
M0069,2026-01-18T19:31:00
M0069,2026-01-28T11:56:00
M0069,2026-02-06T06:06:00
M0069,2026-02-09T08:25:00
M0069,2026-02-11T14:32:00
M0069,2026-02-14T13:12:00
M0069,2026-02-19T12:07:00
M0069,2026-02-21T06:09:00
M0069,2026-02-26T13:25:00
M0069,2026-02-27T10:23:00
M0069,2026-02-28T20:11:00
M0069,2026-03-03T16:16:00
M0069,2026-03-04T13:42:00
M0069,2026-03-08T18:17:00
M0069,2026-03-24T13:10:00
M0069,2026-03-25T08:25:00
M0069,2026-03-25T09:18:00
M0069,2026-03-26T11:47:00
M0069,2026-03-28T06:22:00
M0069,2026-03-28T17:21:00
M0069,2026-03-31T17:12:00
M0069,2026-04-01T08:42:00
M0069,2026-04-02T13:42:00
M0069,2026-04-03T07:26:00
M0069,2026-04-04T14:31:00
M0069,2026-04-09T11:48:00
M0069,2026-04-14T16:45:00
M0069,2026-04-14T18:56:00
M0069,2026-04-15T18:01:00
M0069,2026-04-18T08:07:00
M0069,2026-04-18T14:46:00
M0069,2026-04-20T19:52:00
M0069,2026-04-23T08:22:00
M0069,2026-04-26T06:49:00
M0069,2026-04-27T09:03:00
M0069,2026-05-02T15:47:00
M0069,2026-05-04T19:21:00
M0069,2026-05-06T12:30:00
M0069,2026-05-15T10:31:00
M0069,2026-05-20T18:27:00
M0069,2026-05-21T15:09:00
M0069,2026-06-01T14:11:00
M0069,2026-06-03T19:16:00
M0069,2026-06-04T10:49:00
M0069,2026-06-08T09:42:00
M0069,2026-06-09T12:12:00
M0069,2026-06-13T17:50:00
M0069,2026-06-18T09:54:00
M0069,2026-06-22T14:39:00
M0069,2026-06-23T07:44:00
M0069,2026-06-28T16:40:00
M0069,2026-07-02T09:07:00
M0069,2026-07-02T12:02:00
M0069,2026-07-10T09:59:00
M0069,2026-07-16T12:01:00
M0069,2026-07-19T09:05:00
M0069,2026-07-21T06:24:00
M0069,2026-07-23T11:27:00
M0069,2026-07-25T14:19:00
M0069,2026-07-27T16:14:00
M0069,2026-08-01T06:32:00
M0069,2026-08-07T07:17:00
M0069,2026-08-07T10:22:00
M0069,2026-08-07T20:03:00
M0069,2026-08-08T16:03:00
M0069,2026-08-10T12:15:00
M0069,2026-08-12T16:47:00
M0069,2026-08-13T06:00:00
M0069,2026-08-13T10:31:00
M0069,2026-08-14T09:18:00
M0069,2026-08-15T10:58:00
M0069,2026-08-16T07:27:00
M0069,2026-08-21T11:19:00
M0069,2026-08-26T07:42:00
M0069,2026-08-26T16:35:00
M0069,2026-09-04T11:47:00
M0069,2026-09-08T11:47:00
M0069,2026-09-08T19:08:00
M0070,2025-11-30T15:58:00
M0070,2025-12-05T19:12:00
M0070,2025-12-08T17:28:00
M0070,2026-01-04T07:34:00
M0070,2026-01-15T11:19:00
M0070,2026-01-16T13:48:00
M0070,2026-01-26T14:46:00
M0070,2026-02-02T06:08:00
M0070,2026-02-02T12:35:00
M0070,2026-02-13T10:57:00
M0070,2026-02-21T19:54:00
M0070,2026-03-12T11:57:00
M0070,2026-03-24T13:40:00
M0070,2026-03-25T07:30:00
M0070,2026-03-27T07:58:00
M0070,2026-04-01T14:59:00
M0070,2026-04-02T18:01:00
M0070,2026-04-06T15:17:00
M0070,2026-04-10T08:18:00
M0070,2026-04-19T15:03:00
M0070,2026-04-29T16:34:00
M0070,2026-05-01T19:25:00
M0070,2026-05-02T17:12:00
M0070,2026-05-11T13:48:00
M0070,2026-05-16T14:04:00
M0070,2026-05-21T12:35:00
M0070,2026-06-27T12:25:00
M0070,2026-06-29T06:10:00
M0070,2026-07-02T10:13:00
M0070,2026-07-09T09:37:00
M0070,2026-07-10T06:56:00
M0070,2026-07-11T14:29:00
M0070,2026-07-23T10:19:00
M0070,2026-07-23T17:46:00
M0070,2026-07-24T10:35:00
M0070,2026-07-25T09:18:00
M0070,2026-07-26T08:14:00
M0070,2026-08-09T14:15:00
M0070,2026-08-17T20:17:00
M0070,2026-08-18T06:40:00
M0070,2026-08-24T10:55:00
M0070,2026-08-24T19:13:00
M0070,2026-08-29T06:41:00
M0070,2026-09-03T07:00:00
M0070,2026-09-11T11:40:00
M0071,2026-01-30T16:52:00
M0071,2026-01-30T19:22:00
M0071,2026-02-07T10:01:00
M0071,2026-02-07T17:17:00
M0071,2026-02-10T16:55:00
M0071,2026-02-13T17:47:00
M0071,2026-02-14T19:28:00
M0071,2026-02-15T19:40:00
M0071,2026-02-18T12:41:00
M0071,2026-02-18T15:35:00
M0071,2026-02-19T18:37:00
M0071,2026-02-21T11:17:00
M0071,2026-02-21T15:40:00
M0071,2026-02-28T17:46:00
M0071,2026-03-02T07:31:00
M0071,2026-03-02T08:28:00
M0071,2026-03-02T11:09:00
M0071,2026-03-05T19:48:00
M0071,2026-03-07T13:11:00
M0071,2026-03-07T15:31:00
M0071,2026-03-11T08:41:00
M0071,2026-03-12T19:11:00
M0071,2026-03-14T07:27:00
M0071,2026-03-14T13:58:00
M0071,2026-03-14T20:11:00
M0071,2026-03-15T06:19:00
M0071,2026-03-17T09:04:00
M0071,2026-03-18T12:06:00
M0071,2026-03-19T12:43:00
M0071,2026-03-20T15:06:00
M0071,2026-03-23T12:01:00
M0071,2026-03-25T14:08:00
M0071,2026-03-25T18:51:00
M0071,2026-03-27T08:15:00
M0071,2026-03-27T19:00:00
M0071,2026-04-02T19:41:00
M0071,2026-04-04T16:38:00
M0071,2026-04-09T07:17:00
M0071,2026-04-10T18:00:00
M0071,2026-04-11T08:30:00
M0071,2026-04-15T19:21:00
M0071,2026-04-16T07:34:00
M0071,2026-04-16T17:05:00
M0071,2026-04-18T09:03:00
M0071,2026-04-19T11:30:00
M0071,2026-04-20T19:10:00
M0071,2026-04-21T17:17:00
M0071,2026-04-22T14:07:00
M0071,2026-04-23T15:57:00
M0071,2026-04-24T14:18:00
M0071,2026-04-24T14:56:00
M0071,2026-04-24T19:02:00
M0071,2026-05-01T20:14:00
M0071,2026-05-07T12:09:00
M0071,2026-05-08T09:27:00
M0071,2026-05-11T08:22:00
M0071,2026-05-20T10:14:00
M0071,2026-05-20T12:43:00
M0071,2026-05-20T19:57:00
M0071,2026-05-22T09:06:00
M0071,2026-05-22T13:10:00
M0071,2026-05-22T20:02:00
M0071,2026-05-24T11:04:00
M0071,2026-05-24T20:59:00
M0071,2026-05-26T08:11:00
M0071,2026-05-26T11:07:00
M0071,2026-06-01T08:57:00
M0071,2026-06-01T14:21:00
M0071,2026-06-02T08:43:00
M0071,2026-06-02T19:18:00
M0071,2026-06-03T16:19:00
M0071,2026-06-07T18:58:00
M0071,2026-06-07T20:06:00
M0071,2026-06-07T20:31:00
M0071,2026-06-10T11:59:00
M0071,2026-06-10T18:04:00
M0071,2026-06-13T11:09:00
M0071,2026-06-13T18:41:00
M0071,2026-06-18T06:55:00
M0071,2026-06-21T08:05:00
M0071,2026-06-22T13:46:00
M0071,2026-06-23T12:46:00
M0071,2026-06-25T07:07:00
M0071,2026-06-25T18:30:00
M0071,2026-06-28T08:11:00
M0071,2026-06-28T13:27:00
M0071,2026-07-02T12:22:00
M0071,2026-07-13T17:26:00
M0071,2026-07-14T18:40:00
M0071,2026-07-19T08:51:00
M0071,2026-07-22T20:15:00
M0071,2026-07-27T12:35:00
M0071,2026-07-27T14:34:00
M0071,2026-07-27T14:34:00
M0071,2026-07-31T15:45:00
M0071,2026-08-03T14:36:00
M0071,2026-08-06T09:24:00
M0071,2026-08-07T09:23:00
M0071,2026-08-07T09:54:00
M0071,2026-08-12T09:44:00
M0071,2026-08-13T17:51:00
M0071,2026-08-14T06:58:00
M0071,2026-08-14T11:35:00
M0071,2026-08-16T11:54:00
M0071,2026-08-17T08:58:00
M0071,2026-08-24T08:53:00
M0071,2026-08-27T08:18:00
M0071,2026-08-27T19:49:00
M0071,2026-08-31T09:13:00
M0071,2026-09-03T14:59:00
M0071,2026-09-09T08:07:00
M0071,2026-09-10T09:03:00
M0071,2026-09-11T17:06:00
M0072,2026-07-22T19:52:00
M0073,2025-09-19T18:41:00
M0073,2025-10-12T06:18:00
M0073,2026-01-06T08:03:00
M0073,2026-02-01T06:38:00
M0073,2026-05-25T08:32:00
M0074,2025-09-05T10:05:00
M0074,2025-09-08T12:08:00
M0074,2025-09-09T09:27:00
M0074,2025-09-14T08:52:00
M0074,2025-09-15T06:14:00
M0074,2025-09-16T09:25:00
M0074,2025-09-16T13:30:00
M0074,2025-09-16T14:38:00
M0074,2025-09-17T07:52:00
M0074,2025-09-20T16:41:00
M0074,2025-09-21T19:24:00
M0074,2025-09-25T07:23:00
M0074,2025-09-26T06:51:00
M0074,2025-09-26T10:06:00
M0074,2025-09-27T16:27:00
M0074,2025-10-02T07:13:00
M0074,2025-10-04T06:15:00
M0074,2025-10-04T08:34:00
M0074,2025-10-06T18:54:00
M0074,2025-10-09T09:17:00
M0074,2025-10-09T15:36:00
M0074,2025-10-10T16:59:00
M0074,2025-10-11T09:35:00
M0074,2025-10-13T06:48:00
M0074,2025-10-16T11:48:00
M0074,2025-10-16T15:50:00
M0074,2025-10-18T07:19:00
M0074,2025-10-19T06:03:00
M0074,2025-10-24T11:48:00
M0074,2025-10-25T12:32:00
M0074,2025-10-26T17:22:00
M0074,2025-10-30T11:26:00
M0074,2025-10-31T17:43:00
M0074,2025-11-06T10:10:00
M0074,2025-11-07T06:37:00
M0074,2025-11-10T18:49:00
M0074,2025-11-10T19:54:00
M0074,2025-11-11T14:06:00
M0074,2025-11-12T12:30:00
M0074,2025-11-13T20:40:00
M0074,2025-11-14T16:29:00
M0074,2025-11-20T17:14:00
M0074,2025-11-28T18:43:00
M0074,2025-12-01T17:38:00
M0074,2025-12-02T08:32:00
M0074,2025-12-02T08:49:00
M0074,2025-12-02T14:59:00
M0074,2025-12-03T11:28:00
M0074,2025-12-06T11:39:00
M0074,2025-12-10T08:21:00
M0074,2025-12-16T18:43:00
M0074,2025-12-17T12:02:00
M0074,2025-12-19T15:40:00
M0074,2025-12-21T07:51:00
M0074,2025-12-21T09:13:00
M0074,2025-12-22T15:04:00
M0074,2025-12-25T08:49:00
M0074,2025-12-31T10:35:00
M0074,2025-12-31T18:50:00
M0074,2026-01-01T13:06:00
M0074,2026-01-04T11:10:00
M0074,2026-01-10T07:04:00
M0074,2026-01-10T08:04:00
M0074,2026-01-10T15:23:00
M0074,2026-01-16T17:49:00
M0074,2026-01-17T18:56:00
M0074,2026-01-18T10:30:00
M0074,2026-01-18T16:59:00
M0074,2026-01-23T07:36:00
M0074,2026-01-25T06:23:00
M0074,2026-01-25T19:39:00
M0074,2026-01-28T10:25:00
M0074,2026-01-31T14:54:00
M0074,2026-02-03T08:28:00
M0074,2026-02-05T16:26:00
M0074,2026-02-09T11:23:00
M0074,2026-02-09T13:16:00
M0074,2026-02-17T06:39:00
M0074,2026-02-17T06:47:00
M0074,2026-02-20T19:06:00
M0074,2026-02-21T12:10:00
M0074,2026-02-25T09:44:00
M0074,2026-02-25T14:00:00
M0074,2026-02-26T09:24:00
M0074,2026-02-26T11:29:00
M0074,2026-03-01T16:34:00
M0074,2026-03-02T12:54:00
M0074,2026-03-04T13:06:00
M0074,2026-03-04T13:42:00
M0074,2026-03-05T08:46:00
M0074,2026-03-12T20:59:00
M0074,2026-03-15T18:27:00
M0074,2026-03-19T11:21:00
M0074,2026-03-20T12:21:00
M0074,2026-03-30T13:13:00
M0074,2026-03-31T17:30:00
M0074,2026-04-02T10:29:00
M0074,2026-04-02T14:09:00
M0074,2026-04-02T15:49:00
M0074,2026-04-03T11:36:00
M0074,2026-04-05T08:40:00
M0074,2026-04-12T06:59:00
M0074,2026-04-16T09:55:00
M0074,2026-04-19T13:13:00
M0074,2026-04-22T11:50:00
M0074,2026-04-23T18:43:00
M0074,2026-04-26T10:16:00
M0074,2026-05-01T07:17:00
M0074,2026-05-05T08:05:00
M0074,2026-05-07T07:57:00
M0074,2026-05-08T16:57:00
M0074,2026-05-09T08:12:00
M0074,2026-05-09T08:53:00
M0074,2026-05-09T12:30:00
M0074,2026-05-10T07:19:00
M0074,2026-05-10T11:48:00
M0074,2026-05-10T14:44:00
M0074,2026-05-13T12:33:00
M0074,2026-05-13T17:28:00
M0074,2026-05-17T11:58:00
M0074,2026-05-20T08:44:00
M0074,2026-05-22T07:46:00
M0074,2026-05-26T15:24:00
M0074,2026-05-26T15:39:00
M0074,2026-05-27T06:35:00
M0074,2026-05-27T20:38:00
M0074,2026-05-29T11:42:00
M0074,2026-06-06T06:09:00
M0074,2026-06-07T20:09:00
M0074,2026-06-10T17:46:00
M0074,2026-06-10T17:47:00
M0074,2026-06-11T18:43:00
M0074,2026-06-14T10:33:00
M0074,2026-06-14T19:20:00
M0074,2026-06-22T07:02:00
M0074,2026-06-23T06:28:00
M0074,2026-06-23T13:40:00
M0074,2026-06-24T19:08:00
M0074,2026-06-26T17:12:00
M0074,2026-06-28T09:22:00
M0074,2026-06-28T17:34:00
M0074,2026-07-01T08:38:00
M0074,2026-07-02T17:31:00
M0074,2026-07-03T09:43:00
M0074,2026-07-04T20:19:00
M0074,2026-07-06T06:23:00
M0074,2026-07-06T19:55:00
M0074,2026-07-07T13:26:00
M0074,2026-07-08T11:01:00
M0074,2026-07-12T11:22:00
M0074,2026-07-15T14:27:00
M0074,2026-07-16T20:11:00
M0074,2026-07-17T14:27:00
M0074,2026-07-17T14:38:00
M0074,2026-07-19T12:23:00
M0074,2026-07-20T18:21:00
M0074,2026-07-26T10:54:00
M0074,2026-07-26T16:18:00
M0074,2026-07-28T15:59:00
M0074,2026-07-28T17:43:00
M0074,2026-07-30T13:47:00
M0074,2026-07-30T16:01:00
M0074,2026-08-03T20:26:00
M0074,2026-08-05T07:05:00
M0074,2026-08-05T19:06:00
M0074,2026-08-10T07:40:00
M0074,2026-08-12T15:59:00
M0074,2026-08-16T14:37:00
M0074,2026-08-19T06:42:00
M0074,2026-08-20T09:54:00
M0074,2026-08-21T09:49:00
M0074,2026-08-22T19:26:00
M0074,2026-08-23T07:22:00
M0074,2026-08-23T14:24:00
M0074,2026-08-30T20:52:00
M0074,2026-09-02T20:29:00
M0074,2026-09-05T18:14:00
M0074,2026-09-07T10:17:00
M0074,2026-09-08T10:19:00
M0074,2026-09-08T12:00:00
M0074,2026-09-08T17:50:00
M0074,2026-09-09T20:50:00
M0074,2026-09-10T20:58:00
M0075,2025-04-22T14:25:00
M0075,2025-04-22T15:41:00
M0075,2025-04-24T19:03:00
M0075,2025-04-27T20:36:00
M0075,2025-05-01T08:40:00
M0075,2025-05-01T17:11:00
M0075,2025-05-01T20:20:00
M0075,2025-05-02T08:27:00
M0075,2025-05-06T07:45:00
M0075,2025-05-18T08:32:00
M0075,2025-05-19T16:36:00
M0075,2025-05-25T12:53:00
M0075,2025-05-26T07:01:00
M0075,2025-05-27T11:13:00
M0075,2025-05-28T19:35:00
M0075,2025-05-29T06:40:00
M0075,2025-06-01T16:58:00
M0075,2025-06-02T15:45:00
M0075,2025-06-06T12:01:00
M0075,2025-06-06T20:05:00
M0075,2025-06-08T15:09:00
M0075,2025-06-10T10:12:00
M0075,2025-06-10T16:57:00
M0075,2025-06-12T16:40:00
M0075,2025-06-13T19:15:00
M0075,2025-06-14T17:08:00
M0075,2025-06-15T11:11:00
M0075,2025-06-18T16:03:00
M0075,2025-06-21T18:51:00
M0075,2025-06-22T12:49:00
M0075,2025-06-23T07:29:00
M0075,2025-06-24T16:01:00
M0075,2025-06-25T07:59:00
M0075,2025-06-28T15:55:00
M0075,2025-06-30T13:50:00
M0075,2025-07-01T07:04:00
M0075,2025-07-01T10:16:00
M0075,2025-07-03T19:23:00
M0075,2025-07-04T07:06:00
M0075,2025-07-06T09:25:00
M0075,2025-07-07T12:04:00
M0075,2025-07-08T16:26:00
M0075,2025-07-10T16:04:00
M0075,2025-07-10T20:20:00
M0075,2025-07-12T20:28:00
M0075,2025-07-14T07:21:00
M0075,2025-07-15T16:36:00
M0075,2025-07-16T06:57:00
M0075,2025-07-16T13:39:00
M0075,2025-07-19T15:54:00
M0075,2025-07-20T08:11:00
M0075,2025-07-22T14:47:00
M0075,2025-07-25T14:00:00
M0075,2025-07-29T15:01:00
M0075,2025-07-30T20:07:00
M0075,2025-08-01T06:33:00
M0075,2025-08-01T18:09:00
M0075,2025-08-04T11:08:00
M0075,2025-08-04T20:13:00
M0075,2025-08-05T07:46:00
M0075,2025-08-05T19:23:00
M0075,2025-08-06T13:12:00
M0075,2025-08-09T08:17:00
M0075,2025-08-11T11:45:00
M0075,2025-08-14T12:32:00
M0075,2025-08-14T17:51:00
M0075,2025-08-15T16:18:00
M0075,2025-08-18T15:50:00
M0075,2025-08-20T08:12:00
M0075,2025-08-21T20:12:00
M0075,2025-08-23T10:25:00
M0075,2025-08-23T19:56:00
M0075,2025-08-26T18:13:00
M0075,2025-08-28T12:38:00
M0075,2025-08-30T10:52:00
M0075,2025-08-30T13:27:00
M0075,2025-08-31T15:19:00
M0075,2025-09-02T15:22:00
M0075,2025-09-02T20:02:00
M0075,2025-09-03T15:06:00
M0075,2025-09-03T20:40:00
M0075,2025-09-05T12:27:00
M0075,2025-09-07T07:28:00
M0075,2025-09-11T10:38:00
M0075,2025-09-12T10:37:00
M0075,2025-09-14T20:41:00
M0075,2025-09-15T07:11:00
M0075,2025-09-16T07:13:00
M0075,2025-09-19T11:25:00
M0075,2025-09-20T11:23:00
M0075,2025-09-21T08:22:00
M0075,2025-09-21T11:27:00
M0075,2025-09-22T06:20:00
M0075,2025-09-22T14:17:00
M0075,2025-09-23T14:04:00
M0075,2025-09-23T14:13:00
M0075,2025-09-23T18:20:00
M0075,2025-09-24T09:29:00
M0075,2025-09-25T10:38:00
M0075,2025-09-26T18:20:00
M0075,2025-09-27T06:45:00
M0075,2025-09-27T15:56:00
M0075,2025-09-29T15:57:00
M0075,2025-09-30T06:51:00
M0075,2025-10-04T12:43:00
M0075,2025-10-05T11:12:00
M0075,2025-10-05T12:20:00
M0075,2025-10-05T19:42:00
M0075,2025-10-06T10:01:00
M0075,2025-10-06T13:10:00
M0075,2025-10-08T12:07:00
M0075,2025-10-09T09:36:00
M0075,2025-10-09T13:02:00
M0075,2025-10-10T11:37:00
M0075,2025-10-16T10:08:00
M0075,2025-10-17T06:58:00
M0075,2025-10-17T20:33:00
M0075,2025-10-18T18:54:00
M0075,2025-10-19T12:02:00
M0075,2025-10-20T07:30:00
M0075,2025-10-20T11:41:00
M0075,2025-10-20T19:51:00
M0075,2025-10-22T11:48:00
M0075,2025-10-23T17:19:00
M0075,2025-10-29T12:05:00
M0075,2025-10-31T18:20:00
M0075,2025-11-03T06:14:00
M0075,2025-11-03T19:00:00
M0075,2025-11-04T07:20:00
M0075,2025-11-06T10:44:00
M0075,2025-11-06T13:54:00
M0075,2025-11-06T15:03:00
M0075,2025-11-08T20:07:00
M0075,2025-11-09T11:39:00
M0075,2025-11-09T17:46:00
M0075,2025-11-10T09:46:00
M0075,2025-11-13T09:10:00
M0075,2025-11-16T11:52:00
M0075,2025-11-21T06:59:00
M0075,2025-11-22T19:03:00
M0075,2025-11-26T20:50:00
M0075,2025-12-01T07:03:00
M0075,2025-12-03T07:16:00
M0075,2025-12-03T17:39:00
M0075,2025-12-17T17:10:00
M0075,2025-12-21T18:24:00
M0075,2025-12-22T08:20:00
M0075,2025-12-23T15:29:00
M0075,2025-12-26T20:54:00
M0075,2025-12-28T08:48:00
M0075,2026-01-01T16:28:00
M0075,2026-01-02T09:36:00
M0075,2026-01-03T07:33:00
M0075,2026-01-05T10:49:00
M0075,2026-01-07T11:49:00
M0075,2026-01-07T14:53:00
M0075,2026-01-07T17:05:00
M0075,2026-01-08T16:31:00
M0075,2026-01-10T13:14:00
M0075,2026-01-11T09:42:00
M0075,2026-01-12T13:03:00
M0075,2026-01-13T06:42:00
M0075,2026-01-13T13:52:00
M0075,2026-01-13T17:04:00
M0075,2026-01-17T17:54:00
M0075,2026-01-19T11:13:00
M0075,2026-01-21T18:19:00
M0075,2026-01-22T09:31:00
M0075,2026-01-23T14:54:00
M0075,2026-01-24T13:41:00
M0075,2026-01-25T15:48:00
M0075,2026-01-27T19:32:00
M0075,2026-02-02T20:08:00
M0075,2026-02-03T20:23:00
M0075,2026-02-05T13:55:00
M0075,2026-02-06T14:12:00
M0075,2026-02-09T10:27:00
M0075,2026-02-10T16:19:00
M0075,2026-02-15T12:12:00
M0075,2026-02-16T08:29:00
M0075,2026-02-16T13:42:00
M0075,2026-02-16T17:07:00
M0075,2026-02-17T06:57:00
M0075,2026-02-19T08:17:00
M0075,2026-02-20T13:22:00
M0075,2026-02-22T15:41:00
M0075,2026-02-25T07:59:00
M0075,2026-02-26T09:09:00
M0075,2026-02-26T14:27:00
M0075,2026-02-27T07:22:00
M0075,2026-03-02T06:41:00
M0075,2026-03-05T10:23:00
M0075,2026-03-06T11:03:00
M0075,2026-03-09T16:15:00
M0075,2026-03-10T12:11:00
M0075,2026-03-12T07:43:00
M0075,2026-03-12T09:18:00
M0075,2026-03-12T17:59:00
M0075,2026-03-13T10:33:00
M0075,2026-03-13T13:33:00
M0075,2026-03-16T09:07:00
M0075,2026-03-23T14:06:00
M0075,2026-03-23T20:02:00
M0075,2026-03-25T09:56:00
M0075,2026-03-27T10:15:00
M0075,2026-03-30T09:46:00
M0075,2026-04-02T12:25:00
M0075,2026-04-03T17:45:00
M0075,2026-04-07T18:13:00
M0075,2026-04-08T13:13:00
M0075,2026-04-08T16:18:00
M0075,2026-04-11T15:18:00
M0075,2026-04-12T20:44:00
M0075,2026-04-14T14:58:00
M0075,2026-04-18T06:06:00
M0075,2026-04-22T16:04:00
M0075,2026-04-25T09:10:00
M0075,2026-04-25T10:54:00
M0075,2026-04-25T15:30:00
M0075,2026-04-28T08:21:00
M0075,2026-04-29T06:11:00
M0075,2026-04-30T08:00:00
M0075,2026-05-02T13:27:00
M0075,2026-05-05T16:48:00
M0075,2026-05-06T13:37:00
M0075,2026-05-06T20:04:00
M0075,2026-05-10T06:38:00
M0075,2026-05-11T13:55:00
M0075,2026-05-11T19:01:00
M0075,2026-05-12T13:07:00
M0075,2026-05-15T08:48:00
M0075,2026-05-15T16:18:00
M0075,2026-05-17T09:33:00
M0075,2026-05-18T10:51:00
M0075,2026-05-19T18:06:00
M0075,2026-05-20T10:45:00
M0075,2026-05-21T06:52:00
M0075,2026-05-21T10:23:00
M0075,2026-05-21T17:22:00
M0075,2026-05-22T10:42:00
M0075,2026-05-23T11:28:00
M0075,2026-05-27T16:33:00
M0075,2026-05-27T20:33:00
M0075,2026-05-29T13:07:00
M0075,2026-05-31T16:54:00
M0075,2026-05-31T20:53:00
M0075,2026-06-02T12:54:00
M0075,2026-06-02T16:09:00
M0075,2026-06-06T16:01:00
M0075,2026-06-09T15:47:00
M0075,2026-06-09T17:05:00
M0075,2026-06-10T13:01:00
M0075,2026-06-13T12:23:00
M0075,2026-06-16T20:24:00
M0075,2026-06-20T07:17:00
M0075,2026-06-20T16:34:00
M0075,2026-06-23T10:58:00
M0075,2026-06-24T12:37:00
M0075,2026-06-25T10:19:00
M0075,2026-06-25T20:33:00
M0075,2026-06-27T11:56:00
M0075,2026-06-29T13:59:00
M0075,2026-06-30T06:37:00
M0075,2026-07-01T10:07:00
M0075,2026-07-02T18:29:00
M0075,2026-07-03T17:21:00
M0075,2026-07-03T18:50:00
M0075,2026-07-05T15:07:00
M0075,2026-07-08T15:35:00
M0075,2026-07-09T10:04:00
M0075,2026-07-11T08:19:00
M0075,2026-07-11T08:29:00
M0075,2026-07-11T08:33:00
M0075,2026-07-13T06:31:00
M0075,2026-07-15T06:27:00
M0075,2026-07-15T19:37:00
M0075,2026-07-16T06:13:00
M0075,2026-07-19T10:00:00
M0075,2026-07-20T06:16:00
M0075,2026-07-21T11:56:00
M0075,2026-07-22T16:53:00
M0075,2026-07-22T18:54:00
M0075,2026-07-24T08:05:00
M0075,2026-07-24T16:49:00
M0075,2026-08-01T09:27:00
M0075,2026-08-01T10:09:00
M0075,2026-08-04T18:43:00
M0075,2026-08-05T09:02:00
M0075,2026-08-05T20:19:00
M0075,2026-08-06T20:06:00
M0075,2026-08-06T20:22:00
M0075,2026-08-07T20:05:00
M0075,2026-08-08T12:27:00
M0075,2026-08-12T18:37:00
M0075,2026-08-14T10:11:00
M0075,2026-08-14T12:43:00
M0075,2026-08-18T10:08:00
M0075,2026-08-18T16:49:00
M0075,2026-08-19T10:05:00
M0075,2026-08-19T15:59:00
M0075,2026-08-20T14:12:00
M0075,2026-08-25T12:50:00
M0075,2026-08-29T13:34:00
M0075,2026-09-01T14:28:00
M0075,2026-09-05T11:32:00
M0075,2026-09-05T17:22:00
M0075,2026-09-06T12:06:00
M0075,2026-09-08T15:58:00
M0075,2026-09-10T06:58:00
M0075,2026-09-10T07:48:00
M0075,2026-09-10T11:27:00
M0075,2026-09-10T12:26:00
M0075,2026-09-11T06:49:00
M0076,2025-09-09T13:51:00
M0076,2025-09-10T12:42:00
M0076,2025-09-22T19:33:00
M0076,2025-10-10T19:03:00
M0076,2025-10-21T06:17:00
M0076,2025-11-03T16:06:00
M0076,2025-11-13T15:06:00
M0076,2025-11-24T10:36:00
M0076,2025-11-28T17:21:00
M0076,2025-12-07T15:43:00
M0076,2025-12-08T06:07:00
M0076,2025-12-13T17:45:00
M0076,2025-12-16T17:13:00
M0076,2025-12-27T08:35:00
M0076,2025-12-31T20:43:00
M0076,2026-01-04T13:08:00
M0076,2026-01-04T19:09:00
M0076,2026-01-08T16:19:00
M0076,2026-01-11T20:00:00
M0076,2026-01-13T06:09:00
M0076,2026-01-18T09:07:00
M0076,2026-01-19T13:39:00
M0076,2026-01-31T20:07:00
M0076,2026-02-07T07:15:00
M0076,2026-02-11T07:30:00
M0076,2026-02-24T19:32:00
M0076,2026-03-20T12:03:00
M0076,2026-03-31T10:25:00
M0076,2026-04-03T08:52:00
M0076,2026-04-08T19:54:00
M0076,2026-04-18T10:52:00
M0076,2026-05-02T16:28:00
M0076,2026-05-05T12:09:00
M0076,2026-05-11T16:39:00
M0076,2026-05-17T06:11:00
M0076,2026-05-27T19:47:00
M0076,2026-05-30T17:44:00
M0076,2026-05-31T09:10:00
M0076,2026-06-05T10:18:00
M0076,2026-06-06T09:30:00
M0076,2026-06-07T07:37:00
M0076,2026-06-11T12:24:00
M0076,2026-06-12T11:42:00
M0076,2026-06-25T13:07:00
M0076,2026-06-26T08:01:00
M0076,2026-06-26T12:52:00
M0076,2026-06-28T18:06:00
M0076,2026-07-18T12:00:00
M0076,2026-07-25T10:02:00
M0076,2026-07-26T15:28:00
M0076,2026-07-26T16:57:00
M0076,2026-08-11T20:58:00
M0076,2026-08-27T08:29:00
M0076,2026-09-01T08:22:00
M0076,2026-09-06T13:17:00
M0077,2025-12-18T18:48:00
M0077,2026-01-11T10:59:00
M0077,2026-01-23T07:58:00
M0077,2026-02-09T16:30:00
M0077,2026-02-27T13:38:00
M0077,2026-03-22T08:36:00
M0077,2026-03-22T20:32:00
M0077,2026-04-13T16:33:00
M0077,2026-04-16T08:44:00
M0077,2026-04-16T15:37:00
M0077,2026-04-23T15:39:00
M0077,2026-05-04T12:04:00
M0077,2026-05-12T06:54:00
M0077,2026-05-31T08:14:00
M0077,2026-07-28T16:06:00
M0077,2026-08-07T11:48:00
M0077,2026-08-07T20:43:00
M0077,2026-08-12T18:51:00
M0077,2026-08-16T18:15:00
M0077,2026-08-25T20:56:00
M0077,2026-09-02T17:57:00
M0077,2026-09-11T18:26:00
M0078,2025-11-02T07:44:00
M0078,2025-11-03T12:08:00
M0078,2025-11-05T15:35:00
M0078,2025-11-08T09:16:00
M0078,2025-12-01T13:43:00
M0078,2025-12-07T09:12:00
M0078,2025-12-10T08:27:00
M0078,2025-12-25T14:51:00
M0078,2026-01-13T06:40:00
M0078,2026-01-15T09:05:00
M0078,2026-01-21T07:13:00
M0078,2026-01-23T11:49:00
M0078,2026-01-23T18:08:00
M0078,2026-02-02T15:34:00
M0078,2026-02-05T07:21:00
M0078,2026-02-07T16:46:00
M0078,2026-02-18T16:33:00
M0078,2026-02-23T09:53:00
M0078,2026-02-28T15:52:00
M0078,2026-03-15T15:57:00
M0078,2026-03-16T14:22:00
M0078,2026-03-17T19:08:00
M0078,2026-03-30T16:24:00
M0078,2026-04-02T07:28:00
M0078,2026-04-09T07:36:00
M0078,2026-04-10T08:50:00
M0078,2026-04-10T13:14:00
M0078,2026-04-10T15:34:00
M0078,2026-04-12T06:14:00
M0078,2026-04-14T10:06:00
M0078,2026-04-23T10:59:00
M0078,2026-04-29T11:04:00
M0078,2026-04-30T10:24:00
M0078,2026-05-07T19:10:00
M0078,2026-05-10T07:34:00
M0078,2026-05-19T09:54:00
M0078,2026-05-26T20:39:00
M0078,2026-06-02T10:25:00
M0078,2026-06-16T06:34:00
M0078,2026-06-24T20:07:00
M0078,2026-06-28T16:01:00
M0078,2026-06-30T13:59:00
M0078,2026-07-10T11:26:00
M0078,2026-07-12T09:21:00
M0078,2026-07-18T14:52:00
M0078,2026-07-23T06:08:00
M0078,2026-07-29T11:59:00
M0078,2026-08-06T16:58:00
M0078,2026-08-07T09:31:00
M0078,2026-08-07T18:36:00
M0078,2026-08-11T17:53:00
M0078,2026-08-16T07:26:00
M0078,2026-08-18T17:39:00
M0078,2026-08-20T18:02:00
M0078,2026-08-21T20:35:00
M0078,2026-08-31T08:17:00
M0079,2025-07-17T20:03:00
M0079,2025-07-24T18:50:00
M0079,2025-08-13T09:34:00
M0079,2025-08-18T19:24:00
M0079,2025-08-26T16:47:00
M0079,2025-08-28T14:30:00
M0079,2025-09-11T12:49:00
M0079,2025-09-14T17:08:00
M0079,2025-10-05T17:27:00
M0079,2025-10-12T07:57:00
M0079,2025-10-13T08:07:00
M0079,2025-10-20T20:23:00
M0079,2025-10-25T09:21:00
M0079,2025-10-31T09:05:00
M0079,2025-11-02T20:03:00
M0079,2025-11-10T06:14:00
M0079,2025-11-16T17:48:00
M0079,2025-11-19T18:34:00
M0079,2025-12-08T06:51:00
M0079,2025-12-11T19:46:00
M0079,2025-12-19T19:03:00
M0079,2026-01-01T06:08:00
M0079,2026-01-29T11:22:00
M0079,2026-02-01T08:18:00
M0079,2026-02-06T10:08:00
M0079,2026-02-09T16:56:00
M0079,2026-02-16T12:30:00
M0079,2026-02-17T07:42:00
M0079,2026-03-12T07:16:00
M0079,2026-03-23T09:31:00
M0079,2026-03-24T17:52:00
M0079,2026-03-28T20:58:00
M0079,2026-04-15T09:28:00
M0079,2026-04-28T10:23:00
M0079,2026-04-29T14:18:00
M0079,2026-05-04T20:17:00
M0079,2026-05-06T16:15:00
M0079,2026-05-16T17:34:00
M0079,2026-05-30T20:26:00
M0079,2026-06-01T07:03:00
M0079,2026-06-23T15:31:00
M0079,2026-06-26T19:33:00
M0079,2026-06-27T07:13:00
M0079,2026-07-03T10:47:00
M0079,2026-07-04T17:52:00
M0079,2026-07-06T09:07:00
M0079,2026-07-10T17:28:00
M0079,2026-07-14T18:29:00
M0079,2026-07-15T08:02:00
M0079,2026-07-16T06:31:00
M0079,2026-08-05T06:17:00
M0079,2026-08-08T15:24:00
M0079,2026-08-13T10:54:00
M0079,2026-08-15T19:05:00
M0079,2026-08-31T12:31:00
M0079,2026-09-03T19:24:00
M0079,2026-09-04T09:24:00
M0079,2026-09-06T13:02:00
M0080,2026-07-09T20:16:00
M0080,2026-07-23T18:37:00
M0081,2025-05-11T12:29:00
M0081,2025-05-14T12:46:00
M0081,2025-05-14T13:27:00
M0081,2025-05-14T17:36:00
M0081,2025-05-15T10:54:00
M0081,2025-05-16T14:16:00
M0081,2025-05-18T20:00:00
M0081,2025-05-19T07:15:00
M0081,2025-05-19T18:43:00
M0081,2025-05-22T20:15:00
M0081,2025-05-23T14:18:00
M0081,2025-05-24T15:17:00
M0081,2025-05-26T10:42:00
M0081,2025-05-26T15:25:00
M0081,2025-05-26T18:41:00
M0081,2025-05-30T18:38:00
M0081,2025-05-31T07:19:00
M0081,2025-06-04T16:20:00
M0081,2025-06-07T13:00:00
M0081,2025-06-07T15:05:00
M0081,2025-06-08T13:29:00
M0081,2025-06-09T20:39:00
M0081,2025-06-10T06:22:00
M0081,2025-06-10T16:54:00
M0081,2025-06-11T09:26:00
M0081,2025-06-13T10:54:00
M0081,2025-06-15T08:55:00
M0081,2025-06-15T09:40:00
M0081,2025-06-16T19:31:00
M0081,2025-06-17T08:16:00
M0081,2025-06-18T11:04:00
M0081,2025-06-18T16:03:00
M0081,2025-06-20T18:17:00
M0081,2025-06-21T08:43:00
M0081,2025-06-22T07:41:00
M0081,2025-06-25T19:28:00
M0081,2025-06-28T17:16:00
M0081,2025-06-30T06:43:00
M0081,2025-07-02T11:02:00
M0081,2025-07-02T17:14:00
M0081,2025-07-05T15:15:00
M0081,2025-07-07T14:45:00
M0081,2025-07-11T19:54:00
M0081,2025-07-14T07:04:00
M0081,2025-07-16T07:15:00
M0081,2025-07-16T13:07:00
M0081,2025-07-20T11:36:00
M0081,2025-07-21T19:52:00
M0081,2025-07-24T12:04:00
M0081,2025-07-28T08:01:00
M0081,2025-07-31T12:56:00
M0081,2025-08-03T11:02:00
M0081,2025-08-04T11:26:00
M0081,2025-08-04T15:01:00
M0081,2025-08-04T15:50:00
M0081,2025-08-07T11:30:00
M0081,2025-08-11T14:45:00
M0081,2025-08-11T20:09:00
M0081,2025-08-13T06:06:00
M0081,2025-08-13T09:51:00
M0081,2025-08-15T17:32:00
M0081,2025-08-18T09:24:00
M0081,2025-08-22T15:45:00
M0081,2025-08-23T07:59:00
M0081,2025-08-24T15:32:00
M0081,2025-08-26T18:41:00
M0081,2025-08-28T17:09:00
M0081,2025-08-29T15:02:00
M0081,2025-09-03T16:35:00
M0081,2025-09-04T12:34:00
M0081,2025-09-10T13:42:00
M0081,2025-09-10T14:28:00
M0081,2025-09-10T18:03:00
M0081,2025-09-11T07:54:00
M0081,2025-09-15T10:12:00
M0081,2025-09-26T15:18:00
M0081,2025-09-28T11:15:00
M0081,2025-09-28T13:20:00
M0081,2025-10-03T18:23:00
M0081,2025-10-05T13:46:00
M0081,2025-10-07T11:05:00
M0081,2025-10-09T07:44:00
M0081,2025-10-13T14:32:00
M0081,2025-10-18T20:23:00
M0081,2025-10-19T13:50:00
M0081,2025-10-21T09:36:00
M0081,2025-10-23T13:38:00
M0081,2025-10-24T19:08:00
M0081,2025-10-25T12:26:00
M0081,2025-10-27T11:07:00
M0081,2025-10-27T18:18:00
M0081,2025-10-28T16:37:00
M0081,2025-10-29T09:49:00
M0081,2025-10-30T08:38:00
M0081,2025-11-11T16:56:00
M0081,2025-11-12T08:36:00
M0081,2025-11-15T08:07:00
M0081,2025-11-16T20:29:00
M0081,2025-11-18T10:48:00
M0081,2025-11-19T17:59:00
M0081,2025-11-21T09:57:00
M0081,2025-11-23T19:02:00
M0081,2025-11-25T17:06:00
M0081,2025-11-28T12:01:00
M0081,2025-11-30T14:55:00
M0081,2025-12-02T11:08:00
M0081,2025-12-03T20:24:00
M0081,2025-12-04T08:04:00
M0081,2025-12-07T17:18:00
M0081,2025-12-09T17:35:00
M0081,2025-12-13T11:57:00
M0081,2025-12-13T17:02:00
M0081,2025-12-13T17:58:00
M0081,2025-12-17T15:39:00
M0081,2025-12-19T20:21:00
M0081,2025-12-21T17:49:00
M0081,2025-12-22T13:58:00
M0081,2025-12-22T18:30:00
M0081,2025-12-23T16:28:00
M0081,2025-12-25T08:46:00
M0081,2025-12-25T19:27:00
M0081,2025-12-31T07:09:00
M0081,2025-12-31T20:52:00
M0081,2026-01-03T15:37:00
M0081,2026-01-05T16:41:00
M0081,2026-01-06T08:32:00
M0081,2026-01-06T12:20:00
M0081,2026-01-10T15:33:00
M0081,2026-01-12T13:21:00
M0081,2026-01-14T15:32:00
M0081,2026-01-15T15:17:00
M0081,2026-01-16T07:14:00
M0081,2026-01-16T20:27:00
M0081,2026-01-18T06:52:00
M0081,2026-01-18T12:33:00
M0081,2026-01-19T11:24:00
M0081,2026-01-19T18:11:00
M0081,2026-01-22T20:46:00
M0081,2026-01-24T10:17:00
M0081,2026-01-26T10:10:00
M0081,2026-01-26T15:56:00
M0081,2026-01-27T13:14:00
M0081,2026-01-28T11:06:00
M0081,2026-01-31T09:35:00
M0081,2026-01-31T20:14:00
M0081,2026-02-01T10:58:00
M0081,2026-02-02T15:48:00
M0081,2026-02-05T10:09:00
M0081,2026-02-06T14:48:00
M0081,2026-02-07T13:53:00
M0081,2026-02-07T20:34:00
M0081,2026-02-08T06:38:00
M0081,2026-02-11T18:12:00
M0081,2026-02-14T17:45:00
M0081,2026-02-15T10:36:00
M0081,2026-02-17T10:58:00
M0081,2026-02-17T13:16:00
M0081,2026-02-17T17:28:00
M0081,2026-02-18T08:53:00
M0081,2026-02-20T06:23:00
M0081,2026-02-20T07:28:00
M0081,2026-02-28T19:08:00
M0081,2026-03-02T17:42:00
M0081,2026-03-07T11:51:00
M0081,2026-03-14T17:50:00
M0081,2026-03-22T17:04:00
M0081,2026-03-23T08:32:00
M0081,2026-03-23T10:29:00
M0081,2026-03-26T17:20:00
M0081,2026-03-26T17:32:00
M0081,2026-03-26T18:04:00
M0081,2026-03-28T12:06:00
M0081,2026-03-29T15:24:00
M0081,2026-03-30T09:53:00
M0081,2026-04-01T16:53:00
M0081,2026-04-02T06:15:00
M0081,2026-04-02T06:40:00
M0081,2026-04-02T18:33:00
M0081,2026-04-03T09:43:00
M0081,2026-04-05T10:30:00
M0081,2026-04-05T13:52:00
M0081,2026-04-05T17:31:00
M0081,2026-04-13T08:12:00
M0081,2026-04-15T19:46:00
M0081,2026-04-16T20:05:00
M0081,2026-04-20T13:33:00
M0081,2026-04-21T07:31:00
M0081,2026-04-21T17:16:00
M0081,2026-04-22T09:40:00
M0081,2026-04-22T12:40:00
M0081,2026-04-22T15:13:00
M0081,2026-04-23T08:02:00
M0081,2026-04-23T09:00:00
M0081,2026-04-27T16:31:00
M0081,2026-04-27T19:14:00
M0081,2026-04-28T18:40:00
M0081,2026-04-30T08:56:00
M0081,2026-05-05T15:22:00
M0081,2026-05-06T13:18:00
M0081,2026-05-09T08:29:00
M0081,2026-05-09T09:07:00
M0081,2026-05-10T16:27:00
M0081,2026-05-11T16:07:00
M0081,2026-05-11T17:25:00
M0081,2026-05-12T13:20:00
M0081,2026-05-14T08:49:00
M0081,2026-05-15T18:18:00
M0081,2026-05-16T10:17:00
M0081,2026-05-19T16:15:00
M0081,2026-05-19T19:51:00
M0081,2026-05-22T13:38:00
M0081,2026-05-23T14:49:00
M0081,2026-05-25T10:43:00
M0081,2026-05-25T12:25:00
M0081,2026-05-27T09:56:00
M0081,2026-05-29T18:26:00
M0081,2026-05-30T10:31:00
M0081,2026-06-02T10:58:00
M0081,2026-06-04T09:21:00
M0081,2026-06-04T19:02:00
M0081,2026-06-05T13:27:00
M0081,2026-06-07T14:13:00
M0081,2026-06-07T15:56:00
M0081,2026-06-08T13:26:00
M0081,2026-06-12T16:07:00
M0081,2026-06-13T17:01:00
M0081,2026-06-14T15:34:00
M0081,2026-06-17T15:21:00
M0081,2026-06-20T14:13:00
M0081,2026-06-22T14:12:00
M0081,2026-06-22T18:49:00
M0081,2026-06-24T07:41:00
M0081,2026-06-26T12:05:00
M0081,2026-06-26T17:21:00
M0081,2026-06-28T10:51:00
M0081,2026-06-28T19:34:00
M0081,2026-06-30T19:45:00
M0081,2026-07-05T20:23:00
M0081,2026-07-06T12:13:00
M0081,2026-07-15T17:15:00
M0081,2026-07-18T06:54:00
M0081,2026-07-18T18:33:00
M0081,2026-07-25T14:25:00
M0081,2026-08-01T09:40:00
M0081,2026-08-02T10:19:00
M0081,2026-08-07T13:02:00
M0081,2026-08-08T07:32:00
M0081,2026-08-08T10:47:00
M0081,2026-08-08T19:50:00
M0081,2026-08-09T19:47:00
M0081,2026-08-10T19:05:00
M0081,2026-08-11T16:25:00
M0081,2026-08-14T17:15:00
M0081,2026-08-20T17:48:00
M0081,2026-08-29T17:53:00
M0081,2026-08-30T07:47:00
M0081,2026-09-02T15:58:00
M0081,2026-09-03T12:01:00
M0081,2026-09-05T10:41:00
M0081,2026-09-06T19:38:00
M0081,2026-09-07T12:32:00
M0081,2026-09-07T13:12:00
M0081,2026-09-09T13:24:00
M0081,2026-09-09T18:25:00
M0081,2026-09-10T06:19:00
M0081,2026-09-11T10:50:00
M0082,2026-01-26T06:31:00
M0082,2026-02-11T12:23:00
M0082,2026-02-12T14:45:00
M0082,2026-02-13T13:14:00
M0082,2026-02-17T06:25:00
M0082,2026-02-19T09:28:00
M0082,2026-02-20T16:19:00
M0082,2026-02-22T13:36:00
M0082,2026-03-01T08:51:00
M0082,2026-03-11T07:06:00
M0082,2026-03-17T08:13:00
M0082,2026-03-19T13:37:00
M0082,2026-03-28T07:09:00
M0082,2026-04-06T15:53:00
M0082,2026-04-11T06:49:00
M0082,2026-04-13T14:46:00
M0082,2026-04-16T15:48:00
M0082,2026-04-19T17:21:00
M0082,2026-04-20T10:26:00
M0082,2026-04-26T17:36:00
M0082,2026-04-30T08:02:00
M0082,2026-05-01T10:44:00
M0082,2026-05-05T12:55:00
M0082,2026-05-16T18:35:00
M0082,2026-05-21T13:34:00
M0082,2026-05-23T11:29:00
M0082,2026-05-25T11:41:00
M0082,2026-05-27T13:32:00
M0082,2026-06-02T19:47:00
M0082,2026-06-10T07:58:00
M0082,2026-06-19T12:44:00
M0082,2026-07-03T12:08:00
M0082,2026-07-25T09:28:00
M0082,2026-07-28T17:07:00
M0082,2026-07-30T06:10:00
M0082,2026-08-03T08:47:00
M0082,2026-08-03T13:10:00
M0082,2026-08-05T18:33:00
M0082,2026-08-06T07:02:00
M0082,2026-08-13T14:26:00
M0082,2026-08-14T12:18:00
M0082,2026-08-17T06:18:00
M0082,2026-08-19T20:56:00
M0082,2026-08-30T15:41:00
M0082,2026-08-30T15:56:00
M0082,2026-09-02T10:33:00
M0082,2026-09-05T08:18:00
M0083,2025-12-27T10:44:00
M0083,2025-12-28T13:04:00
M0083,2025-12-28T14:45:00
M0083,2025-12-29T12:11:00
M0083,2026-01-02T13:00:00
M0083,2026-01-03T14:29:00
M0083,2026-01-04T09:44:00
M0083,2026-01-05T07:03:00
M0083,2026-01-07T13:38:00
M0083,2026-01-11T07:22:00
M0083,2026-01-11T11:40:00
M0083,2026-01-15T14:56:00
M0083,2026-01-17T20:12:00
M0083,2026-01-26T10:52:00
M0083,2026-01-30T12:37:00
M0083,2026-01-31T15:09:00
M0083,2026-02-02T14:34:00
M0083,2026-02-04T18:25:00
M0083,2026-02-05T10:23:00
M0083,2026-02-05T16:12:00
M0083,2026-02-07T17:13:00
M0083,2026-02-09T08:16:00
M0083,2026-02-11T07:08:00
M0083,2026-02-13T14:37:00
M0083,2026-02-16T15:49:00
M0083,2026-02-16T18:47:00
M0083,2026-02-19T18:24:00
M0083,2026-02-20T15:38:00
M0083,2026-02-21T18:14:00
M0083,2026-02-22T07:59:00
M0083,2026-02-22T08:30:00
M0083,2026-02-24T09:10:00
M0083,2026-02-27T15:09:00
M0083,2026-02-27T15:42:00
M0083,2026-02-28T20:03:00
M0083,2026-03-01T14:51:00
M0083,2026-03-03T11:19:00
M0083,2026-03-03T12:42:00
M0083,2026-03-06T06:20:00
M0083,2026-03-08T14:25:00
M0083,2026-03-11T18:07:00
M0083,2026-03-16T19:33:00
M0083,2026-03-17T18:24:00
M0083,2026-03-19T13:22:00
M0083,2026-03-22T16:53:00
M0083,2026-03-23T14:05:00
M0083,2026-03-23T17:09:00
M0083,2026-03-24T13:44:00
M0083,2026-03-25T19:13:00
M0083,2026-03-27T12:35:00
M0083,2026-03-28T14:57:00
M0083,2026-03-29T06:55:00
M0083,2026-03-30T19:29:00
M0083,2026-03-31T16:22:00
M0083,2026-04-01T14:56:00
M0083,2026-04-02T12:13:00
M0083,2026-04-03T10:43:00
M0083,2026-04-03T16:22:00
M0083,2026-04-04T09:28:00
M0083,2026-04-04T15:19:00
M0083,2026-04-05T12:23:00
M0083,2026-04-05T20:47:00
M0083,2026-04-06T14:12:00
M0083,2026-04-13T07:58:00
M0083,2026-04-13T20:16:00
M0083,2026-04-15T10:02:00
M0083,2026-04-15T20:00:00
M0083,2026-04-16T10:41:00
M0083,2026-04-20T16:03:00
M0083,2026-04-21T12:02:00
M0083,2026-04-23T17:16:00
M0083,2026-04-28T15:40:00
M0083,2026-04-29T19:01:00
M0083,2026-05-01T17:59:00
M0083,2026-05-04T06:39:00
M0083,2026-05-05T13:11:00
M0083,2026-05-05T17:55:00
M0083,2026-05-07T18:34:00
M0083,2026-05-08T07:02:00
M0083,2026-05-12T19:54:00
M0083,2026-05-14T08:45:00
M0083,2026-05-14T08:55:00
M0083,2026-05-15T08:05:00
M0083,2026-05-16T06:28:00
M0083,2026-05-18T07:54:00
M0083,2026-05-21T17:03:00
M0083,2026-05-23T16:25:00
M0083,2026-05-24T16:39:00
M0083,2026-05-24T20:37:00
M0083,2026-05-25T20:45:00
M0083,2026-05-27T10:54:00
M0083,2026-05-28T06:21:00
M0083,2026-05-28T11:33:00
M0083,2026-05-29T16:54:00
M0083,2026-05-31T19:48:00
M0083,2026-06-02T19:42:00
M0083,2026-06-04T06:04:00
M0083,2026-06-08T07:11:00
M0083,2026-06-09T06:17:00
M0083,2026-06-10T08:46:00
M0083,2026-06-10T09:44:00
M0083,2026-06-10T12:11:00
M0083,2026-06-11T17:53:00
M0083,2026-06-12T06:19:00
M0083,2026-06-20T08:20:00
M0083,2026-06-20T08:46:00
M0083,2026-06-20T11:29:00
M0083,2026-06-20T15:59:00
M0083,2026-06-22T14:22:00
M0083,2026-06-23T07:07:00
M0083,2026-06-24T19:44:00
M0083,2026-06-27T09:40:00
M0083,2026-06-29T13:05:00
M0083,2026-07-01T16:01:00
M0083,2026-07-02T09:19:00
M0083,2026-07-03T08:50:00
M0083,2026-07-03T09:47:00
M0083,2026-07-03T16:41:00
M0083,2026-07-06T06:24:00
M0083,2026-07-06T08:36:00
M0083,2026-07-06T12:14:00
M0083,2026-07-09T10:11:00
M0083,2026-07-10T17:08:00
M0083,2026-07-12T08:18:00
M0083,2026-07-13T07:31:00
M0083,2026-07-13T15:23:00
M0083,2026-07-13T17:28:00
M0083,2026-07-13T18:41:00
M0083,2026-07-15T13:53:00
M0083,2026-07-17T09:17:00
M0083,2026-07-19T06:53:00
M0083,2026-07-22T12:09:00
M0083,2026-07-22T15:13:00
M0083,2026-07-23T12:22:00
M0083,2026-07-23T16:53:00
M0083,2026-07-30T18:43:00
M0083,2026-07-31T10:13:00
M0083,2026-08-03T09:29:00
M0083,2026-08-03T17:32:00
M0083,2026-08-05T18:13:00
M0083,2026-08-05T19:47:00
M0083,2026-08-07T10:05:00
M0083,2026-08-08T11:44:00
M0083,2026-08-08T14:42:00
M0083,2026-08-09T13:37:00
M0083,2026-08-10T06:59:00
M0083,2026-08-10T11:36:00
M0083,2026-08-11T16:37:00
M0083,2026-08-13T08:30:00
M0083,2026-08-15T16:22:00
M0083,2026-08-16T12:30:00
M0083,2026-08-17T11:41:00
M0083,2026-08-21T20:00:00
M0083,2026-08-22T08:58:00
M0083,2026-08-24T10:10:00
M0083,2026-08-25T14:11:00
M0083,2026-08-28T06:28:00
M0083,2026-08-28T15:29:00
M0083,2026-09-01T17:25:00
M0083,2026-09-02T15:44:00
M0083,2026-09-05T20:56:00
M0083,2026-09-06T18:59:00
M0083,2026-09-07T17:23:00
M0083,2026-09-08T19:15:00
M0083,2026-09-09T11:30:00
M0083,2026-09-10T12:19:00
M0084,2025-11-22T15:48:00
M0084,2025-11-25T17:33:00
M0084,2025-11-29T08:42:00
M0084,2025-12-05T10:50:00
M0084,2025-12-07T18:03:00
M0084,2025-12-11T08:51:00
M0084,2025-12-13T10:19:00
M0084,2025-12-13T13:00:00
M0084,2025-12-14T13:25:00
M0084,2025-12-17T08:12:00
M0084,2025-12-26T08:15:00
M0084,2026-01-08T09:27:00
M0084,2026-01-09T17:15:00
M0084,2026-01-10T16:35:00
M0084,2026-01-15T18:23:00
M0084,2026-01-16T13:10:00
M0084,2026-01-25T07:30:00
M0084,2026-02-03T16:25:00
M0084,2026-02-09T16:24:00
M0084,2026-02-11T09:58:00
M0084,2026-02-19T13:45:00
M0084,2026-03-07T18:58:00
M0084,2026-03-20T12:08:00
M0084,2026-03-22T18:59:00
M0084,2026-04-04T12:49:00
M0084,2026-04-12T20:18:00
M0084,2026-04-16T16:46:00
M0084,2026-05-21T12:38:00
M0084,2026-05-25T14:04:00
M0084,2026-06-28T13:42:00
M0084,2026-07-04T20:38:00
M0084,2026-07-08T15:01:00
M0084,2026-07-11T18:15:00
M0084,2026-07-12T11:21:00
M0084,2026-07-28T19:00:00
M0084,2026-08-04T15:48:00
M0084,2026-08-10T20:04:00
M0084,2026-08-17T09:02:00
M0084,2026-08-19T09:08:00
M0084,2026-08-21T11:24:00
M0084,2026-08-22T10:27:00
M0084,2026-09-02T08:27:00
M0084,2026-09-05T10:19:00
M0084,2026-09-07T16:52:00
M0085,2025-10-20T11:08:00
M0085,2025-10-23T14:24:00
M0085,2025-10-25T18:00:00
M0085,2025-10-29T16:42:00
M0085,2025-10-31T13:00:00
M0085,2025-11-02T10:27:00
M0085,2025-11-02T15:51:00
M0085,2025-11-04T17:40:00
M0085,2025-11-05T12:49:00
M0085,2025-11-09T18:11:00
M0085,2025-11-12T17:21:00
M0085,2025-11-13T11:49:00
M0085,2025-11-15T14:23:00
M0085,2025-11-15T20:28:00
M0085,2025-11-16T08:00:00
M0085,2025-11-18T20:45:00
M0085,2025-11-19T14:48:00
M0085,2025-11-19T19:43:00
M0085,2025-11-20T10:12:00
M0085,2025-11-20T19:39:00
M0085,2025-11-25T06:07:00
M0085,2025-11-25T06:56:00
M0085,2025-11-26T06:29:00
M0085,2025-11-28T19:29:00
M0085,2025-11-29T13:29:00
M0085,2025-12-04T16:23:00
M0085,2025-12-07T11:46:00
M0085,2025-12-09T08:18:00
M0085,2025-12-09T12:01:00
M0085,2025-12-09T12:21:00
M0085,2025-12-10T11:19:00
M0085,2025-12-12T06:38:00
M0085,2025-12-12T10:49:00
M0085,2025-12-13T06:34:00
M0085,2025-12-14T14:06:00
M0085,2025-12-14T14:47:00
M0085,2025-12-15T17:09:00
M0085,2025-12-16T11:29:00
M0085,2025-12-17T09:11:00
M0085,2025-12-19T13:27:00
M0085,2025-12-19T15:15:00
M0085,2025-12-20T20:53:00
M0085,2025-12-21T11:23:00
M0085,2025-12-25T13:02:00
M0085,2025-12-26T19:33:00
M0085,2025-12-28T08:38:00
M0085,2025-12-28T12:32:00
M0085,2026-01-02T07:21:00
M0085,2026-01-02T16:51:00
M0085,2026-01-02T17:19:00
M0085,2026-01-04T19:58:00
M0085,2026-01-05T17:16:00
M0085,2026-01-07T07:50:00
M0085,2026-01-07T12:01:00
M0085,2026-01-09T16:47:00
M0085,2026-01-12T15:16:00
M0085,2026-01-13T15:32:00
M0085,2026-01-18T11:36:00
M0085,2026-01-19T17:51:00
M0085,2026-01-21T09:48:00
M0085,2026-01-21T10:47:00
M0085,2026-01-22T19:50:00
M0085,2026-01-23T18:11:00
M0085,2026-01-25T15:25:00
M0085,2026-01-26T16:18:00
M0085,2026-01-27T06:26:00
M0085,2026-01-27T14:42:00
M0085,2026-02-02T06:50:00
M0085,2026-02-03T07:14:00
M0085,2026-02-03T10:29:00
M0085,2026-02-04T16:08:00
M0085,2026-02-05T18:40:00
M0085,2026-02-09T06:45:00
M0085,2026-02-10T09:04:00
M0085,2026-02-11T15:26:00
M0085,2026-02-12T10:46:00
M0085,2026-02-12T12:30:00
M0085,2026-02-13T15:21:00
M0085,2026-02-13T15:52:00
M0085,2026-02-17T11:22:00
M0085,2026-02-18T19:47:00
M0085,2026-02-19T06:21:00
M0085,2026-02-21T13:09:00
M0085,2026-02-22T16:54:00
M0085,2026-02-25T09:34:00
M0085,2026-02-25T10:25:00
M0085,2026-02-25T14:22:00
M0085,2026-02-26T07:40:00
M0085,2026-02-27T08:43:00
M0085,2026-03-01T08:39:00
M0085,2026-03-01T09:47:00
M0085,2026-03-03T18:20:00
M0085,2026-03-04T16:29:00
M0085,2026-03-05T11:19:00
M0085,2026-03-08T15:18:00
M0085,2026-03-09T12:38:00
M0085,2026-03-09T19:10:00
M0085,2026-03-10T15:27:00
M0085,2026-03-11T09:13:00
M0085,2026-03-11T18:01:00
M0085,2026-03-11T20:34:00
M0085,2026-03-12T08:39:00
M0085,2026-03-13T13:15:00
M0085,2026-03-14T07:06:00
M0085,2026-03-14T10:35:00
M0085,2026-03-17T18:13:00
M0085,2026-03-18T14:26:00
M0085,2026-03-21T18:47:00
M0085,2026-03-24T11:49:00
M0085,2026-03-24T16:06:00
M0085,2026-03-25T20:38:00
M0085,2026-03-27T20:43:00
M0085,2026-03-31T14:34:00
M0085,2026-04-03T18:40:00
M0085,2026-04-09T12:14:00
M0085,2026-04-11T12:31:00
M0085,2026-04-11T13:18:00
M0085,2026-04-19T14:53:00
M0085,2026-04-20T12:18:00
M0085,2026-04-20T20:55:00
M0085,2026-04-21T18:29:00
M0085,2026-04-25T20:28:00
M0085,2026-04-26T12:37:00
M0085,2026-04-26T15:14:00
M0085,2026-04-29T09:40:00
M0085,2026-05-01T08:43:00
M0085,2026-05-01T12:26:00
M0085,2026-05-04T15:39:00
M0085,2026-05-07T07:38:00
M0085,2026-05-10T11:39:00
M0085,2026-05-11T08:36:00
M0085,2026-05-14T17:26:00
M0085,2026-05-17T11:01:00
M0085,2026-05-18T19:58:00
M0085,2026-05-21T14:55:00
M0085,2026-05-22T13:43:00
M0085,2026-05-22T15:56:00
M0085,2026-05-23T16:24:00
M0085,2026-05-25T13:23:00
M0085,2026-05-25T13:59:00
M0085,2026-05-29T19:15:00
M0085,2026-05-31T20:01:00
M0085,2026-06-01T15:29:00
M0085,2026-06-02T08:18:00
M0085,2026-06-05T20:12:00
M0085,2026-06-10T09:43:00
M0085,2026-06-11T13:15:00
M0085,2026-06-11T16:07:00
M0085,2026-06-13T08:29:00
M0085,2026-06-13T15:53:00
M0085,2026-06-15T09:29:00
M0085,2026-06-16T19:58:00
M0085,2026-06-26T06:43:00
M0085,2026-06-26T07:00:00
M0085,2026-06-26T12:55:00
M0085,2026-07-01T07:50:00
M0085,2026-07-01T10:56:00
M0085,2026-07-02T13:55:00
M0085,2026-07-03T14:07:00
M0085,2026-07-03T18:38:00
M0085,2026-07-05T13:30:00
M0085,2026-07-07T18:25:00
M0085,2026-07-10T14:45:00
M0085,2026-07-11T06:23:00
M0085,2026-07-11T17:03:00
M0085,2026-07-11T19:46:00
M0085,2026-07-15T12:50:00
M0085,2026-07-15T17:59:00
M0085,2026-07-16T16:41:00
M0085,2026-07-19T07:09:00
M0085,2026-07-25T10:48:00
M0085,2026-07-25T15:48:00
M0085,2026-07-27T10:06:00
M0085,2026-07-27T11:26:00
M0085,2026-07-27T18:30:00
M0085,2026-07-31T11:09:00
M0085,2026-08-01T07:46:00
M0085,2026-08-02T13:57:00
M0085,2026-08-03T18:16:00
M0085,2026-08-04T16:44:00
M0085,2026-08-07T13:48:00
M0085,2026-08-11T10:44:00
M0085,2026-08-12T11:50:00
M0085,2026-08-12T17:16:00
M0085,2026-08-13T10:38:00
M0085,2026-08-16T18:08:00
M0085,2026-08-23T09:56:00
M0085,2026-08-24T14:18:00
M0085,2026-08-25T15:23:00
M0085,2026-08-28T08:36:00
M0085,2026-08-28T10:19:00
M0085,2026-08-31T15:18:00
M0085,2026-09-01T08:47:00
M0085,2026-09-04T10:30:00
M0085,2026-09-04T13:43:00
M0085,2026-09-05T17:08:00
M0086,2026-04-10T13:39:00
M0086,2026-04-15T11:41:00
M0086,2026-04-22T15:54:00
M0086,2026-06-13T11:33:00
M0086,2026-06-18T12:55:00
M0086,2026-07-24T16:10:00
M0086,2026-08-10T14:30:00
M0086,2026-08-12T13:57:00
M0086,2026-08-14T06:42:00
M0086,2026-09-01T11:14:00
M0087,2025-07-21T20:14:00
M0087,2025-07-22T09:23:00
M0087,2025-07-23T17:54:00
M0087,2025-07-23T18:50:00
M0087,2025-07-29T06:25:00
M0087,2025-08-12T07:21:00
M0087,2025-08-18T07:17:00
M0087,2025-08-18T14:54:00
M0087,2025-08-21T18:03:00
M0087,2025-08-24T15:33:00
M0087,2025-08-26T14:55:00
M0087,2025-09-05T09:16:00
M0087,2025-09-16T17:29:00
M0087,2025-09-16T20:41:00
M0087,2025-09-17T09:14:00
M0087,2025-09-17T17:11:00
M0087,2025-09-19T06:38:00
M0087,2025-09-20T14:17:00
M0087,2025-09-25T17:12:00
M0087,2025-09-30T19:58:00
M0087,2025-10-02T09:14:00
M0087,2025-10-02T20:57:00
M0087,2025-10-03T14:19:00
M0087,2025-10-03T15:48:00
M0087,2025-10-13T13:29:00
M0087,2025-10-16T14:56:00
M0087,2025-10-22T06:20:00
M0087,2025-10-24T13:07:00
M0087,2025-10-29T16:04:00
M0087,2025-10-31T07:34:00
M0087,2025-11-02T07:30:00
M0087,2025-11-03T09:38:00
M0087,2025-11-16T10:36:00
M0087,2025-11-20T15:27:00
M0087,2025-12-02T20:28:00
M0087,2025-12-03T20:07:00
M0087,2025-12-15T18:40:00
M0087,2025-12-17T16:12:00
M0087,2025-12-18T10:48:00
M0087,2025-12-22T18:29:00
M0087,2025-12-28T15:17:00
M0087,2026-01-03T14:30:00
M0087,2026-01-04T16:11:00
M0087,2026-01-12T10:41:00
M0087,2026-01-17T10:55:00
M0087,2026-01-19T09:21:00
M0087,2026-01-24T16:35:00
M0087,2026-02-09T10:40:00
M0087,2026-02-13T13:00:00
M0087,2026-02-15T07:48:00
M0087,2026-03-21T20:32:00
M0087,2026-03-27T07:48:00
M0087,2026-03-29T13:10:00
M0087,2026-03-29T16:19:00
M0087,2026-04-02T20:55:00
M0087,2026-04-12T11:40:00
M0087,2026-04-14T14:52:00
M0087,2026-04-24T09:49:00
M0087,2026-04-30T18:14:00
M0087,2026-05-01T10:32:00
M0087,2026-05-16T11:49:00
M0087,2026-05-18T13:06:00
M0087,2026-05-25T09:36:00
M0087,2026-05-26T10:59:00
M0087,2026-06-09T08:20:00
M0087,2026-06-12T09:49:00
M0087,2026-06-14T18:10:00
M0087,2026-06-22T13:41:00
M0087,2026-06-23T08:20:00
M0087,2026-06-24T08:39:00
M0087,2026-06-29T18:26:00
M0087,2026-07-01T17:17:00
M0087,2026-07-03T20:16:00
M0087,2026-07-26T20:54:00
M0087,2026-07-29T10:23:00
M0087,2026-07-31T10:21:00
M0087,2026-08-11T11:53:00
M0087,2026-08-18T11:28:00
M0087,2026-08-22T12:36:00
M0087,2026-08-30T18:26:00
M0087,2026-09-10T12:22:00
M0087,2026-09-10T18:25:00
M0088,2025-07-12T15:32:00
M0088,2025-07-13T14:35:00
M0088,2025-07-14T18:24:00
M0088,2025-07-14T19:17:00
M0088,2025-07-16T09:51:00
M0088,2025-07-18T07:15:00
M0088,2025-07-19T11:46:00
M0088,2025-07-21T17:37:00
M0088,2025-07-25T16:21:00
M0088,2025-07-27T14:23:00
M0088,2025-07-27T15:37:00
M0088,2025-07-28T06:06:00
M0088,2025-07-28T06:49:00
M0088,2025-07-30T12:44:00
M0088,2025-07-30T13:15:00
M0088,2025-08-01T13:08:00
M0088,2025-08-02T15:19:00
M0088,2025-08-04T20:18:00
M0088,2025-08-06T07:20:00
M0088,2025-08-07T08:55:00
M0088,2025-08-07T17:26:00
M0088,2025-08-12T09:35:00
M0088,2025-08-15T13:15:00
M0088,2025-08-17T15:34:00
M0088,2025-08-19T14:52:00
M0088,2025-08-21T16:16:00
M0088,2025-08-22T19:50:00
M0088,2025-08-23T08:20:00
M0088,2025-08-23T18:49:00
M0088,2025-08-24T17:01:00
M0088,2025-08-24T19:23:00
M0088,2025-08-27T17:47:00
M0088,2025-08-28T13:47:00
M0088,2025-08-31T11:12:00
M0088,2025-09-01T09:29:00
M0088,2025-09-03T17:16:00
M0088,2025-09-05T08:07:00
M0088,2025-09-07T15:47:00
M0088,2025-09-08T18:31:00
M0088,2025-09-10T12:27:00
M0088,2025-09-11T06:53:00
M0088,2025-09-12T14:10:00
M0088,2025-09-12T14:49:00
M0088,2025-09-14T16:04:00
M0088,2025-09-14T18:34:00
M0088,2025-09-15T10:36:00
M0088,2025-09-16T06:58:00
M0088,2025-09-16T11:01:00
M0088,2025-09-16T12:02:00
M0088,2025-09-16T19:51:00
M0088,2025-09-17T07:36:00
M0088,2025-09-22T15:41:00
M0088,2025-09-25T07:36:00
M0088,2025-09-25T14:54:00
M0088,2025-09-27T18:04:00
M0088,2025-09-29T20:56:00
M0088,2025-10-02T10:29:00
M0088,2025-10-02T16:27:00
M0088,2025-10-08T08:41:00
M0088,2025-10-10T15:53:00
M0088,2025-10-12T07:11:00
M0088,2025-10-13T06:00:00
M0088,2025-10-13T14:49:00
M0088,2025-10-13T15:18:00
M0088,2025-10-13T20:01:00
M0088,2025-10-15T15:21:00
M0088,2025-10-15T17:52:00
M0088,2025-10-18T10:54:00
M0088,2025-10-18T11:27:00
M0088,2025-10-18T15:43:00
M0088,2025-10-20T16:42:00
M0088,2025-10-23T11:34:00
M0088,2025-10-25T18:52:00
M0088,2025-10-28T20:22:00
M0088,2025-10-29T19:36:00
M0088,2025-10-31T18:08:00
M0088,2025-11-01T07:01:00
M0088,2025-11-01T09:19:00
M0088,2025-11-01T09:49:00
M0088,2025-11-04T15:54:00
M0088,2025-11-08T10:10:00
M0088,2025-11-08T16:13:00
M0088,2025-11-09T19:20:00
M0088,2025-11-11T11:04:00
M0088,2025-11-14T08:56:00
M0088,2025-11-15T18:22:00
M0088,2025-11-17T10:14:00
M0088,2025-11-24T06:28:00
M0088,2025-11-24T07:53:00
M0088,2025-11-28T13:28:00
M0088,2025-12-01T09:13:00
M0088,2025-12-03T09:24:00
M0088,2025-12-04T17:54:00
M0088,2025-12-06T14:58:00
M0088,2025-12-09T17:33:00
M0088,2025-12-11T07:05:00
M0088,2025-12-11T12:37:00
M0088,2025-12-12T08:48:00
M0088,2025-12-12T13:01:00
M0088,2025-12-13T07:31:00
M0088,2025-12-13T09:05:00
M0088,2025-12-15T10:32:00
M0088,2025-12-17T11:26:00
M0088,2025-12-17T15:22:00
M0088,2025-12-18T14:23:00
M0088,2025-12-19T11:23:00
M0088,2025-12-19T12:51:00
M0088,2025-12-21T19:04:00
M0088,2025-12-22T12:54:00
M0088,2025-12-26T16:41:00
M0088,2025-12-28T06:09:00
M0088,2025-12-28T09:44:00
M0088,2025-12-29T06:17:00
M0088,2025-12-29T19:41:00
M0088,2025-12-31T16:57:00
M0088,2026-01-01T12:56:00
M0088,2026-01-02T06:38:00
M0088,2026-01-06T06:08:00
M0088,2026-01-06T08:08:00
M0088,2026-01-07T13:48:00
M0088,2026-01-08T09:11:00
M0088,2026-01-11T15:26:00
M0088,2026-01-14T16:18:00
M0088,2026-01-15T08:26:00
M0088,2026-01-15T09:55:00
M0088,2026-01-17T08:59:00
M0088,2026-01-23T13:13:00
M0088,2026-01-23T18:10:00
M0088,2026-01-24T11:56:00
M0088,2026-01-25T12:40:00
M0088,2026-01-25T20:53:00
M0088,2026-01-27T08:47:00
M0088,2026-01-29T18:42:00
M0088,2026-01-30T18:01:00
M0088,2026-02-01T15:20:00
M0088,2026-02-07T07:00:00
M0088,2026-02-08T06:56:00
M0088,2026-02-09T06:34:00
M0088,2026-02-09T06:47:00
M0088,2026-02-09T18:38:00
M0088,2026-02-11T14:10:00
M0088,2026-02-12T08:58:00
M0088,2026-02-13T12:04:00
M0088,2026-02-13T13:29:00
M0088,2026-02-15T20:14:00
M0088,2026-02-16T19:57:00
M0088,2026-02-17T13:08:00
M0088,2026-02-22T08:20:00
M0088,2026-02-23T13:57:00
M0088,2026-02-25T06:19:00
M0088,2026-02-25T14:23:00
M0088,2026-02-26T15:51:00
M0088,2026-02-27T13:31:00
M0088,2026-02-28T14:08:00
M0088,2026-03-03T09:08:00
M0088,2026-03-03T16:45:00
M0088,2026-03-04T19:54:00
M0088,2026-03-06T09:14:00
M0088,2026-03-06T17:25:00
M0088,2026-03-08T08:46:00
M0088,2026-03-08T20:39:00
M0088,2026-03-11T07:47:00
M0088,2026-03-12T08:14:00
M0088,2026-03-15T12:23:00
M0088,2026-03-17T14:33:00
M0088,2026-03-17T20:17:00
M0088,2026-03-18T10:21:00
M0088,2026-03-18T13:42:00
M0088,2026-03-19T20:08:00
M0088,2026-03-25T08:37:00
M0088,2026-03-25T20:54:00
M0088,2026-03-27T17:57:00
M0088,2026-03-27T18:12:00
M0088,2026-03-28T06:09:00
M0088,2026-04-01T06:53:00
M0088,2026-04-02T09:10:00
M0088,2026-04-02T12:40:00
M0088,2026-04-06T11:00:00
M0088,2026-04-07T13:30:00
M0088,2026-04-08T19:52:00
M0088,2026-04-09T11:12:00
M0088,2026-04-10T17:17:00
M0088,2026-04-11T10:21:00
M0088,2026-04-11T13:39:00
M0088,2026-04-12T11:57:00
M0088,2026-04-12T14:28:00
M0088,2026-04-14T12:28:00
M0088,2026-04-15T18:32:00
M0088,2026-04-22T07:42:00
M0088,2026-04-23T11:48:00
M0088,2026-04-23T14:29:00
M0088,2026-04-23T19:31:00
M0088,2026-04-25T07:14:00
M0088,2026-04-28T10:04:00
M0088,2026-04-29T06:34:00
M0088,2026-04-30T11:27:00
M0088,2026-05-01T14:45:00
M0088,2026-05-03T08:55:00
M0088,2026-05-03T10:28:00
M0088,2026-05-04T14:05:00
M0088,2026-05-04T19:07:00
M0088,2026-05-04T19:56:00
M0088,2026-05-07T14:11:00
M0088,2026-05-12T09:09:00
M0088,2026-05-14T16:14:00
M0088,2026-05-16T15:55:00
M0088,2026-05-19T15:49:00
M0088,2026-05-20T17:22:00
M0088,2026-05-21T06:12:00
M0088,2026-05-23T07:43:00
M0088,2026-05-26T08:23:00
M0088,2026-05-26T09:44:00
M0088,2026-05-26T14:03:00
M0088,2026-05-28T14:23:00
M0088,2026-05-30T16:40:00
M0088,2026-06-03T08:34:00
M0088,2026-06-04T15:14:00
M0088,2026-06-04T20:48:00
M0088,2026-06-05T07:16:00
M0088,2026-06-06T10:03:00
M0088,2026-06-06T17:19:00
M0088,2026-06-08T10:24:00
M0088,2026-06-08T13:20:00
M0088,2026-06-09T12:54:00
M0088,2026-06-09T12:57:00
M0088,2026-06-12T06:48:00
M0088,2026-06-14T09:59:00
M0088,2026-06-15T08:09:00
M0088,2026-06-17T14:42:00
M0088,2026-06-17T15:38:00
M0088,2026-06-22T18:10:00
M0088,2026-06-22T19:10:00
M0088,2026-06-25T18:15:00
M0088,2026-06-27T10:08:00
M0088,2026-06-30T09:15:00
M0088,2026-07-01T12:25:00
M0088,2026-07-02T11:04:00
M0088,2026-07-04T09:28:00
M0088,2026-07-04T16:17:00
M0088,2026-07-05T14:06:00
M0088,2026-07-06T07:46:00
M0088,2026-07-08T07:33:00
M0088,2026-07-08T15:43:00
M0088,2026-07-09T11:00:00
M0088,2026-07-09T16:38:00
M0088,2026-07-10T14:47:00
M0088,2026-07-13T09:42:00
M0088,2026-07-13T10:52:00
M0088,2026-07-14T13:09:00
M0088,2026-07-17T16:29:00
M0088,2026-07-17T20:48:00
M0088,2026-07-19T06:24:00
M0088,2026-07-20T15:10:00
M0088,2026-07-22T11:56:00
M0088,2026-07-22T17:55:00
M0088,2026-07-23T20:16:00
M0088,2026-07-30T13:48:00
M0088,2026-07-31T07:46:00
M0088,2026-08-02T09:33:00
M0088,2026-08-09T09:55:00
M0088,2026-08-10T06:40:00
M0088,2026-08-11T15:55:00
M0088,2026-08-13T16:31:00
M0088,2026-08-13T17:27:00
M0088,2026-08-14T19:49:00
M0088,2026-08-16T19:46:00
M0088,2026-08-21T06:06:00
M0088,2026-08-23T12:42:00
M0088,2026-08-23T16:32:00
M0088,2026-08-26T10:57:00
M0088,2026-08-26T18:31:00
M0088,2026-08-27T10:22:00
M0088,2026-08-29T15:27:00
M0088,2026-08-29T15:31:00
M0088,2026-09-02T10:06:00
M0089,2025-09-18T07:07:00
M0089,2025-09-27T09:23:00
M0089,2025-10-22T17:47:00
M0089,2025-10-23T12:52:00
M0089,2025-10-23T16:45:00
M0089,2025-11-09T11:41:00
M0089,2025-12-13T13:54:00
M0089,2025-12-31T15:55:00
M0089,2026-01-08T06:25:00
M0089,2026-01-16T18:27:00
M0089,2026-01-17T18:40:00
M0089,2026-02-13T20:01:00
M0089,2026-03-09T15:11:00
M0089,2026-03-15T10:58:00
M0089,2026-03-15T16:21:00
M0089,2026-04-01T18:01:00
M0089,2026-05-01T13:54:00
M0089,2026-05-12T11:52:00
M0089,2026-05-15T11:22:00
M0089,2026-05-18T10:28:00
M0089,2026-05-30T06:20:00
M0089,2026-06-10T17:40:00
M0089,2026-06-16T18:50:00
M0089,2026-06-22T09:35:00
M0089,2026-06-27T19:35:00
M0089,2026-07-03T11:47:00
M0089,2026-07-08T18:22:00
M0089,2026-07-18T19:11:00
M0089,2026-08-15T13:54:00
M0089,2026-08-16T11:22:00
M0089,2026-09-10T14:47:00
M0090,2026-01-14T19:45:00
M0090,2026-01-15T11:21:00
M0090,2026-01-25T13:57:00
M0090,2026-01-27T11:01:00
M0090,2026-01-28T18:10:00
M0090,2026-02-02T09:37:00
M0090,2026-02-04T20:32:00
M0090,2026-02-11T18:35:00
M0090,2026-02-14T16:35:00
M0090,2026-02-27T08:25:00
M0090,2026-03-13T17:04:00
M0090,2026-03-17T07:05:00
M0090,2026-03-21T15:58:00
M0090,2026-03-25T08:45:00
M0090,2026-03-28T12:54:00
M0090,2026-04-01T14:22:00
M0090,2026-04-02T07:54:00
M0090,2026-04-02T08:58:00
M0090,2026-04-18T19:56:00
M0090,2026-04-26T10:39:00
M0090,2026-04-28T13:52:00
M0090,2026-05-01T07:20:00
M0090,2026-05-04T09:35:00
M0090,2026-05-05T16:17:00
M0090,2026-05-11T13:14:00
M0090,2026-05-12T20:14:00
M0090,2026-05-17T17:14:00
M0090,2026-05-21T16:51:00
M0090,2026-05-26T08:00:00
M0090,2026-06-03T09:01:00
M0090,2026-06-07T13:26:00
M0090,2026-06-07T15:30:00
M0090,2026-06-12T14:36:00
M0090,2026-06-16T12:11:00
M0090,2026-06-25T16:36:00
M0090,2026-06-28T14:37:00
M0090,2026-07-02T17:16:00
M0090,2026-07-11T18:23:00
M0090,2026-07-12T18:16:00
M0090,2026-07-23T11:23:00
M0090,2026-07-28T11:34:00
M0090,2026-08-12T07:44:00
M0090,2026-08-18T11:55:00
M0090,2026-09-01T07:58:00
M0090,2026-09-06T14:37:00
M0090,2026-09-06T17:15:00
M0090,2026-09-10T14:20:00
M0091,2025-04-20T08:01:00
M0091,2025-04-23T15:27:00
M0091,2025-04-23T15:28:00
M0091,2025-04-29T13:55:00
M0091,2025-05-01T13:35:00
M0091,2025-05-02T06:57:00
M0091,2025-05-02T08:04:00
M0091,2025-05-04T17:38:00
M0091,2025-05-06T20:46:00
M0091,2025-05-07T12:45:00
M0091,2025-05-09T10:36:00
M0091,2025-05-09T11:04:00
M0091,2025-05-17T08:25:00
M0091,2025-05-19T15:51:00
M0091,2025-05-19T16:28:00
M0091,2025-05-20T14:44:00
M0091,2025-05-22T12:09:00
M0091,2025-05-23T10:21:00
M0091,2025-05-25T15:03:00
M0091,2025-05-29T11:55:00
M0091,2025-05-30T18:22:00
M0091,2025-05-31T14:43:00
M0091,2025-06-05T07:49:00
M0091,2025-06-08T15:04:00
M0091,2025-06-09T15:49:00
M0091,2025-06-09T17:12:00
M0091,2025-06-12T12:46:00
M0091,2025-06-14T08:53:00
M0091,2025-06-16T06:41:00
M0091,2025-06-17T07:06:00
M0091,2025-06-18T15:44:00
M0091,2025-06-18T17:07:00
M0091,2025-06-27T12:51:00
M0091,2025-07-01T08:06:00
M0091,2025-07-01T11:11:00
M0091,2025-07-02T08:54:00
M0091,2025-07-02T12:44:00
M0091,2025-07-07T09:22:00
M0091,2025-07-07T10:25:00
M0091,2025-07-08T13:05:00
M0091,2025-07-11T12:56:00
M0091,2025-07-13T14:03:00
M0091,2025-07-13T14:16:00
M0091,2025-07-13T20:38:00
M0091,2025-07-14T06:33:00
M0091,2025-07-15T13:48:00
M0091,2025-07-18T11:06:00
M0091,2025-07-18T16:05:00
M0091,2025-07-20T06:20:00
M0091,2025-07-20T08:12:00
M0091,2025-07-23T10:01:00
M0091,2025-07-24T11:54:00
M0091,2025-07-25T15:31:00
M0091,2025-07-26T20:36:00
M0091,2025-07-28T14:13:00
M0091,2025-07-28T20:28:00
M0091,2025-07-29T07:55:00
M0091,2025-07-31T11:36:00
M0091,2025-08-01T19:56:00
M0091,2025-08-01T20:09:00
M0091,2025-08-03T20:34:00
M0091,2025-08-04T19:52:00
M0091,2025-08-06T06:39:00
M0091,2025-08-09T08:32:00
M0091,2025-08-10T11:43:00
M0091,2025-08-11T15:33:00
M0091,2025-08-12T20:18:00
M0091,2025-08-16T07:51:00
M0091,2025-08-25T15:58:00
M0091,2025-08-25T20:06:00
M0091,2025-08-27T09:38:00
M0091,2025-09-02T13:59:00
M0091,2025-09-05T14:53:00
M0091,2025-09-07T11:15:00
M0091,2025-09-07T16:35:00
M0091,2025-09-09T08:15:00
M0091,2025-09-10T18:28:00
M0091,2025-09-13T12:02:00
M0091,2025-09-13T13:12:00
M0091,2025-09-16T06:58:00
M0091,2025-09-17T18:53:00
M0091,2025-09-19T17:48:00
M0091,2025-09-20T14:05:00
M0091,2025-09-20T15:06:00
M0091,2025-09-25T15:36:00
M0091,2025-09-26T16:20:00
M0091,2025-09-30T08:28:00
M0091,2025-10-01T18:34:00
M0091,2025-10-03T09:18:00
M0091,2025-10-03T14:33:00
M0091,2025-10-04T09:18:00
M0091,2025-10-08T12:05:00
M0091,2025-10-10T12:25:00
M0091,2025-10-12T11:35:00
M0091,2025-10-14T13:50:00
M0091,2025-10-15T06:31:00
M0091,2025-10-15T15:24:00
M0091,2025-10-16T19:02:00
M0091,2025-10-17T17:03:00
M0091,2025-10-18T10:49:00
M0091,2025-10-20T07:19:00
M0091,2025-10-30T14:11:00
M0091,2025-10-30T17:57:00
M0091,2025-10-31T11:47:00
M0091,2025-11-02T14:01:00
M0091,2025-11-09T10:24:00
M0091,2025-11-10T11:34:00
M0091,2025-11-16T19:52:00
M0091,2025-11-21T14:33:00
M0091,2025-11-21T19:27:00
M0091,2025-11-29T08:32:00
M0091,2025-12-02T16:44:00
M0091,2025-12-07T13:11:00
M0091,2025-12-07T17:13:00
M0091,2025-12-07T20:13:00
M0091,2025-12-08T17:20:00
M0091,2025-12-10T09:36:00
M0091,2025-12-12T15:00:00
M0091,2025-12-14T20:15:00
M0091,2025-12-14T20:18:00
M0091,2025-12-14T20:24:00
M0091,2025-12-15T20:44:00
M0091,2025-12-19T19:58:00
M0091,2025-12-22T15:15:00
M0091,2025-12-23T20:53:00
M0091,2025-12-24T06:09:00
M0091,2025-12-24T19:14:00
M0091,2025-12-27T11:11:00
M0091,2025-12-31T16:36:00
M0091,2026-01-01T16:16:00
M0091,2026-01-16T10:13:00
M0091,2026-01-16T17:58:00
M0091,2026-01-16T19:57:00
M0091,2026-01-18T12:52:00
M0091,2026-01-20T12:44:00
M0091,2026-01-21T12:17:00
M0091,2026-01-24T18:31:00
M0091,2026-01-24T20:12:00
M0091,2026-01-25T17:49:00
M0091,2026-01-26T20:50:00
M0091,2026-01-27T15:00:00
M0091,2026-01-28T08:42:00
M0091,2026-01-30T07:07:00
M0091,2026-01-30T09:04:00
M0091,2026-01-30T17:25:00
M0091,2026-02-04T07:11:00
M0091,2026-02-05T11:10:00
M0091,2026-02-13T10:43:00
M0091,2026-02-13T20:44:00
M0091,2026-02-18T10:34:00
M0091,2026-02-24T10:54:00
M0091,2026-02-26T10:06:00
M0091,2026-02-28T07:25:00
M0091,2026-03-02T07:35:00
M0091,2026-03-07T20:56:00
M0091,2026-03-08T09:02:00
M0091,2026-03-09T14:02:00
M0091,2026-03-11T13:06:00
M0091,2026-03-14T13:12:00
M0091,2026-03-15T18:44:00
M0091,2026-03-18T15:23:00
M0091,2026-03-21T07:15:00
M0091,2026-03-21T12:11:00
M0091,2026-03-22T16:59:00
M0091,2026-03-25T15:49:00
M0091,2026-03-25T17:09:00
M0091,2026-03-26T18:12:00
M0091,2026-03-29T08:21:00
M0091,2026-03-31T06:36:00
M0091,2026-04-04T09:46:00
M0091,2026-04-06T11:29:00
M0091,2026-04-11T10:58:00
M0091,2026-04-12T09:11:00
M0091,2026-04-12T12:24:00
M0091,2026-04-13T10:32:00
M0091,2026-04-13T20:41:00
M0091,2026-04-19T19:15:00
M0091,2026-04-19T19:28:00
M0091,2026-04-24T09:21:00
M0091,2026-04-24T17:28:00
M0091,2026-04-30T08:09:00
M0091,2026-04-30T14:18:00
M0091,2026-05-03T16:04:00
M0091,2026-05-06T14:34:00
M0091,2026-05-07T11:03:00
M0091,2026-05-10T15:46:00
M0091,2026-05-11T17:59:00
M0091,2026-05-11T20:06:00
M0091,2026-05-12T11:02:00
M0091,2026-05-15T09:00:00
M0091,2026-05-17T19:24:00
M0091,2026-05-20T06:36:00
M0091,2026-05-29T06:36:00
M0091,2026-05-30T09:48:00
M0091,2026-05-30T15:07:00
M0091,2026-06-03T20:36:00
M0091,2026-06-04T07:01:00
M0091,2026-06-05T12:18:00
M0091,2026-06-05T15:24:00
M0091,2026-06-05T19:58:00
M0091,2026-06-08T13:34:00
M0091,2026-06-08T16:31:00
M0091,2026-06-10T20:47:00
M0091,2026-06-11T10:22:00
M0091,2026-06-12T13:30:00
M0091,2026-06-23T09:09:00
M0091,2026-06-28T12:51:00
M0091,2026-06-29T11:47:00
M0091,2026-06-29T12:16:00
M0091,2026-06-30T16:46:00
M0091,2026-07-07T08:02:00
M0091,2026-07-08T08:53:00
M0091,2026-07-08T12:45:00
M0091,2026-07-08T12:56:00
M0091,2026-07-08T13:46:00
M0091,2026-07-09T19:14:00
M0091,2026-07-10T11:13:00
M0091,2026-07-13T17:33:00
M0091,2026-07-14T16:25:00
M0091,2026-07-15T11:21:00
M0091,2026-07-15T13:24:00
M0091,2026-07-20T09:13:00
M0091,2026-08-14T09:36:00
M0091,2026-08-17T19:46:00
M0091,2026-08-18T20:29:00
M0091,2026-08-21T18:39:00
M0091,2026-08-23T14:41:00
M0091,2026-08-26T08:30:00
M0091,2026-08-26T10:57:00
M0091,2026-08-27T19:48:00
M0091,2026-08-28T10:13:00
M0091,2026-08-29T12:23:00
M0091,2026-08-31T09:21:00
M0091,2026-09-02T06:44:00
M0091,2026-09-03T12:03:00
M0091,2026-09-03T12:11:00
M0091,2026-09-03T20:10:00
M0091,2026-09-04T12:59:00
M0091,2026-09-05T18:55:00
M0091,2026-09-07T12:36:00
M0091,2026-09-11T08:17:00
M0091,2026-09-11T16:36:00
M0092,2026-02-09T15:59:00
M0092,2026-02-13T15:33:00
M0092,2026-02-19T16:56:00
M0092,2026-03-07T16:06:00
M0092,2026-03-13T07:05:00
M0092,2026-04-18T06:58:00
M0092,2026-04-27T19:05:00
M0092,2026-05-01T19:03:00
M0092,2026-05-04T09:47:00
M0092,2026-05-04T20:57:00
M0092,2026-05-17T09:19:00
M0092,2026-06-10T20:20:00
M0092,2026-06-12T07:23:00
M0092,2026-07-08T20:53:00
M0092,2026-08-04T13:21:00
M0092,2026-08-13T08:18:00
M0092,2026-08-17T07:51:00
M0092,2026-08-19T08:57:00
M0092,2026-08-23T08:26:00
M0092,2026-08-29T14:58:00
M0092,2026-09-02T12:10:00
M0093,2025-06-26T08:56:00
M0093,2025-06-29T07:48:00
M0093,2025-06-29T08:49:00
M0093,2025-06-29T13:24:00
M0093,2025-07-03T15:44:00
M0093,2025-07-06T15:36:00
M0093,2025-07-09T11:59:00
M0093,2025-07-24T13:42:00
M0093,2025-07-25T13:57:00
M0093,2025-07-26T07:56:00
M0093,2025-07-28T11:56:00
M0093,2025-08-01T07:59:00
M0093,2025-08-01T15:19:00
M0093,2025-08-02T07:11:00
M0093,2025-08-05T12:58:00
M0093,2025-08-06T16:12:00
M0093,2025-08-12T11:18:00
M0093,2025-08-12T18:50:00
M0093,2025-08-14T11:38:00
M0093,2025-08-27T13:01:00
M0093,2025-09-01T20:37:00
M0093,2025-09-07T08:23:00
M0093,2025-09-08T10:33:00
M0093,2025-09-10T10:12:00
M0093,2025-09-18T13:20:00
M0093,2025-09-19T06:41:00
M0093,2025-10-03T17:19:00
M0093,2025-10-04T13:27:00
M0093,2025-10-17T19:59:00
M0093,2025-10-18T06:17:00
M0093,2025-10-18T14:02:00
M0093,2025-10-19T16:05:00
M0093,2025-10-21T18:42:00
M0093,2025-10-27T06:19:00
M0093,2025-10-27T06:47:00
M0093,2025-11-02T09:57:00
M0093,2025-11-02T12:24:00
M0093,2025-11-06T17:43:00
M0093,2025-11-08T08:22:00
M0093,2025-11-08T11:51:00
M0093,2025-11-08T17:24:00
M0093,2025-11-09T12:45:00
M0093,2025-11-10T19:50:00
M0093,2025-11-11T10:35:00
M0093,2025-11-14T13:18:00
M0093,2025-11-20T18:42:00
M0093,2025-11-22T07:58:00
M0093,2025-11-23T20:42:00
M0093,2025-12-06T19:32:00
M0093,2025-12-11T06:51:00
M0093,2025-12-12T18:48:00
M0093,2025-12-18T09:04:00
M0093,2025-12-26T11:04:00
M0093,2025-12-26T15:51:00
M0093,2026-01-09T18:05:00
M0093,2026-01-26T07:09:00
M0093,2026-01-27T06:47:00
M0093,2026-01-28T07:00:00
M0093,2026-01-28T11:55:00
M0093,2026-02-01T16:55:00
M0093,2026-02-02T16:55:00
M0093,2026-02-07T18:42:00
M0093,2026-02-19T08:05:00
M0093,2026-02-19T15:07:00
M0093,2026-02-19T17:08:00
M0093,2026-02-20T09:03:00
M0093,2026-02-20T20:47:00
M0093,2026-02-22T18:43:00
M0093,2026-02-24T07:00:00
M0093,2026-02-24T07:24:00
M0093,2026-02-28T16:33:00
M0093,2026-03-06T13:52:00
M0093,2026-03-06T17:31:00
M0093,2026-03-09T17:11:00
M0093,2026-03-15T10:46:00
M0093,2026-03-17T15:55:00
M0093,2026-03-25T06:28:00
M0093,2026-03-27T14:00:00
M0093,2026-04-02T08:12:00
M0093,2026-04-04T08:56:00
M0093,2026-04-06T15:12:00
M0093,2026-04-07T07:44:00
M0093,2026-04-15T07:12:00
M0093,2026-04-17T19:20:00
M0093,2026-04-26T16:53:00
M0093,2026-04-29T09:10:00
M0093,2026-05-04T10:38:00
M0093,2026-05-10T14:40:00
M0093,2026-05-16T09:27:00
M0093,2026-05-16T19:22:00
M0093,2026-05-26T09:33:00
M0093,2026-05-28T16:56:00
M0093,2026-06-02T10:18:00
M0093,2026-06-03T08:04:00
M0093,2026-06-04T07:31:00
M0093,2026-06-11T15:48:00
M0093,2026-06-13T20:46:00
M0093,2026-06-20T15:49:00
M0093,2026-06-20T17:43:00
M0093,2026-06-23T13:00:00
M0093,2026-06-23T16:05:00
M0093,2026-06-23T18:57:00
M0093,2026-06-24T12:05:00
M0093,2026-06-29T10:46:00
M0093,2026-06-29T16:04:00
M0093,2026-07-01T11:28:00
M0093,2026-07-11T17:51:00
M0093,2026-07-12T11:31:00
M0093,2026-07-17T06:44:00
M0093,2026-07-17T09:37:00
M0093,2026-07-18T14:47:00
M0093,2026-07-18T18:31:00
M0093,2026-08-01T12:29:00
M0093,2026-08-02T11:59:00
M0093,2026-08-05T19:25:00
M0093,2026-08-09T13:09:00
M0093,2026-08-09T19:57:00
M0093,2026-08-14T17:48:00
M0093,2026-08-16T12:01:00
M0093,2026-08-19T08:50:00
M0093,2026-08-22T12:55:00
M0093,2026-08-25T08:25:00
M0093,2026-08-28T08:37:00
M0093,2026-08-29T06:27:00
M0093,2026-09-02T19:42:00
M0093,2026-09-04T09:06:00
M0093,2026-09-10T12:30:00
M0093,2026-09-11T06:31:00
M0093,2026-09-11T10:21:00
M0094,2026-01-26T16:03:00
M0094,2026-01-26T19:10:00
M0094,2026-02-01T07:04:00
M0094,2026-02-15T17:30:00
M0094,2026-02-17T10:09:00
M0094,2026-02-21T14:31:00
M0094,2026-03-05T09:26:00
M0094,2026-03-16T06:19:00
M0094,2026-03-18T08:21:00
M0094,2026-03-25T10:43:00
M0094,2026-04-07T12:39:00
M0094,2026-04-10T15:08:00
M0094,2026-04-21T10:21:00
M0094,2026-04-29T11:51:00
M0094,2026-04-29T19:08:00
M0094,2026-05-31T15:30:00
M0094,2026-06-05T06:28:00
M0094,2026-07-04T11:44:00
M0094,2026-07-05T12:15:00
M0094,2026-07-18T20:55:00
M0094,2026-07-19T16:58:00
M0094,2026-08-10T18:17:00
M0094,2026-08-11T11:36:00
M0094,2026-08-15T20:08:00
M0094,2026-08-20T11:44:00
M0095,2025-10-10T18:09:00
M0095,2025-10-18T11:05:00
M0095,2025-10-18T13:29:00
M0095,2025-10-18T20:57:00
M0095,2025-10-26T10:04:00
M0095,2025-10-29T18:49:00
M0095,2025-10-31T12:49:00
M0095,2025-11-06T17:09:00
M0095,2025-11-11T13:15:00
M0095,2025-11-12T16:00:00
M0095,2025-11-13T19:49:00
M0095,2025-11-20T11:52:00
M0095,2025-12-10T18:17:00
M0095,2025-12-13T13:35:00
M0095,2025-12-24T19:51:00
M0095,2025-12-25T13:20:00
M0095,2025-12-27T20:34:00
M0095,2025-12-28T09:59:00
M0095,2026-01-01T17:03:00
M0095,2026-01-03T15:07:00
M0095,2026-02-01T20:12:00
M0095,2026-02-12T09:50:00
M0095,2026-02-14T18:32:00
M0095,2026-03-06T12:44:00
M0095,2026-03-16T19:00:00
M0095,2026-03-19T10:13:00
M0095,2026-03-25T10:01:00
M0095,2026-03-31T16:41:00
M0095,2026-04-02T13:49:00
M0095,2026-04-06T12:05:00
M0095,2026-04-08T13:40:00
M0095,2026-04-10T14:10:00
M0095,2026-04-16T07:59:00
M0095,2026-04-16T13:17:00
M0095,2026-04-18T13:48:00
M0095,2026-04-22T17:38:00
M0095,2026-04-24T10:10:00
M0095,2026-05-02T08:20:00
M0095,2026-05-05T07:03:00
M0095,2026-05-21T19:46:00
M0095,2026-05-22T11:09:00
M0095,2026-05-25T11:35:00
M0095,2026-05-29T14:01:00
M0095,2026-05-31T12:41:00
M0095,2026-06-04T12:11:00
M0095,2026-06-04T15:53:00
M0095,2026-06-11T11:36:00
M0095,2026-06-15T06:41:00
M0095,2026-06-22T15:02:00
M0095,2026-06-27T06:46:00
M0095,2026-07-12T17:08:00
M0095,2026-07-21T08:09:00
M0095,2026-07-24T07:59:00
M0095,2026-08-04T14:10:00
M0095,2026-08-06T07:26:00
M0095,2026-08-09T09:05:00
M0095,2026-08-10T11:22:00
M0095,2026-08-13T18:04:00
M0095,2026-08-21T12:34:00
M0095,2026-08-25T14:26:00
M0096,2025-05-23T09:03:00
M0096,2025-05-27T16:35:00
M0096,2025-06-12T06:41:00
M0096,2025-06-15T06:02:00
M0096,2025-06-18T17:14:00
M0096,2025-06-20T18:14:00
M0096,2025-07-04T19:08:00
M0096,2025-07-07T11:20:00
M0096,2025-08-10T18:40:00
M0096,2025-08-12T12:01:00
M0096,2025-08-18T18:18:00
M0096,2025-08-24T06:42:00
M0096,2025-09-22T07:02:00
M0096,2025-09-23T17:26:00
M0096,2025-09-26T15:02:00
M0096,2025-10-03T09:37:00
M0096,2025-10-26T06:22:00
M0096,2025-11-04T07:37:00
M0096,2025-11-08T14:57:00
M0096,2025-11-12T08:25:00
M0096,2025-11-21T08:34:00
M0096,2025-11-27T20:40:00
M0096,2025-12-16T15:18:00
M0096,2026-01-03T14:23:00
M0096,2026-02-16T12:10:00
M0096,2026-03-04T09:48:00
M0096,2026-03-09T10:21:00
M0096,2026-03-20T11:57:00
M0096,2026-04-04T12:07:00
M0096,2026-04-28T10:28:00
M0096,2026-04-30T13:38:00
M0096,2026-05-12T16:32:00
M0096,2026-05-27T12:13:00
M0096,2026-06-19T07:02:00
M0096,2026-06-28T18:06:00
M0096,2026-07-17T09:48:00
M0096,2026-07-21T20:55:00
M0096,2026-07-27T17:47:00
M0096,2026-08-01T19:44:00
M0096,2026-08-04T09:56:00
M0096,2026-08-10T19:19:00
M0096,2026-09-05T13:03:00
M0097,2026-02-25T20:31:00
M0097,2026-02-27T14:38:00
M0097,2026-02-27T15:48:00
M0097,2026-03-01T11:29:00
M0097,2026-03-03T19:01:00
M0097,2026-03-05T18:42:00
M0097,2026-03-07T07:56:00
M0097,2026-03-09T09:04:00
M0097,2026-03-10T10:28:00
M0097,2026-03-10T10:59:00
M0097,2026-03-13T17:36:00
M0097,2026-03-14T06:54:00
M0097,2026-03-18T07:03:00
M0097,2026-03-18T12:47:00
M0097,2026-03-19T07:17:00
M0097,2026-03-19T09:41:00
M0097,2026-03-24T10:09:00
M0097,2026-03-26T13:59:00
M0097,2026-03-26T18:02:00
M0097,2026-03-27T16:01:00
M0097,2026-03-31T20:40:00
M0097,2026-04-05T16:50:00
M0097,2026-04-06T20:13:00
M0097,2026-04-07T07:46:00
M0097,2026-04-07T20:59:00
M0097,2026-04-10T08:00:00
M0097,2026-04-14T17:44:00
M0097,2026-04-15T09:04:00
M0097,2026-04-15T13:55:00
M0097,2026-04-16T10:01:00
M0097,2026-04-17T16:24:00
M0097,2026-04-18T17:35:00
M0097,2026-04-19T15:30:00
M0097,2026-04-21T06:31:00
M0097,2026-04-24T08:00:00
M0097,2026-04-24T19:29:00
M0097,2026-04-25T20:02:00
M0097,2026-04-26T07:49:00
M0097,2026-04-29T09:44:00
M0097,2026-04-30T17:18:00
M0097,2026-05-01T18:00:00
M0097,2026-05-03T06:55:00
M0097,2026-05-03T10:55:00
M0097,2026-05-03T13:12:00
M0097,2026-05-04T10:01:00
M0097,2026-05-08T14:44:00
M0097,2026-05-08T18:14:00
M0097,2026-05-09T19:54:00
M0097,2026-05-10T19:47:00
M0097,2026-05-12T10:23:00
M0097,2026-05-12T15:23:00
M0097,2026-05-20T11:47:00
M0097,2026-05-20T15:25:00
M0097,2026-05-22T19:30:00
M0097,2026-05-23T08:23:00
M0097,2026-05-24T11:26:00
M0097,2026-05-24T14:34:00
M0097,2026-05-24T20:23:00
M0097,2026-05-28T13:22:00
M0097,2026-06-02T15:16:00
M0097,2026-06-05T11:27:00
M0097,2026-06-05T16:34:00
M0097,2026-06-08T10:09:00
M0097,2026-06-08T16:48:00
M0097,2026-06-09T11:32:00
M0097,2026-06-10T11:59:00
M0097,2026-06-11T16:29:00
M0097,2026-06-12T18:34:00
M0097,2026-06-15T16:09:00
M0097,2026-06-15T16:10:00
M0097,2026-06-17T19:51:00
M0097,2026-06-20T08:52:00
M0097,2026-06-20T11:34:00
M0097,2026-06-21T19:47:00
M0097,2026-06-23T14:34:00
M0097,2026-06-28T12:05:00
M0097,2026-06-29T09:52:00
M0097,2026-06-29T12:56:00
M0097,2026-06-30T14:06:00
M0097,2026-07-04T06:16:00
M0097,2026-07-04T16:10:00
M0097,2026-07-05T09:43:00
M0097,2026-07-16T14:59:00
M0097,2026-07-17T07:20:00
M0097,2026-07-17T14:42:00
M0097,2026-07-19T18:21:00
M0097,2026-07-19T19:51:00
M0097,2026-07-20T12:14:00
M0097,2026-07-21T09:40:00
M0097,2026-07-24T17:48:00
M0097,2026-07-25T11:47:00
M0097,2026-08-02T13:09:00
M0097,2026-08-03T09:45:00
M0097,2026-08-03T17:57:00
M0097,2026-08-04T17:19:00
M0097,2026-08-04T20:50:00
M0097,2026-08-05T18:25:00
M0097,2026-08-07T08:58:00
M0097,2026-08-08T18:06:00
M0097,2026-08-11T06:18:00
M0097,2026-08-11T09:11:00
M0097,2026-08-13T19:13:00
M0097,2026-08-15T16:06:00
M0097,2026-08-17T09:01:00
M0097,2026-08-18T07:16:00
M0097,2026-08-20T16:25:00
M0097,2026-08-21T07:27:00
M0097,2026-08-24T18:43:00
M0097,2026-08-25T17:38:00
M0097,2026-08-27T09:19:00
M0097,2026-08-27T11:24:00
M0097,2026-08-28T15:37:00
M0097,2026-09-04T16:39:00
M0097,2026-09-05T06:43:00
M0097,2026-09-10T11:01:00
M0097,2026-09-11T06:31:00
M0098,2025-05-21T13:01:00
M0098,2025-05-26T06:31:00
M0098,2025-06-06T07:15:00
M0098,2025-06-09T10:34:00
M0098,2025-06-12T20:05:00
M0098,2025-06-18T19:45:00
M0098,2025-06-18T20:06:00
M0098,2025-06-30T12:47:00
M0098,2025-07-06T09:38:00
M0098,2025-07-06T14:49:00
M0098,2025-07-07T06:20:00
M0098,2025-07-16T19:28:00
M0098,2025-07-19T15:26:00
M0098,2025-07-25T06:43:00
M0098,2025-07-26T15:55:00
M0098,2025-08-05T13:04:00
M0098,2025-08-06T18:01:00
M0098,2025-08-12T08:29:00
M0098,2025-08-17T17:36:00
M0098,2025-08-18T18:59:00
M0098,2025-09-02T16:46:00
M0098,2025-09-12T10:37:00
M0098,2025-09-26T17:33:00
M0098,2025-10-06T08:57:00
M0098,2025-10-11T06:18:00
M0098,2025-10-13T10:54:00
M0098,2025-11-07T16:09:00
M0098,2025-11-11T11:27:00
M0098,2025-12-01T13:15:00
M0098,2025-12-04T07:12:00
M0098,2025-12-05T12:49:00
M0098,2025-12-10T18:41:00
M0098,2025-12-13T18:24:00
M0098,2025-12-19T10:11:00
M0098,2025-12-20T11:55:00
M0098,2025-12-29T09:45:00
M0098,2025-12-29T18:44:00
M0098,2025-12-31T15:54:00
M0098,2026-01-09T07:10:00
M0098,2026-01-10T08:47:00
M0098,2026-01-19T13:23:00
M0098,2026-01-20T15:01:00
M0098,2026-01-29T17:27:00
M0098,2026-01-30T17:33:00
M0098,2026-02-04T11:40:00
M0098,2026-02-17T07:26:00
M0098,2026-03-02T06:17:00
M0098,2026-03-13T10:56:00
M0098,2026-03-16T07:04:00
M0098,2026-03-16T14:44:00
M0098,2026-03-18T11:30:00
M0098,2026-04-04T07:01:00
M0098,2026-04-04T07:36:00
M0098,2026-04-04T16:12:00
M0098,2026-04-04T20:59:00
M0098,2026-04-06T14:58:00
M0098,2026-04-13T16:34:00
M0098,2026-04-26T14:16:00
M0098,2026-04-27T07:50:00
M0098,2026-05-06T08:37:00
M0098,2026-05-11T07:35:00
M0098,2026-05-15T09:12:00
M0098,2026-05-16T10:08:00
M0098,2026-05-22T11:03:00
M0098,2026-05-22T14:42:00
M0098,2026-05-26T18:00:00
M0098,2026-05-27T17:25:00
M0098,2026-06-19T10:56:00
M0098,2026-06-21T15:33:00
M0098,2026-07-11T19:30:00
M0098,2026-07-15T13:30:00
M0098,2026-07-16T08:20:00
M0098,2026-07-16T09:12:00
M0098,2026-07-20T09:06:00
M0098,2026-07-25T12:35:00
M0098,2026-07-29T16:34:00
M0098,2026-08-01T16:08:00
M0098,2026-08-06T18:04:00
M0098,2026-08-20T14:09:00
M0098,2026-08-20T18:04:00
M0098,2026-08-24T14:04:00
M0098,2026-08-25T08:15:00
M0098,2026-09-02T18:26:00
M0098,2026-09-03T16:23:00
M0098,2026-09-05T19:16:00
M0098,2026-09-07T06:48:00
M0099,2025-11-29T15:50:00
M0099,2025-12-07T20:26:00
M0099,2025-12-15T19:48:00
M0099,2025-12-22T08:15:00
M0099,2025-12-27T18:04:00
M0099,2025-12-28T14:18:00
M0099,2025-12-31T17:57:00
M0099,2026-01-03T07:35:00
M0099,2026-01-03T15:01:00
M0099,2026-01-09T12:17:00
M0099,2026-01-12T06:23:00
M0099,2026-01-13T08:49:00
M0099,2026-02-07T16:51:00
M0099,2026-02-13T10:53:00
M0099,2026-02-15T15:20:00
M0099,2026-02-20T19:30:00
M0099,2026-02-22T13:24:00
M0099,2026-02-24T19:53:00
M0099,2026-03-01T20:43:00
M0099,2026-03-02T15:44:00
M0099,2026-03-07T11:05:00
M0099,2026-03-08T15:42:00
M0099,2026-03-10T15:08:00
M0099,2026-03-15T14:39:00
M0099,2026-03-16T07:16:00
M0099,2026-03-16T13:21:00
M0099,2026-03-20T19:18:00
M0099,2026-03-20T20:57:00
M0099,2026-03-22T14:14:00
M0099,2026-03-23T10:59:00
M0099,2026-03-27T20:15:00
M0099,2026-03-29T09:22:00
M0099,2026-04-03T09:52:00
M0099,2026-04-10T14:43:00
M0099,2026-04-11T10:16:00
M0099,2026-04-19T12:42:00
M0099,2026-04-20T09:49:00
M0099,2026-04-23T18:49:00
M0099,2026-04-26T20:50:00
M0099,2026-05-04T10:12:00
M0099,2026-05-11T16:23:00
M0099,2026-05-29T09:51:00
M0099,2026-06-01T14:35:00
M0099,2026-06-06T15:33:00
M0099,2026-06-11T07:46:00
M0099,2026-06-12T09:25:00
M0099,2026-06-14T18:40:00
M0099,2026-06-15T09:13:00
M0099,2026-06-15T18:31:00
M0099,2026-06-15T20:18:00
M0099,2026-06-16T11:11:00
M0099,2026-06-20T17:17:00
M0099,2026-06-28T13:34:00
M0099,2026-07-03T08:16:00
M0099,2026-07-08T12:52:00
M0099,2026-07-12T07:16:00
M0099,2026-07-15T09:51:00
M0099,2026-07-17T20:31:00
M0099,2026-07-18T20:35:00
M0099,2026-07-19T12:00:00
M0099,2026-07-26T15:26:00
M0099,2026-07-26T19:17:00
M0099,2026-07-30T10:03:00
M0099,2026-08-08T16:31:00
M0099,2026-08-16T07:30:00
M0099,2026-08-26T08:11:00
M0099,2026-08-26T11:48:00
M0099,2026-08-29T12:20:00
M0099,2026-09-01T06:02:00
M0099,2026-09-08T07:17:00
M0099,2026-09-09T14:34:00
M0099,2026-09-09T20:47:00
M0099,2026-09-11T08:50:00
M0100,2026-05-16T09:39:00
M0100,2026-05-17T12:15:00
M0100,2026-06-02T15:48:00
M0100,2026-07-12T19:15:00
M0100,2026-07-12T20:35:00
M0100,2026-07-18T06:35:00
M0100,2026-07-21T11:48:00
M0100,2026-08-01T08:51:00
M0100,2026-08-20T12:13:00
M0101,2026-04-30T08:57:00
M0101,2026-05-04T20:14:00
M0101,2026-05-05T07:00:00
M0101,2026-07-13T16:19:00
M0101,2026-07-15T15:55:00
M0101,2026-08-27T19:24:00
M0101,2026-09-02T09:14:00
M0102,2025-06-05T18:17:00
M0102,2025-06-08T13:32:00
M0102,2025-06-09T20:43:00
M0102,2025-06-11T12:50:00
M0102,2025-06-12T11:20:00
M0102,2025-06-19T12:53:00
M0102,2025-06-22T15:53:00
M0102,2025-06-24T08:45:00
M0102,2025-06-25T15:13:00
M0102,2025-06-30T09:20:00
M0102,2025-06-30T18:25:00
M0102,2025-07-01T12:17:00
M0102,2025-07-04T16:24:00
M0102,2025-07-07T12:38:00
M0102,2025-07-07T17:18:00
M0102,2025-07-16T06:43:00
M0102,2025-07-17T09:41:00
M0102,2025-07-18T07:28:00
M0102,2025-07-22T12:01:00
M0102,2025-07-23T15:22:00
M0102,2025-07-25T18:01:00
M0102,2025-07-27T12:16:00
M0102,2025-07-30T12:46:00
M0102,2025-07-30T20:27:00
M0102,2025-08-05T09:17:00
M0102,2025-08-05T20:16:00
M0102,2025-08-06T08:10:00
M0102,2025-08-11T19:37:00
M0102,2025-08-12T06:48:00
M0102,2025-08-14T18:12:00
M0102,2025-08-15T14:38:00
M0102,2025-08-16T06:24:00
M0102,2025-08-18T07:39:00
M0102,2025-08-18T07:45:00
M0102,2025-08-19T07:33:00
M0102,2025-08-19T13:09:00
M0102,2025-08-22T14:03:00
M0102,2025-08-25T09:26:00
M0102,2025-08-26T08:33:00
M0102,2025-08-26T08:54:00
M0102,2025-08-27T10:55:00
M0102,2025-08-31T09:55:00
M0102,2025-09-07T15:03:00
M0102,2025-09-11T13:27:00
M0102,2025-09-11T16:50:00
M0102,2025-09-12T08:18:00
M0102,2025-09-13T19:55:00
M0102,2025-09-15T09:01:00
M0102,2025-09-20T09:38:00
M0102,2025-09-26T07:04:00
M0102,2025-09-27T07:17:00
M0102,2025-09-27T18:11:00
M0102,2025-10-01T14:48:00
M0102,2025-10-02T07:49:00
M0102,2025-10-05T11:54:00
M0102,2025-10-05T12:08:00
M0102,2025-10-06T06:30:00
M0102,2025-10-06T09:50:00
M0102,2025-10-06T14:59:00
M0102,2025-10-06T18:17:00
M0102,2025-10-06T19:08:00
M0102,2025-10-07T17:11:00
M0102,2025-10-09T14:57:00
M0102,2025-10-09T19:01:00
M0102,2025-10-13T13:11:00
M0102,2025-10-13T19:38:00
M0102,2025-10-18T10:29:00
M0102,2025-10-18T11:36:00
M0102,2025-10-20T08:40:00
M0102,2025-10-23T18:02:00
M0102,2025-10-24T07:45:00
M0102,2025-10-26T10:29:00
M0102,2025-10-26T12:08:00
M0102,2025-10-30T18:31:00
M0102,2025-11-04T18:38:00
M0102,2025-11-05T16:33:00
M0102,2025-11-05T20:33:00
M0102,2025-11-06T14:46:00
M0102,2025-11-07T18:25:00
M0102,2025-11-11T14:59:00
M0102,2025-11-12T08:32:00
M0102,2025-11-13T17:53:00
M0102,2025-11-14T12:48:00
M0102,2025-11-22T13:08:00
M0102,2025-11-23T15:23:00
M0102,2025-11-29T06:13:00
M0102,2025-12-04T20:26:00
M0102,2025-12-06T10:07:00
M0102,2025-12-09T06:20:00
M0102,2025-12-10T09:48:00
M0102,2025-12-10T12:19:00
M0102,2025-12-14T09:27:00
M0102,2025-12-15T13:55:00
M0102,2025-12-18T18:48:00
M0102,2025-12-20T16:48:00
M0102,2025-12-22T08:01:00
M0102,2025-12-22T20:28:00
M0102,2025-12-23T13:25:00
M0102,2025-12-26T08:41:00
M0102,2025-12-27T10:25:00
M0102,2026-01-06T20:13:00
M0102,2026-01-07T17:29:00
M0102,2026-01-11T09:09:00
M0102,2026-01-14T08:26:00
M0102,2026-01-16T20:06:00
M0102,2026-01-20T11:03:00
M0102,2026-01-20T13:58:00
M0102,2026-01-21T20:41:00
M0102,2026-01-24T12:04:00
M0102,2026-01-29T10:22:00
M0102,2026-01-31T14:35:00
M0102,2026-02-11T06:59:00
M0102,2026-02-14T19:30:00
M0102,2026-02-15T11:21:00
M0102,2026-02-22T08:47:00
M0102,2026-02-23T10:59:00
M0102,2026-02-26T08:00:00
M0102,2026-02-27T14:17:00
M0102,2026-03-01T06:32:00
M0102,2026-03-09T16:33:00
M0102,2026-03-10T06:28:00
M0102,2026-03-18T11:51:00
M0102,2026-03-24T06:51:00
M0102,2026-03-26T11:18:00
M0102,2026-03-26T13:22:00
M0102,2026-03-26T15:07:00
M0102,2026-04-01T18:31:00
M0102,2026-04-05T16:49:00
M0102,2026-04-08T18:32:00
M0102,2026-04-13T20:52:00
M0102,2026-04-15T11:42:00
M0102,2026-04-16T14:04:00
M0102,2026-04-16T17:47:00
M0102,2026-04-20T08:48:00
M0102,2026-04-24T13:46:00
M0102,2026-04-24T16:17:00
M0102,2026-04-27T06:02:00
M0102,2026-04-27T07:39:00
M0102,2026-04-27T12:36:00
M0102,2026-04-27T12:51:00
M0102,2026-04-28T06:08:00
M0102,2026-04-29T10:25:00
M0102,2026-05-03T07:10:00
M0102,2026-05-05T20:13:00
M0102,2026-05-06T14:36:00
M0102,2026-05-09T20:09:00
M0102,2026-05-23T06:16:00
M0102,2026-05-24T09:29:00
M0102,2026-05-29T13:50:00
M0102,2026-06-01T20:43:00
M0102,2026-06-16T15:35:00
M0102,2026-06-16T15:46:00
M0102,2026-06-16T19:30:00
M0102,2026-06-17T07:05:00
M0102,2026-06-19T13:51:00
M0102,2026-06-25T08:42:00
M0102,2026-06-25T20:57:00
M0102,2026-06-26T16:20:00
M0102,2026-06-26T19:45:00
M0102,2026-06-27T17:21:00
M0102,2026-06-29T19:01:00
M0102,2026-06-30T14:19:00
M0102,2026-06-30T18:38:00
M0102,2026-07-01T13:17:00
M0102,2026-07-02T14:43:00
M0102,2026-07-04T20:15:00
M0102,2026-07-12T15:19:00
M0102,2026-07-15T17:25:00
M0102,2026-07-19T19:09:00
M0102,2026-07-23T09:54:00
M0102,2026-07-25T19:16:00
M0102,2026-07-27T13:57:00
M0102,2026-07-27T20:06:00
M0102,2026-08-01T09:56:00
M0102,2026-08-03T08:39:00
M0102,2026-08-04T10:05:00
M0102,2026-08-04T12:47:00
M0102,2026-08-05T12:36:00
M0102,2026-08-05T20:42:00
M0102,2026-08-07T14:32:00
M0102,2026-08-09T12:25:00
M0102,2026-08-09T18:20:00
M0102,2026-08-11T09:31:00
M0102,2026-08-11T11:07:00
M0102,2026-08-12T13:01:00
M0102,2026-08-12T20:25:00
M0102,2026-08-15T12:09:00
M0102,2026-08-19T19:15:00
M0102,2026-08-20T09:25:00
M0102,2026-08-25T09:39:00
M0102,2026-08-30T07:05:00
M0102,2026-08-31T15:20:00
M0102,2026-09-03T12:54:00
M0102,2026-09-05T08:21:00
M0102,2026-09-06T18:47:00
M0103,2025-05-05T10:53:00
M0103,2025-05-07T08:02:00
M0103,2025-05-11T08:57:00
M0103,2025-05-13T16:43:00
M0103,2025-05-16T15:05:00
M0103,2025-05-17T17:22:00
M0103,2025-05-18T15:00:00
M0103,2025-05-18T15:05:00
M0103,2025-05-20T11:06:00
M0103,2025-05-31T20:12:00
M0103,2025-06-01T10:37:00
M0103,2025-06-04T19:31:00
M0103,2025-06-07T08:57:00
M0103,2025-06-08T13:38:00
M0103,2025-06-10T15:53:00
M0103,2025-06-12T07:53:00
M0103,2025-06-12T10:08:00
M0103,2025-06-21T10:10:00
M0103,2025-06-27T18:44:00
M0103,2025-07-01T06:25:00
M0103,2025-07-03T07:31:00
M0103,2025-07-03T09:44:00
M0103,2025-07-07T17:30:00
M0103,2025-07-12T11:42:00
M0103,2025-07-12T13:22:00
M0103,2025-07-16T12:51:00
M0103,2025-07-17T10:18:00
M0103,2025-07-18T17:52:00
M0103,2025-07-21T18:54:00
M0103,2025-07-22T16:20:00
M0103,2025-07-28T09:29:00
M0103,2025-07-28T17:09:00
M0103,2025-08-03T07:03:00
M0103,2025-08-04T07:28:00
M0103,2025-08-07T20:07:00
M0103,2025-08-10T10:49:00
M0103,2025-08-11T08:46:00
M0103,2025-08-12T17:20:00
M0103,2025-08-27T12:26:00
M0103,2025-08-28T09:45:00
M0103,2025-08-31T20:41:00
M0103,2025-09-12T09:57:00
M0103,2025-09-12T15:19:00
M0103,2025-09-12T16:35:00
M0103,2025-09-17T16:02:00
M0103,2025-09-23T08:25:00
M0103,2025-09-28T06:53:00
M0103,2025-09-29T11:04:00
M0103,2025-10-08T08:52:00
M0103,2025-10-08T13:42:00
M0103,2025-10-08T18:45:00
M0103,2025-10-11T18:16:00
M0103,2025-10-13T19:20:00
M0103,2025-10-17T17:27:00
M0103,2025-10-18T11:28:00
M0103,2025-10-24T11:58:00
M0103,2025-10-25T15:55:00
M0103,2025-11-07T08:00:00
M0103,2025-11-10T06:56:00
M0103,2025-11-10T09:32:00
M0103,2025-11-10T17:11:00
M0103,2025-11-11T12:05:00
M0103,2025-11-12T20:21:00
M0103,2025-11-13T13:17:00
M0103,2025-11-15T18:10:00
M0103,2025-11-19T06:49:00
M0103,2025-11-23T07:30:00
M0103,2025-11-23T16:23:00
M0103,2025-11-27T11:21:00
M0103,2025-11-28T11:51:00
M0103,2025-11-29T19:32:00
M0103,2025-12-08T09:09:00
M0103,2025-12-09T16:42:00
M0103,2025-12-10T20:33:00
M0103,2025-12-11T10:33:00
M0103,2025-12-11T15:59:00
M0103,2025-12-13T17:47:00
M0103,2025-12-14T13:46:00
M0103,2025-12-18T09:27:00
M0103,2025-12-20T17:51:00
M0103,2025-12-25T14:18:00
M0103,2025-12-25T18:29:00
M0103,2025-12-28T10:21:00
M0103,2025-12-28T12:37:00
M0103,2025-12-31T19:56:00
M0103,2026-01-02T18:04:00
M0103,2026-01-05T13:16:00
M0103,2026-01-06T19:37:00
M0103,2026-01-06T20:41:00
M0103,2026-01-07T20:29:00
M0103,2026-01-08T15:14:00
M0103,2026-01-12T16:57:00
M0103,2026-01-17T06:52:00
M0103,2026-01-22T10:25:00
M0103,2026-01-26T06:14:00
M0103,2026-01-27T06:33:00
M0103,2026-02-01T07:51:00
M0103,2026-02-04T06:27:00
M0103,2026-02-04T06:32:00
M0103,2026-02-07T10:34:00
M0103,2026-02-07T13:15:00
M0103,2026-02-07T20:34:00
M0103,2026-02-14T17:50:00
M0103,2026-02-17T18:38:00
M0103,2026-02-19T09:34:00
M0103,2026-02-20T06:31:00
M0103,2026-02-21T16:50:00
M0103,2026-02-23T20:24:00
M0103,2026-02-26T17:21:00
M0103,2026-02-27T14:18:00
M0103,2026-02-28T07:54:00
M0103,2026-03-02T06:43:00
M0103,2026-03-02T14:41:00
M0103,2026-03-11T07:21:00
M0103,2026-03-22T07:08:00
M0103,2026-03-27T09:30:00
M0103,2026-03-30T16:18:00
M0103,2026-03-30T20:27:00
M0103,2026-04-03T10:26:00
M0103,2026-04-03T17:16:00
M0103,2026-04-06T17:10:00
M0103,2026-04-07T07:48:00
M0103,2026-04-07T10:34:00
M0103,2026-04-10T14:40:00
M0103,2026-04-12T07:09:00
M0103,2026-04-12T09:04:00
M0103,2026-04-18T07:54:00
M0103,2026-04-19T18:28:00
M0103,2026-04-21T07:32:00
M0103,2026-04-25T10:11:00
M0103,2026-04-25T18:50:00
M0103,2026-04-25T19:49:00
M0103,2026-04-26T11:11:00
M0103,2026-04-26T11:50:00
M0103,2026-04-26T13:42:00
M0103,2026-04-30T10:50:00
M0103,2026-04-30T13:32:00
M0103,2026-05-06T18:12:00
M0103,2026-05-07T10:46:00
M0103,2026-05-10T20:58:00
M0103,2026-05-14T18:50:00
M0103,2026-05-18T08:21:00
M0103,2026-05-18T14:52:00
M0103,2026-05-23T07:04:00
M0103,2026-05-29T14:12:00
M0103,2026-06-02T19:24:00
M0103,2026-06-03T20:48:00
M0103,2026-06-05T11:01:00
M0103,2026-06-07T18:32:00
M0103,2026-06-08T08:12:00
M0103,2026-06-11T16:30:00
M0103,2026-06-13T15:47:00
M0103,2026-06-13T18:25:00
M0103,2026-06-13T18:27:00
M0103,2026-06-15T19:42:00
M0103,2026-06-19T07:47:00
M0103,2026-06-27T13:35:00
M0103,2026-06-29T20:02:00
M0103,2026-06-30T16:23:00
M0103,2026-07-04T13:24:00
M0103,2026-07-05T13:12:00
M0103,2026-07-05T15:22:00
M0103,2026-07-05T16:59:00
M0103,2026-07-07T16:21:00
M0103,2026-07-19T11:55:00
M0103,2026-07-22T17:53:00
M0103,2026-07-29T07:08:00
M0103,2026-08-01T07:38:00
M0103,2026-08-02T15:08:00
M0103,2026-08-04T07:39:00
M0103,2026-08-05T13:35:00
M0103,2026-08-06T14:49:00
M0103,2026-08-06T17:48:00
M0103,2026-08-10T10:34:00
M0103,2026-08-15T06:50:00
M0103,2026-08-15T16:20:00
M0103,2026-08-16T10:42:00
M0103,2026-08-16T19:06:00
M0103,2026-08-22T12:18:00
M0103,2026-08-24T17:16:00
M0103,2026-08-29T12:09:00
M0103,2026-09-01T07:31:00
M0103,2026-09-01T11:54:00
M0103,2026-09-01T17:19:00
M0103,2026-09-02T06:01:00
M0103,2026-09-02T07:33:00
M0103,2026-09-08T11:11:00
M0104,2025-08-18T11:20:00
M0104,2025-08-19T08:36:00
M0104,2025-08-27T15:51:00
M0104,2025-09-02T09:03:00
M0104,2025-09-04T10:53:00
M0104,2025-09-06T20:54:00
M0104,2025-09-08T14:48:00
M0104,2025-09-16T18:45:00
M0104,2025-09-18T20:35:00
M0104,2025-09-20T20:36:00
M0104,2025-09-22T17:34:00
M0104,2025-09-26T18:59:00
M0104,2025-09-28T10:06:00
M0104,2025-09-30T10:58:00
M0104,2025-10-09T10:47:00
M0104,2025-10-10T07:42:00
M0104,2025-10-14T08:04:00
M0104,2025-10-21T15:00:00
M0104,2025-11-04T20:30:00
M0104,2025-11-11T13:51:00
M0104,2025-11-20T12:34:00
M0104,2025-11-25T10:10:00
M0104,2025-12-11T08:11:00
M0104,2025-12-13T14:57:00
M0104,2025-12-15T09:05:00
M0104,2025-12-21T20:36:00
M0104,2025-12-28T18:01:00
M0104,2025-12-28T19:06:00
M0104,2026-01-02T09:46:00
M0104,2026-01-11T08:10:00
M0104,2026-01-18T19:55:00
M0104,2026-01-25T14:15:00
M0104,2026-01-30T06:43:00
M0104,2026-01-31T18:46:00
M0104,2026-01-31T20:17:00
M0104,2026-02-02T19:12:00
M0104,2026-02-03T12:13:00
M0104,2026-02-04T19:33:00
M0104,2026-02-06T14:15:00
M0104,2026-02-07T16:24:00
M0104,2026-02-12T11:08:00
M0104,2026-02-13T15:26:00
M0104,2026-02-24T17:26:00
M0104,2026-02-25T15:54:00
M0104,2026-02-28T10:17:00
M0104,2026-03-05T16:38:00
M0104,2026-03-06T06:07:00
M0104,2026-03-06T15:12:00
M0104,2026-03-08T10:44:00
M0104,2026-03-10T16:15:00
M0104,2026-03-11T15:11:00
M0104,2026-03-11T17:02:00
M0104,2026-03-16T16:37:00
M0104,2026-03-17T17:04:00
M0104,2026-03-18T09:47:00
M0104,2026-03-18T10:07:00
M0104,2026-03-22T12:08:00
M0104,2026-03-25T17:07:00
M0104,2026-03-28T06:41:00
M0104,2026-03-30T17:00:00
M0104,2026-04-01T13:09:00
M0104,2026-04-03T07:21:00
M0104,2026-04-15T17:41:00
M0104,2026-04-16T11:26:00
M0104,2026-04-20T07:55:00
M0104,2026-04-24T16:33:00
M0104,2026-04-26T09:54:00
M0104,2026-04-26T10:28:00
M0104,2026-05-01T11:12:00
M0104,2026-05-03T08:13:00
M0104,2026-05-11T16:54:00
M0104,2026-05-15T10:27:00
M0104,2026-05-17T09:31:00
M0104,2026-05-19T10:00:00
M0104,2026-06-02T18:56:00
M0104,2026-06-05T13:10:00
M0104,2026-06-05T14:18:00
M0104,2026-06-08T06:47:00
M0104,2026-06-10T12:07:00
M0104,2026-06-18T08:18:00
M0104,2026-06-18T08:27:00
M0104,2026-06-22T06:30:00
M0104,2026-06-22T18:33:00
M0104,2026-06-23T15:29:00
M0104,2026-06-25T10:41:00
M0104,2026-07-01T13:12:00
M0104,2026-07-09T08:30:00
M0104,2026-07-12T19:17:00
M0104,2026-07-13T13:24:00
M0104,2026-07-15T06:49:00
M0104,2026-07-15T13:57:00
M0104,2026-07-22T16:31:00
M0104,2026-08-12T07:17:00
M0104,2026-08-14T09:35:00
M0104,2026-08-15T16:59:00
M0104,2026-08-20T17:06:00
M0104,2026-08-20T19:42:00
M0104,2026-08-22T18:19:00
M0104,2026-08-23T11:33:00
M0104,2026-08-23T12:01:00
M0104,2026-08-25T09:57:00
M0104,2026-08-25T15:56:00
M0104,2026-08-27T10:51:00
M0104,2026-09-02T18:42:00
M0105,2026-06-13T17:19:00
M0105,2026-06-16T09:11:00
M0105,2026-06-17T11:00:00
M0105,2026-06-25T18:27:00
M0105,2026-06-29T15:12:00
M0105,2026-06-29T17:51:00
M0105,2026-07-09T12:42:00
M0105,2026-07-17T15:36:00
M0105,2026-07-21T13:39:00
M0105,2026-07-22T11:06:00
M0105,2026-07-26T20:15:00
M0105,2026-07-27T06:54:00
M0105,2026-08-03T11:30:00
M0105,2026-08-10T13:14:00
M0105,2026-08-11T14:01:00
M0105,2026-08-14T09:34:00
M0105,2026-08-27T07:06:00
M0105,2026-09-02T20:08:00
M0105,2026-09-05T09:29:00
M0105,2026-09-06T12:55:00
M0106,2025-11-01T06:16:00
M0106,2025-11-08T20:37:00
M0106,2025-11-11T07:17:00
M0106,2025-11-11T20:13:00
M0106,2025-11-13T15:56:00
M0106,2025-11-15T11:59:00
M0106,2025-11-15T18:16:00
M0106,2025-11-16T15:07:00
M0106,2025-11-21T15:34:00
M0106,2025-11-30T06:30:00
M0106,2025-11-30T16:48:00
M0106,2025-12-04T10:34:00
M0106,2025-12-04T16:48:00
M0106,2025-12-04T17:00:00
M0106,2025-12-07T18:26:00
M0106,2025-12-08T07:05:00
M0106,2025-12-12T13:52:00
M0106,2025-12-16T17:22:00
M0106,2025-12-17T10:00:00
M0106,2025-12-17T15:14:00
M0106,2025-12-22T18:28:00
M0106,2025-12-24T17:10:00
M0106,2025-12-27T17:06:00
M0106,2026-01-01T15:01:00
M0106,2026-01-04T17:02:00
M0106,2026-01-04T19:10:00
M0106,2026-01-08T08:12:00
M0106,2026-01-08T10:12:00
M0106,2026-01-09T09:12:00
M0106,2026-01-10T16:28:00
M0106,2026-01-11T10:29:00
M0106,2026-01-17T07:46:00
M0106,2026-01-18T15:08:00
M0106,2026-01-22T09:23:00
M0106,2026-01-29T18:56:00
M0106,2026-01-30T10:53:00
M0106,2026-01-31T08:23:00
M0106,2026-02-01T13:24:00
M0106,2026-02-05T07:53:00
M0106,2026-02-05T12:09:00
M0106,2026-02-07T14:11:00
M0106,2026-02-10T07:05:00
M0106,2026-02-12T19:57:00
M0106,2026-02-20T08:13:00
M0106,2026-02-28T08:26:00
M0106,2026-02-28T12:14:00
M0106,2026-03-02T17:33:00
M0106,2026-03-05T19:10:00
M0106,2026-03-12T14:56:00
M0106,2026-03-12T14:57:00
M0106,2026-03-17T08:53:00
M0106,2026-03-18T11:56:00
M0106,2026-03-18T20:58:00
M0106,2026-03-24T08:39:00
M0106,2026-03-25T09:28:00
M0106,2026-03-25T14:42:00
M0106,2026-03-27T18:28:00
M0106,2026-03-30T11:16:00
M0106,2026-03-31T10:24:00
M0106,2026-04-01T09:59:00
M0106,2026-04-02T18:49:00
M0106,2026-04-03T06:12:00
M0106,2026-04-04T18:44:00
M0106,2026-04-04T19:37:00
M0106,2026-04-05T17:44:00
M0106,2026-04-05T20:03:00
M0106,2026-04-08T19:07:00
M0106,2026-04-10T14:29:00
M0106,2026-04-15T13:25:00
M0106,2026-04-16T15:45:00
M0106,2026-04-18T14:11:00
M0106,2026-04-18T14:54:00
M0106,2026-04-22T20:14:00
M0106,2026-04-23T19:08:00
M0106,2026-04-24T08:15:00
M0106,2026-04-25T09:34:00
M0106,2026-04-29T14:56:00
M0106,2026-05-03T06:27:00
M0106,2026-05-04T10:21:00
M0106,2026-05-06T07:21:00
M0106,2026-05-06T08:52:00
M0106,2026-05-06T14:05:00
M0106,2026-05-10T08:51:00
M0106,2026-05-12T19:53:00
M0106,2026-05-15T09:44:00
M0106,2026-05-21T07:33:00
M0106,2026-05-23T12:46:00
M0106,2026-05-24T15:28:00
M0106,2026-05-26T08:43:00
M0106,2026-05-28T14:05:00
M0106,2026-05-28T18:20:00
M0106,2026-05-30T06:48:00
M0106,2026-05-30T18:01:00
M0106,2026-05-30T19:51:00
M0106,2026-06-01T19:21:00
M0106,2026-06-04T06:05:00
M0106,2026-06-05T16:44:00
M0106,2026-06-08T08:48:00
M0106,2026-06-10T07:05:00
M0106,2026-06-11T09:30:00
M0106,2026-06-11T18:40:00
M0106,2026-06-18T11:03:00
M0106,2026-06-19T07:28:00
M0106,2026-06-19T20:34:00
M0106,2026-06-21T11:20:00
M0106,2026-06-24T06:46:00
M0106,2026-06-26T16:47:00
M0106,2026-06-27T14:52:00
M0106,2026-06-29T10:10:00
M0106,2026-06-30T16:07:00
M0106,2026-07-02T10:48:00
M0106,2026-07-03T20:32:00
M0106,2026-07-05T15:42:00
M0106,2026-07-05T19:48:00
M0106,2026-07-06T13:33:00
M0106,2026-07-08T14:30:00
M0106,2026-07-10T07:09:00
M0106,2026-07-13T14:39:00
M0106,2026-07-17T06:20:00
M0106,2026-07-18T06:38:00
M0106,2026-07-21T13:02:00
M0106,2026-07-22T12:29:00
M0106,2026-07-25T06:42:00
M0106,2026-08-03T20:15:00
M0106,2026-08-04T11:40:00
M0106,2026-08-09T12:09:00
M0106,2026-08-10T07:23:00
M0106,2026-08-11T15:07:00
M0106,2026-08-12T08:25:00
M0106,2026-08-13T14:17:00
M0106,2026-08-16T11:23:00
M0106,2026-08-17T19:10:00
M0106,2026-08-20T06:23:00
M0106,2026-08-21T10:32:00
M0106,2026-08-21T15:24:00
M0106,2026-08-23T09:26:00
M0106,2026-08-25T06:26:00
M0106,2026-08-27T06:35:00
M0106,2026-08-27T06:40:00
M0106,2026-09-02T13:39:00
M0106,2026-09-02T19:39:00
M0106,2026-09-07T18:01:00
M0107,2026-06-10T12:16:00
M0107,2026-08-26T14:07:00
M0108,2025-04-06T09:24:00
M0108,2025-04-12T10:15:00
M0108,2025-04-13T16:04:00
M0108,2025-04-14T18:12:00
M0108,2025-04-17T16:04:00
M0108,2025-04-17T17:25:00
M0108,2025-04-20T16:18:00
M0108,2025-04-23T09:56:00
M0108,2025-04-24T11:46:00
M0108,2025-04-25T18:16:00
M0108,2025-04-26T09:06:00
M0108,2025-04-26T10:10:00
M0108,2025-04-26T18:45:00
M0108,2025-04-27T16:42:00
M0108,2025-04-28T08:33:00
M0108,2025-04-28T17:19:00
M0108,2025-04-28T19:33:00
M0108,2025-04-30T13:55:00
M0108,2025-04-30T19:24:00
M0108,2025-05-01T11:48:00
M0108,2025-05-02T16:24:00
M0108,2025-05-02T18:18:00
M0108,2025-05-08T12:50:00
M0108,2025-05-08T17:43:00
M0108,2025-05-13T19:02:00
M0108,2025-05-15T19:58:00
M0108,2025-05-16T11:34:00
M0108,2025-05-19T08:18:00
M0108,2025-05-21T13:24:00
M0108,2025-05-23T12:50:00
M0108,2025-05-26T06:42:00
M0108,2025-05-28T18:14:00
M0108,2025-05-30T19:18:00
M0108,2025-06-01T14:58:00
M0108,2025-06-01T15:52:00
M0108,2025-06-05T14:44:00
M0108,2025-06-09T07:23:00
M0108,2025-06-15T14:11:00
M0108,2025-06-17T10:21:00
M0108,2025-06-18T16:44:00
M0108,2025-06-19T20:13:00
M0108,2025-06-20T06:18:00
M0108,2025-06-22T19:44:00
M0108,2025-06-23T08:29:00
M0108,2025-06-23T16:03:00
M0108,2025-06-24T10:15:00
M0108,2025-06-26T18:52:00
M0108,2025-06-27T09:53:00
M0108,2025-06-27T20:45:00
M0108,2025-06-29T10:37:00
M0108,2025-07-02T12:46:00
M0108,2025-07-02T17:38:00
M0108,2025-07-03T18:09:00
M0108,2025-07-08T07:05:00
M0108,2025-07-12T14:29:00
M0108,2025-07-14T20:50:00
M0108,2025-07-16T14:03:00
M0108,2025-07-20T07:40:00
M0108,2025-07-20T09:15:00
M0108,2025-07-21T09:31:00
M0108,2025-07-23T07:58:00
M0108,2025-07-23T20:26:00
M0108,2025-07-24T08:25:00
M0108,2025-07-28T11:14:00
M0108,2025-07-29T06:46:00
M0108,2025-07-30T06:58:00
M0108,2025-07-31T09:52:00
M0108,2025-08-01T12:06:00
M0108,2025-08-02T14:54:00
M0108,2025-08-02T18:35:00
M0108,2025-08-03T13:48:00
M0108,2025-08-04T19:33:00
M0108,2025-08-05T15:48:00
M0108,2025-08-06T18:01:00
M0108,2025-08-10T07:21:00
M0108,2025-08-10T08:53:00
M0108,2025-08-12T12:07:00
M0108,2025-08-13T09:44:00
M0108,2025-08-15T17:18:00
M0108,2025-08-16T11:30:00
M0108,2025-08-17T14:59:00
M0108,2025-08-18T17:31:00
M0108,2025-08-19T15:07:00
M0108,2025-08-20T20:39:00
M0108,2025-08-25T09:25:00
M0108,2025-08-25T20:26:00
M0108,2025-08-27T07:19:00
M0108,2025-08-27T19:33:00
M0108,2025-08-29T07:34:00
M0108,2025-08-29T08:56:00
M0108,2025-08-29T15:50:00
M0108,2025-08-31T07:51:00
M0108,2025-09-01T18:36:00
M0108,2025-09-05T09:14:00
M0108,2025-09-05T19:01:00
M0108,2025-09-06T14:30:00
M0108,2025-09-11T13:17:00
M0108,2025-09-11T15:38:00
M0108,2025-09-12T11:26:00
M0108,2025-09-13T09:10:00
M0108,2025-09-14T08:04:00
M0108,2025-09-14T08:48:00
M0108,2025-09-16T17:10:00
M0108,2025-09-17T07:16:00
M0108,2025-09-17T17:47:00
M0108,2025-09-18T14:34:00
M0108,2025-09-20T17:02:00
M0108,2025-09-23T17:18:00
M0108,2025-09-24T17:08:00
M0108,2025-09-24T18:50:00
M0108,2025-09-26T09:31:00
M0108,2025-09-27T12:27:00
M0108,2025-09-28T17:06:00
M0108,2025-09-30T11:40:00
M0108,2025-09-30T17:02:00
M0108,2025-10-01T06:12:00
M0108,2025-10-04T18:54:00
M0108,2025-10-07T06:33:00
M0108,2025-10-09T11:24:00
M0108,2025-10-15T19:55:00
M0108,2025-10-16T16:29:00
M0108,2025-10-18T20:38:00
M0108,2025-10-21T06:24:00
M0108,2025-10-22T11:47:00
M0108,2025-10-23T07:11:00
M0108,2025-10-24T11:03:00
M0108,2025-10-26T07:31:00
M0108,2025-10-26T08:27:00
M0108,2025-10-28T09:16:00
M0108,2025-10-28T12:32:00
M0108,2025-11-01T18:35:00
M0108,2025-11-03T19:31:00
M0108,2025-11-09T09:33:00
M0108,2025-11-10T20:09:00
M0108,2025-11-11T10:18:00
M0108,2025-11-13T10:57:00
M0108,2025-11-13T11:19:00
M0108,2025-11-13T12:02:00
M0108,2025-11-13T13:55:00
M0108,2025-11-16T06:50:00
M0108,2025-11-16T13:49:00
M0108,2025-11-17T06:07:00
M0108,2025-11-17T20:33:00
M0108,2025-11-17T20:35:00
M0108,2025-11-19T06:06:00
M0108,2025-11-20T09:41:00
M0108,2025-11-21T15:46:00
M0108,2025-11-24T11:28:00
M0108,2025-11-24T17:01:00
M0108,2025-11-26T17:28:00
M0108,2025-11-27T12:48:00
M0108,2025-11-28T15:51:00
M0108,2025-11-30T08:59:00
M0108,2025-11-30T11:36:00
M0108,2025-11-30T16:26:00
M0108,2025-11-30T17:04:00
M0108,2025-11-30T17:36:00
M0108,2025-11-30T19:03:00
M0108,2025-12-02T10:18:00
M0108,2025-12-09T12:55:00
M0108,2025-12-09T15:36:00
M0108,2025-12-09T16:18:00
M0108,2025-12-14T18:38:00
M0108,2025-12-15T17:43:00
M0108,2025-12-16T14:41:00
M0108,2025-12-20T07:56:00
M0108,2025-12-21T10:09:00
M0108,2025-12-22T18:54:00
M0108,2025-12-28T12:40:00
M0108,2025-12-28T18:23:00
M0108,2026-01-02T15:06:00
M0108,2026-01-04T09:09:00
M0108,2026-01-08T07:11:00
M0108,2026-01-09T06:49:00
M0108,2026-01-11T15:50:00
M0108,2026-01-11T20:19:00
M0108,2026-01-13T09:11:00
M0108,2026-01-13T09:18:00
M0108,2026-01-13T18:51:00
M0108,2026-01-17T12:36:00
M0108,2026-01-18T06:26:00
M0108,2026-01-18T13:09:00
M0108,2026-01-18T17:01:00
M0108,2026-01-20T08:49:00
M0108,2026-01-21T16:28:00
M0108,2026-01-22T11:42:00
M0108,2026-01-22T14:38:00
M0108,2026-01-22T17:13:00
M0108,2026-01-23T14:46:00
M0108,2026-01-24T16:07:00
M0108,2026-01-24T18:26:00
M0108,2026-01-30T16:15:00
M0108,2026-02-02T15:58:00
M0108,2026-02-08T08:42:00
M0108,2026-02-08T18:01:00
M0108,2026-02-10T06:57:00
M0108,2026-02-10T19:18:00
M0108,2026-02-13T12:56:00
M0108,2026-02-14T11:01:00
M0108,2026-02-16T07:09:00
M0108,2026-02-16T15:39:00
M0108,2026-02-22T18:54:00
M0108,2026-02-25T18:35:00
M0108,2026-02-28T15:24:00
M0108,2026-02-28T16:17:00
M0108,2026-03-01T16:09:00
M0108,2026-03-01T18:22:00
M0108,2026-03-03T08:25:00
M0108,2026-03-04T20:53:00
M0108,2026-03-05T06:35:00
M0108,2026-03-06T12:40:00
M0108,2026-03-11T16:53:00
M0108,2026-03-14T18:27:00
M0108,2026-03-23T20:09:00
M0108,2026-03-24T09:51:00
M0108,2026-03-27T20:48:00
M0108,2026-03-29T11:36:00
M0108,2026-04-01T10:53:00
M0108,2026-04-02T15:50:00
M0108,2026-04-02T18:17:00
M0108,2026-04-04T14:09:00
M0108,2026-04-05T10:40:00
M0108,2026-04-07T10:54:00
M0108,2026-04-08T07:42:00
M0108,2026-04-08T16:54:00
M0108,2026-04-08T19:01:00
M0108,2026-04-08T19:48:00
M0108,2026-04-11T07:03:00
M0108,2026-04-11T14:12:00
M0108,2026-04-11T20:56:00
M0108,2026-04-12T12:38:00
M0108,2026-04-14T08:30:00
M0108,2026-04-14T09:00:00
M0108,2026-04-15T12:33:00
M0108,2026-04-16T19:39:00
M0108,2026-04-17T19:52:00
M0108,2026-04-21T06:03:00
M0108,2026-04-22T15:41:00
M0108,2026-04-24T07:18:00
M0108,2026-04-27T15:04:00
M0108,2026-04-28T17:20:00
M0108,2026-04-29T13:26:00
M0108,2026-05-04T12:40:00
M0108,2026-05-04T14:12:00
M0108,2026-05-05T08:55:00
M0108,2026-05-05T15:28:00
M0108,2026-05-07T06:46:00
M0108,2026-05-08T09:40:00
M0108,2026-05-08T10:01:00
M0108,2026-05-09T13:28:00
M0108,2026-05-14T06:45:00
M0108,2026-05-14T15:08:00
M0108,2026-05-15T06:35:00
M0108,2026-05-16T20:03:00
M0108,2026-05-16T20:08:00
M0108,2026-05-17T10:25:00
M0108,2026-05-18T12:48:00
M0108,2026-05-18T19:30:00
M0108,2026-05-19T07:47:00
M0108,2026-05-19T12:42:00
M0108,2026-05-19T13:46:00
M0108,2026-05-21T15:44:00
M0108,2026-05-23T20:33:00
M0108,2026-05-24T07:49:00
M0108,2026-05-25T14:16:00
M0108,2026-05-26T10:01:00
M0108,2026-05-27T09:12:00
M0108,2026-05-27T20:08:00
M0108,2026-05-28T13:14:00
M0108,2026-05-29T11:45:00
M0108,2026-06-04T09:22:00
M0108,2026-06-06T07:29:00
M0108,2026-06-07T20:05:00
M0108,2026-06-11T16:06:00
M0108,2026-06-13T06:13:00
M0108,2026-06-16T20:58:00
M0108,2026-06-17T12:07:00
M0108,2026-06-17T15:10:00
M0108,2026-06-18T18:27:00
M0108,2026-06-18T19:32:00
M0108,2026-06-20T13:34:00
M0108,2026-06-21T11:24:00
M0108,2026-06-22T11:08:00
M0108,2026-06-24T09:13:00
M0108,2026-06-27T07:57:00
M0108,2026-07-01T08:55:00
M0108,2026-07-01T17:10:00
M0108,2026-07-03T10:37:00
M0108,2026-07-06T14:18:00
M0108,2026-07-07T15:20:00
M0108,2026-07-08T19:06:00
M0108,2026-07-11T10:18:00
M0108,2026-07-11T10:32:00
M0108,2026-07-15T09:28:00
M0108,2026-07-16T16:16:00
M0108,2026-07-16T20:29:00
M0108,2026-07-18T14:06:00
M0108,2026-07-20T18:31:00
M0108,2026-07-21T07:25:00
M0108,2026-07-23T07:00:00
M0108,2026-07-27T14:10:00
M0108,2026-07-28T08:40:00
M0108,2026-07-29T20:31:00
M0108,2026-07-30T15:34:00
M0108,2026-07-31T17:53:00
M0108,2026-08-02T20:26:00
M0108,2026-08-03T09:16:00
M0108,2026-08-04T08:06:00
M0108,2026-08-04T15:34:00
M0108,2026-08-08T18:46:00
M0108,2026-08-13T18:27:00
M0108,2026-08-17T15:28:00
M0108,2026-08-18T19:14:00
M0108,2026-08-20T20:07:00
M0108,2026-08-23T16:20:00
M0108,2026-08-25T14:11:00
M0108,2026-08-25T19:34:00
M0108,2026-08-27T15:48:00
M0108,2026-08-29T06:21:00
M0108,2026-08-29T17:01:00
M0108,2026-08-29T18:44:00
M0108,2026-08-30T14:46:00
M0108,2026-09-07T12:25:00
M0108,2026-09-07T20:07:00
M0108,2026-09-09T12:55:00
M0109,2025-12-11T07:25:00
M0109,2025-12-11T09:40:00
M0109,2025-12-12T06:49:00
M0109,2025-12-12T11:43:00
M0109,2025-12-15T19:42:00
M0109,2025-12-17T16:16:00
M0109,2025-12-19T14:28:00
M0109,2025-12-20T15:09:00
M0109,2025-12-25T07:36:00
M0109,2025-12-25T11:36:00
M0109,2025-12-27T13:48:00
M0109,2025-12-27T15:38:00
M0109,2025-12-28T06:35:00
M0109,2025-12-28T14:49:00
M0109,2025-12-29T07:33:00
M0109,2025-12-29T10:15:00
M0109,2025-12-29T18:59:00
M0109,2025-12-31T19:21:00
M0109,2026-01-01T08:57:00
M0109,2026-01-04T10:50:00
M0109,2026-01-04T19:01:00
M0109,2026-01-10T17:38:00
M0109,2026-01-12T17:14:00
M0109,2026-01-12T17:16:00
M0109,2026-01-12T19:34:00
M0109,2026-01-13T06:38:00
M0109,2026-01-15T10:56:00
M0109,2026-01-18T10:41:00
M0109,2026-01-18T11:54:00
M0109,2026-01-18T16:04:00
M0109,2026-01-19T15:32:00
M0109,2026-01-23T13:40:00
M0109,2026-01-25T14:29:00
M0109,2026-01-26T07:18:00
M0109,2026-01-27T18:58:00
M0109,2026-02-04T17:41:00
M0109,2026-02-07T07:22:00
M0109,2026-02-12T06:59:00
M0109,2026-02-12T09:57:00
M0109,2026-02-14T13:12:00
M0109,2026-02-14T18:04:00
M0109,2026-02-15T12:28:00
M0109,2026-02-15T13:17:00
M0109,2026-02-15T18:42:00
M0109,2026-02-19T19:39:00
M0109,2026-02-21T12:34:00
M0109,2026-02-21T15:34:00
M0109,2026-02-22T07:46:00
M0109,2026-02-22T20:27:00
M0109,2026-02-23T16:29:00
M0109,2026-02-25T12:41:00
M0109,2026-02-27T16:33:00
M0109,2026-02-28T17:02:00
M0109,2026-03-01T13:45:00
M0109,2026-03-01T15:12:00
M0109,2026-03-03T08:20:00
M0109,2026-03-03T08:53:00
M0109,2026-03-03T16:34:00
M0109,2026-03-04T17:17:00
M0109,2026-03-05T16:40:00
M0109,2026-03-10T09:23:00
M0109,2026-03-11T16:07:00
M0109,2026-03-11T16:57:00
M0109,2026-03-12T10:57:00
M0109,2026-03-14T12:46:00
M0109,2026-03-14T15:02:00
M0109,2026-03-15T11:43:00
M0109,2026-03-17T11:48:00
M0109,2026-03-19T20:33:00
M0109,2026-03-20T10:16:00
M0109,2026-03-21T13:37:00
M0109,2026-03-22T08:49:00
M0109,2026-03-23T11:54:00
M0109,2026-03-27T19:52:00
M0109,2026-03-28T09:08:00
M0109,2026-04-02T16:34:00
M0109,2026-04-03T12:10:00
M0109,2026-04-03T18:25:00
M0109,2026-04-05T10:11:00
M0109,2026-04-05T20:06:00
M0109,2026-04-06T09:40:00
M0109,2026-04-06T15:54:00
M0109,2026-04-07T09:34:00
M0109,2026-04-07T19:14:00
M0109,2026-04-09T14:48:00
M0109,2026-04-10T07:43:00
M0109,2026-04-10T17:59:00
M0109,2026-04-13T20:20:00
M0109,2026-04-17T12:10:00
M0109,2026-04-18T08:58:00
M0109,2026-04-19T08:25:00
M0109,2026-04-26T09:55:00
M0109,2026-04-30T19:32:00
M0109,2026-05-03T15:50:00
M0109,2026-05-04T09:21:00
M0109,2026-05-04T11:06:00
M0109,2026-05-06T14:45:00
M0109,2026-05-06T16:31:00
M0109,2026-05-09T11:23:00
M0109,2026-05-13T15:20:00
M0109,2026-05-17T10:24:00
M0109,2026-05-19T14:20:00
M0109,2026-05-21T10:40:00
M0109,2026-05-22T09:00:00
M0109,2026-05-24T07:56:00
M0109,2026-05-25T10:52:00
M0109,2026-05-26T13:49:00
M0109,2026-06-01T20:32:00
M0109,2026-06-02T15:04:00
M0109,2026-06-09T07:58:00
M0109,2026-06-10T19:23:00
M0109,2026-06-11T06:12:00
M0109,2026-06-11T12:19:00
M0109,2026-06-12T15:15:00
M0109,2026-06-12T18:02:00
M0109,2026-06-13T15:30:00
M0109,2026-06-14T19:45:00
M0109,2026-06-17T11:18:00
M0109,2026-06-20T07:20:00
M0109,2026-06-24T09:46:00
M0109,2026-06-25T11:39:00
M0109,2026-06-25T19:26:00
M0109,2026-06-27T17:54:00
M0109,2026-06-28T07:15:00
M0109,2026-06-30T11:12:00
M0109,2026-07-01T15:17:00
M0109,2026-07-07T11:02:00
M0109,2026-07-07T12:28:00
M0109,2026-07-14T08:44:00
M0109,2026-07-14T16:51:00
M0109,2026-07-15T10:49:00
M0109,2026-07-21T07:02:00
M0109,2026-07-21T11:11:00
M0109,2026-07-25T12:39:00
M0109,2026-07-26T07:44:00
M0109,2026-07-26T14:30:00
M0109,2026-07-30T19:32:00
M0109,2026-07-30T20:08:00
M0109,2026-07-31T11:08:00
M0109,2026-07-31T14:51:00
M0109,2026-08-02T06:38:00
M0109,2026-08-02T14:54:00
M0109,2026-08-03T19:08:00
M0109,2026-08-04T11:25:00
M0109,2026-08-04T13:00:00
M0109,2026-08-08T06:20:00
M0109,2026-08-08T10:19:00
M0109,2026-08-08T17:21:00
M0109,2026-08-09T11:47:00
M0109,2026-08-09T12:23:00
M0109,2026-08-09T12:50:00
M0109,2026-08-10T10:34:00
M0109,2026-08-10T11:46:00
M0109,2026-08-11T08:08:00
M0109,2026-08-11T13:34:00
M0109,2026-08-11T17:53:00
M0109,2026-08-11T18:27:00
M0109,2026-08-11T18:37:00
M0109,2026-08-11T19:20:00
M0109,2026-08-12T08:51:00
M0109,2026-08-12T18:44:00
M0109,2026-08-12T20:02:00
M0109,2026-08-13T20:54:00
M0109,2026-08-15T11:01:00
M0109,2026-08-16T08:19:00
M0109,2026-08-16T10:11:00
M0109,2026-08-16T20:07:00
M0109,2026-08-21T11:40:00
M0109,2026-08-26T18:20:00
M0109,2026-08-27T07:15:00
M0109,2026-08-27T15:41:00
M0109,2026-08-27T16:56:00
M0109,2026-09-01T11:04:00
M0109,2026-09-01T20:52:00
M0109,2026-09-03T06:20:00
M0109,2026-09-04T13:02:00
M0109,2026-09-09T10:19:00
M0110,2025-08-01T08:23:00
M0110,2025-08-04T08:47:00
M0110,2025-08-04T13:57:00
M0110,2025-08-06T10:41:00
M0110,2025-08-06T18:28:00
M0110,2025-08-08T14:13:00
M0110,2025-08-10T10:13:00
M0110,2025-08-13T08:58:00
M0110,2025-08-14T14:47:00
M0110,2025-08-14T19:11:00
M0110,2025-08-16T09:53:00
M0110,2025-08-20T14:51:00
M0110,2025-08-21T07:47:00
M0110,2025-08-22T08:12:00
M0110,2025-08-26T08:56:00
M0110,2025-08-28T16:00:00
M0110,2025-09-03T10:39:00
M0110,2025-09-05T06:24:00
M0110,2025-09-10T06:56:00
M0110,2025-09-12T14:10:00
M0110,2025-09-12T14:15:00
M0110,2025-09-13T09:45:00
M0110,2025-09-15T10:31:00
M0110,2025-09-16T13:22:00
M0110,2025-09-23T17:05:00
M0110,2025-09-25T13:25:00
M0110,2025-10-01T13:11:00
M0110,2025-10-02T08:57:00
M0110,2025-10-05T10:47:00
M0110,2025-10-05T13:08:00
M0110,2025-10-05T13:29:00
M0110,2025-10-05T14:40:00
M0110,2025-10-06T08:55:00
M0110,2025-10-07T06:20:00
M0110,2025-10-11T15:05:00
M0110,2025-10-14T19:49:00
M0110,2025-10-16T16:47:00
M0110,2025-10-20T12:57:00
M0110,2025-10-24T14:55:00
M0110,2025-10-24T16:30:00
M0110,2025-10-25T17:28:00
M0110,2025-10-29T07:25:00
M0110,2025-10-29T14:15:00
M0110,2025-11-01T07:29:00
M0110,2025-11-03T18:45:00
M0110,2025-11-05T09:12:00
M0110,2025-11-05T09:59:00
M0110,2025-11-07T11:11:00
M0110,2025-11-08T19:59:00
M0110,2025-11-11T16:37:00
M0110,2025-11-15T07:46:00
M0110,2025-11-15T08:36:00
M0110,2025-11-15T17:26:00
M0110,2025-11-17T18:20:00
M0110,2025-11-18T20:39:00
M0110,2025-11-26T19:37:00
M0110,2025-11-28T16:19:00
M0110,2025-12-06T14:35:00
M0110,2025-12-13T09:57:00
M0110,2025-12-20T11:41:00
M0110,2025-12-21T17:15:00
M0110,2025-12-30T09:20:00
M0110,2025-12-30T10:17:00
M0110,2026-01-01T15:54:00
M0110,2026-01-05T07:31:00
M0110,2026-01-05T09:10:00
M0110,2026-01-07T16:29:00
M0110,2026-01-07T17:56:00
M0110,2026-01-10T06:36:00
M0110,2026-01-11T10:55:00
M0110,2026-01-15T12:18:00
M0110,2026-01-18T15:51:00
M0110,2026-01-23T08:36:00
M0110,2026-01-24T20:28:00
M0110,2026-01-27T19:54:00
M0110,2026-01-28T17:07:00
M0110,2026-01-29T13:39:00
M0110,2026-01-29T15:28:00
M0110,2026-01-31T13:04:00
M0110,2026-02-07T06:21:00
M0110,2026-02-14T16:57:00
M0110,2026-02-17T13:48:00
M0110,2026-02-17T20:31:00
M0110,2026-02-18T07:13:00
M0110,2026-02-23T17:57:00
M0110,2026-02-24T09:08:00
M0110,2026-02-24T14:58:00
M0110,2026-02-26T11:08:00
M0110,2026-02-28T06:51:00
M0110,2026-02-28T18:23:00
M0110,2026-03-04T18:06:00
M0110,2026-03-09T17:50:00
M0110,2026-03-11T19:03:00
M0110,2026-03-13T20:02:00
M0110,2026-03-17T09:11:00
M0110,2026-03-22T18:35:00
M0110,2026-03-23T15:51:00
M0110,2026-03-25T20:29:00
M0110,2026-03-31T14:32:00
M0110,2026-04-02T15:28:00
M0110,2026-04-05T16:13:00
M0110,2026-04-08T17:46:00
M0110,2026-04-11T09:40:00
M0110,2026-04-14T12:59:00
M0110,2026-04-15T14:22:00
M0110,2026-04-15T20:23:00
M0110,2026-04-17T18:53:00
M0110,2026-04-23T06:12:00
M0110,2026-04-23T18:52:00
M0110,2026-04-24T10:19:00
M0110,2026-04-25T20:24:00
M0110,2026-04-29T07:52:00
M0110,2026-05-12T19:50:00
M0110,2026-05-18T07:22:00
M0110,2026-05-19T11:07:00
M0110,2026-05-21T19:10:00
M0110,2026-05-23T19:46:00
M0110,2026-05-26T20:59:00
M0110,2026-05-28T07:01:00
M0110,2026-05-28T08:41:00
M0110,2026-05-29T10:12:00
M0110,2026-05-31T16:01:00
M0110,2026-06-02T08:49:00
M0110,2026-06-03T15:47:00
M0110,2026-06-08T10:41:00
M0110,2026-06-11T17:32:00
M0110,2026-06-13T06:39:00
M0110,2026-06-18T09:58:00
M0110,2026-06-19T15:26:00
M0110,2026-06-22T07:13:00
M0110,2026-06-24T15:31:00
M0110,2026-06-26T15:07:00
M0110,2026-06-27T12:03:00
M0110,2026-07-01T08:46:00
M0110,2026-07-03T07:07:00
M0110,2026-07-03T07:38:00
M0110,2026-07-04T07:13:00
M0110,2026-07-04T07:55:00
M0110,2026-07-06T12:29:00
M0110,2026-07-08T20:44:00
M0110,2026-07-09T16:08:00
M0110,2026-07-09T17:43:00
M0110,2026-07-11T20:11:00
M0110,2026-07-13T12:06:00
M0110,2026-07-17T07:39:00
M0110,2026-07-25T09:59:00
M0110,2026-07-25T17:21:00
M0110,2026-07-28T17:46:00
M0110,2026-07-28T18:28:00
M0110,2026-07-29T06:28:00
M0110,2026-07-29T17:59:00
M0110,2026-08-01T06:18:00
M0110,2026-08-01T13:41:00
M0110,2026-08-03T11:13:00
M0110,2026-08-04T06:42:00
M0110,2026-08-04T09:27:00
M0110,2026-08-08T18:50:00
M0110,2026-08-09T08:06:00
M0110,2026-08-12T18:19:00
M0110,2026-08-13T14:06:00
M0110,2026-08-14T10:01:00
M0110,2026-08-15T20:21:00
M0110,2026-08-17T16:33:00
M0110,2026-08-20T14:43:00
M0110,2026-08-26T11:08:00
M0110,2026-08-27T06:36:00
M0110,2026-08-29T15:18:00
M0110,2026-08-29T17:54:00
M0110,2026-08-31T08:01:00
M0110,2026-09-03T19:37:00
M0110,2026-09-06T11:46:00
M0110,2026-09-11T18:47:00
M0111,2025-10-03T08:17:00
M0111,2025-10-03T10:04:00
M0111,2025-10-04T09:54:00
M0111,2025-10-04T12:59:00
M0111,2025-10-05T14:20:00
M0111,2025-10-05T18:59:00
M0111,2025-10-07T11:24:00
M0111,2025-10-10T08:30:00
M0111,2025-10-10T12:07:00
M0111,2025-10-12T15:10:00
M0111,2025-10-13T09:35:00
M0111,2025-10-13T10:03:00
M0111,2025-10-15T18:09:00
M0111,2025-10-17T12:14:00
M0111,2025-10-17T13:46:00
M0111,2025-10-18T08:55:00
M0111,2025-10-18T15:39:00
M0111,2025-10-20T19:37:00
M0111,2025-10-22T07:27:00
M0111,2025-10-24T11:20:00
M0111,2025-10-26T14:41:00
M0111,2025-10-26T19:10:00
M0111,2025-10-30T20:43:00
M0111,2025-11-01T06:07:00
M0111,2025-11-01T17:45:00
M0111,2025-11-05T16:00:00
M0111,2025-11-06T10:02:00
M0111,2025-11-07T15:23:00
M0111,2025-11-09T12:57:00
M0111,2025-11-10T13:36:00
M0111,2025-11-13T10:39:00
M0111,2025-11-13T16:28:00
M0111,2025-11-14T11:28:00
M0111,2025-11-16T11:18:00
M0111,2025-11-18T16:49:00
M0111,2025-11-21T06:35:00
M0111,2025-11-22T10:30:00
M0111,2025-11-24T12:00:00
M0111,2025-11-24T19:11:00
M0111,2025-11-27T07:08:00
M0111,2025-11-27T18:16:00
M0111,2025-11-28T06:13:00
M0111,2025-11-28T18:07:00
M0111,2025-12-04T18:32:00
M0111,2025-12-05T18:58:00
M0111,2025-12-08T12:17:00
M0111,2025-12-09T09:06:00
M0111,2025-12-10T18:26:00
M0111,2025-12-12T14:00:00
M0111,2025-12-13T12:33:00
M0111,2025-12-15T07:09:00
M0111,2025-12-16T07:51:00
M0111,2025-12-17T16:23:00
M0111,2025-12-18T07:31:00
M0111,2025-12-23T06:55:00
M0111,2025-12-24T07:21:00
M0111,2025-12-26T09:32:00
M0111,2025-12-26T12:28:00
M0111,2025-12-31T06:29:00
M0111,2026-01-02T09:03:00
M0111,2026-01-04T07:03:00
M0111,2026-01-04T14:17:00
M0111,2026-01-05T17:14:00
M0111,2026-01-08T19:18:00
M0111,2026-01-09T06:36:00
M0111,2026-01-09T17:12:00
M0111,2026-01-12T08:22:00
M0111,2026-01-12T10:12:00
M0111,2026-01-12T17:27:00
M0111,2026-01-13T10:31:00
M0111,2026-01-13T19:33:00
M0111,2026-01-14T11:28:00
M0111,2026-01-15T12:11:00
M0111,2026-01-16T09:07:00
M0111,2026-01-17T16:51:00
M0111,2026-01-20T06:21:00
M0111,2026-01-26T20:16:00
M0111,2026-01-27T12:10:00
M0111,2026-01-29T12:56:00
M0111,2026-01-29T18:12:00
M0111,2026-01-29T18:58:00
M0111,2026-01-31T07:22:00
M0111,2026-01-31T19:08:00
M0111,2026-02-02T12:52:00
M0111,2026-02-03T07:33:00
M0111,2026-02-06T06:03:00
M0111,2026-02-08T12:26:00
M0111,2026-02-09T07:19:00
M0111,2026-02-11T19:30:00
M0111,2026-02-13T18:04:00
M0111,2026-02-15T06:01:00
M0111,2026-02-15T16:37:00
M0111,2026-02-16T15:31:00
M0111,2026-02-18T13:07:00
M0111,2026-02-18T16:16:00
M0111,2026-02-19T07:03:00
M0111,2026-02-24T09:34:00
M0111,2026-02-26T14:04:00
M0111,2026-03-01T09:42:00
M0111,2026-03-01T15:00:00
M0111,2026-03-04T16:44:00
M0111,2026-03-05T17:36:00
M0111,2026-03-05T17:54:00
M0111,2026-03-08T15:38:00
M0111,2026-03-10T06:51:00
M0111,2026-03-11T07:20:00
M0111,2026-03-12T08:02:00
M0111,2026-03-16T20:58:00
M0111,2026-03-17T10:41:00
M0111,2026-03-19T15:52:00
M0111,2026-03-21T13:18:00
M0111,2026-03-21T13:37:00
M0111,2026-03-21T16:04:00
M0111,2026-03-22T07:26:00
M0111,2026-03-23T07:09:00
M0111,2026-03-23T16:07:00
M0111,2026-03-23T18:38:00
M0111,2026-03-24T13:40:00
M0111,2026-03-24T14:47:00
M0111,2026-03-26T12:24:00
M0111,2026-03-27T13:30:00
M0111,2026-03-28T09:47:00
M0111,2026-03-28T19:11:00
M0111,2026-03-31T10:15:00
M0111,2026-04-01T14:42:00
M0111,2026-04-02T11:27:00
M0111,2026-04-03T15:28:00
M0111,2026-04-07T15:18:00
M0111,2026-04-07T15:58:00
M0111,2026-04-08T19:58:00
M0111,2026-04-09T06:04:00
M0111,2026-04-12T08:56:00
M0111,2026-04-13T19:42:00
M0111,2026-04-17T07:26:00
M0111,2026-04-17T19:10:00
M0111,2026-04-18T06:13:00
M0111,2026-04-20T06:32:00
M0111,2026-04-20T19:57:00
M0111,2026-04-21T19:10:00
M0111,2026-04-24T16:51:00
M0111,2026-04-24T19:59:00
M0111,2026-04-28T18:05:00
M0111,2026-04-29T16:16:00
M0111,2026-04-29T16:42:00
M0111,2026-05-02T11:43:00
M0111,2026-05-13T18:39:00
M0111,2026-05-19T13:57:00
M0111,2026-05-19T14:38:00
M0111,2026-05-19T20:49:00
M0111,2026-05-22T13:01:00
M0111,2026-05-23T20:07:00
M0111,2026-05-24T20:42:00
M0111,2026-05-26T06:52:00
M0111,2026-05-26T16:37:00
M0111,2026-05-26T20:25:00
M0111,2026-05-27T19:34:00
M0111,2026-05-28T19:04:00
M0111,2026-05-29T13:56:00
M0111,2026-05-30T08:48:00
M0111,2026-05-31T10:34:00
M0111,2026-05-31T14:32:00
M0111,2026-06-07T13:59:00
M0111,2026-06-09T13:32:00
M0111,2026-06-10T20:14:00
M0111,2026-06-12T14:11:00
M0111,2026-06-12T18:01:00
M0111,2026-06-14T14:02:00
M0111,2026-06-15T13:20:00
M0111,2026-06-15T16:05:00
M0111,2026-06-16T07:19:00
M0111,2026-06-16T12:05:00
M0111,2026-06-18T09:24:00
M0111,2026-06-18T19:11:00
M0111,2026-06-19T20:10:00
M0111,2026-06-21T18:10:00
M0111,2026-06-23T16:27:00
M0111,2026-06-23T20:31:00
M0111,2026-06-23T20:32:00
M0111,2026-06-24T19:37:00
M0111,2026-06-25T16:42:00
M0111,2026-06-27T13:46:00
M0111,2026-07-01T20:54:00
M0111,2026-07-02T12:37:00
M0111,2026-07-03T10:02:00
M0111,2026-07-06T16:40:00
M0111,2026-07-07T11:14:00
M0111,2026-07-08T07:16:00
M0111,2026-07-12T12:02:00
M0111,2026-07-13T20:35:00
M0111,2026-07-14T12:07:00
M0111,2026-07-15T09:11:00
M0111,2026-07-16T07:50:00
M0111,2026-07-20T10:43:00
M0111,2026-07-21T09:21:00
M0111,2026-07-22T12:22:00
M0111,2026-07-23T17:35:00
M0111,2026-07-24T18:59:00
M0111,2026-07-25T10:40:00
M0111,2026-07-27T15:51:00
M0111,2026-07-29T16:25:00
M0111,2026-07-30T18:42:00
M0111,2026-07-31T20:38:00
M0111,2026-08-01T17:16:00
M0111,2026-08-02T19:39:00
M0111,2026-08-03T12:34:00
M0111,2026-08-03T17:40:00
M0111,2026-08-04T12:01:00
M0111,2026-08-09T08:04:00
M0111,2026-08-09T13:32:00
M0111,2026-08-24T06:09:00
M0111,2026-08-25T11:06:00
M0111,2026-08-30T15:48:00
M0111,2026-08-31T08:10:00
M0111,2026-09-05T19:40:00
M0111,2026-09-07T10:34:00
M0111,2026-09-08T08:00:00
M0112,2026-05-24T12:01:00
M0112,2026-05-25T18:33:00
M0112,2026-05-27T15:36:00
M0112,2026-05-28T19:04:00
M0112,2026-05-31T10:04:00
M0112,2026-06-01T19:07:00
M0112,2026-06-04T20:48:00
M0112,2026-06-05T09:22:00
M0112,2026-06-05T12:06:00
M0112,2026-06-05T18:38:00
M0112,2026-06-05T19:10:00
M0112,2026-06-06T19:13:00
M0112,2026-06-08T09:30:00
M0112,2026-06-12T12:57:00
M0112,2026-06-14T11:11:00
M0112,2026-06-15T06:58:00
M0112,2026-06-16T11:35:00
M0112,2026-06-21T15:06:00
M0112,2026-06-22T11:58:00
M0112,2026-06-23T18:19:00
M0112,2026-06-23T18:53:00
M0112,2026-06-24T08:16:00
M0112,2026-06-25T07:25:00
M0112,2026-06-26T06:58:00
M0112,2026-06-28T19:12:00
M0112,2026-07-01T11:41:00
M0112,2026-07-03T10:17:00
M0112,2026-07-05T13:48:00
M0112,2026-07-05T18:36:00
M0112,2026-07-08T12:54:00
M0112,2026-07-10T13:57:00
M0112,2026-07-12T19:25:00
M0112,2026-07-14T15:34:00
M0112,2026-07-15T19:35:00
M0112,2026-07-16T08:44:00
M0112,2026-07-16T18:34:00
M0112,2026-07-16T20:46:00
M0112,2026-07-17T06:34:00
M0112,2026-07-17T07:49:00
M0112,2026-07-19T13:17:00
M0112,2026-07-19T18:14:00
M0112,2026-07-20T07:17:00
M0112,2026-07-22T14:54:00
M0112,2026-07-25T11:39:00
M0112,2026-07-27T20:25:00
M0112,2026-07-30T12:39:00
M0112,2026-07-31T12:16:00
M0112,2026-07-31T14:39:00
M0112,2026-08-01T20:15:00
M0112,2026-08-07T15:25:00
M0112,2026-08-11T17:57:00
M0112,2026-08-12T10:59:00
M0112,2026-08-13T12:36:00
M0112,2026-08-14T15:35:00
M0112,2026-08-15T07:20:00
M0112,2026-08-16T07:07:00
M0112,2026-08-16T11:07:00
M0112,2026-08-16T19:43:00
M0112,2026-08-17T17:59:00
M0112,2026-08-18T15:16:00
M0112,2026-08-18T18:42:00
M0112,2026-08-19T20:44:00
M0112,2026-08-20T08:46:00
M0112,2026-08-20T16:11:00
M0112,2026-08-22T13:23:00
M0112,2026-08-23T09:53:00
M0112,2026-08-23T13:05:00
M0112,2026-08-26T16:46:00
M0112,2026-08-27T14:48:00
M0112,2026-09-02T09:26:00
M0112,2026-09-05T14:51:00
M0112,2026-09-06T14:37:00
M0112,2026-09-08T09:26:00
M0112,2026-09-08T11:23:00
M0112,2026-09-11T16:08:00
M0113,2025-09-15T15:16:00
M0113,2025-09-19T06:18:00
M0113,2025-09-21T12:43:00
M0113,2025-10-01T10:50:00
M0113,2025-10-07T19:35:00
M0113,2025-10-13T12:27:00
M0113,2025-10-19T12:03:00
M0113,2025-10-25T18:27:00
M0113,2025-11-01T08:00:00
M0113,2025-11-15T11:27:00
M0113,2025-11-19T18:59:00
M0113,2025-11-26T11:31:00
M0113,2025-11-26T13:21:00
M0113,2025-12-15T20:01:00
M0113,2025-12-22T13:50:00
M0113,2026-01-03T18:20:00
M0113,2026-01-09T09:50:00
M0113,2026-02-05T12:08:00
M0113,2026-02-09T18:38:00
M0113,2026-02-13T19:50:00
M0113,2026-02-21T10:51:00
M0113,2026-03-01T20:24:00
M0113,2026-04-22T08:54:00
M0113,2026-04-28T08:49:00
M0113,2026-05-02T06:06:00
M0113,2026-05-03T11:44:00
M0113,2026-05-10T16:21:00
M0113,2026-05-18T15:22:00
M0113,2026-06-19T20:03:00
M0113,2026-07-23T17:59:00
M0113,2026-08-04T12:10:00
M0113,2026-08-19T08:07:00
M0113,2026-08-28T08:18:00
M0113,2026-09-11T18:51:00
M0114,2026-08-11T07:05:00
M0115,2025-04-04T18:57:00
M0115,2025-04-08T06:06:00
M0115,2025-04-09T12:03:00
M0115,2025-04-12T15:38:00
M0115,2025-04-12T19:05:00
M0115,2025-04-14T13:45:00
M0115,2025-04-14T14:08:00
M0115,2025-04-14T15:33:00
M0115,2025-04-20T13:59:00
M0115,2025-04-24T10:28:00
M0115,2025-04-24T20:00:00
M0115,2025-04-26T17:26:00
M0115,2025-05-01T10:54:00
M0115,2025-05-03T16:51:00
M0115,2025-05-12T07:09:00
M0115,2025-05-21T07:58:00
M0115,2025-05-24T06:13:00
M0115,2025-06-24T10:14:00
M0115,2025-06-25T18:56:00
M0115,2025-07-07T11:14:00
M0115,2025-07-14T11:44:00
M0115,2025-07-15T17:24:00
M0115,2025-07-24T18:34:00
M0115,2025-08-15T13:35:00
M0115,2025-08-17T19:40:00
M0115,2025-08-23T11:16:00
M0115,2025-08-26T08:19:00
M0115,2025-09-06T07:42:00
M0115,2025-09-09T17:48:00
M0115,2025-09-13T14:20:00
M0115,2025-09-26T16:27:00
M0115,2025-09-28T11:51:00
M0115,2025-10-02T10:03:00
M0115,2025-10-05T10:41:00
M0115,2025-10-05T10:41:00
M0115,2025-10-13T11:47:00
M0115,2025-10-18T19:12:00
M0115,2025-10-24T08:12:00
M0115,2025-10-30T20:04:00
M0115,2025-11-08T20:45:00
M0115,2025-11-10T10:49:00
M0115,2025-11-11T15:48:00
M0115,2025-11-19T15:46:00
M0115,2025-11-19T17:31:00
M0115,2025-12-06T16:18:00
M0115,2025-12-08T18:13:00
M0115,2025-12-08T20:49:00
M0115,2025-12-10T16:43:00
M0115,2025-12-11T07:28:00
M0115,2025-12-27T06:12:00
M0115,2025-12-31T08:31:00
M0115,2026-01-01T19:35:00
M0115,2026-01-03T19:04:00
M0115,2026-01-05T11:45:00
M0115,2026-01-06T12:43:00
M0115,2026-01-09T16:34:00
M0115,2026-01-16T18:54:00
M0115,2026-01-30T10:21:00
M0115,2026-01-30T15:50:00
M0115,2026-02-02T09:52:00
M0115,2026-02-25T16:12:00
M0115,2026-02-27T12:38:00
M0115,2026-03-19T09:20:00
M0115,2026-03-22T19:14:00
M0115,2026-03-24T20:14:00
M0115,2026-03-25T14:32:00
M0115,2026-03-26T08:17:00
M0115,2026-03-29T06:02:00
M0115,2026-04-01T07:32:00
M0115,2026-04-01T18:40:00
M0115,2026-04-02T20:55:00
M0115,2026-04-03T17:55:00
M0115,2026-04-06T13:30:00
M0115,2026-04-21T10:32:00
M0115,2026-05-08T19:27:00
M0115,2026-05-17T08:17:00
M0115,2026-05-17T10:58:00
M0115,2026-05-24T12:03:00
M0115,2026-05-27T11:16:00
M0115,2026-05-30T13:45:00
M0115,2026-05-31T17:04:00
M0115,2026-06-01T15:39:00
M0115,2026-06-04T14:13:00
M0115,2026-06-04T14:56:00
M0115,2026-06-05T16:43:00
M0115,2026-06-07T09:41:00
M0115,2026-06-10T18:58:00
M0115,2026-06-11T14:06:00
M0115,2026-06-11T17:42:00
M0115,2026-06-16T07:09:00
M0115,2026-06-16T13:32:00
M0115,2026-06-16T16:16:00
M0115,2026-06-22T18:39:00
M0115,2026-06-25T14:47:00
M0115,2026-06-30T15:27:00
M0115,2026-07-07T14:32:00
M0115,2026-07-09T08:56:00
M0115,2026-07-16T17:38:00
M0115,2026-07-24T10:20:00
M0115,2026-07-25T19:30:00
M0115,2026-07-27T15:44:00
M0115,2026-07-31T10:53:00
M0115,2026-08-03T16:08:00
M0115,2026-08-23T12:14:00
M0115,2026-09-04T18:05:00
M0115,2026-09-08T17:24:00
M0115,2026-09-09T10:11:00
M0115,2026-09-10T17:38:00
M0116,2025-09-26T16:35:00
M0116,2025-10-01T06:25:00
M0116,2025-10-16T09:11:00
M0116,2025-10-18T08:56:00
M0116,2025-10-23T19:32:00
M0116,2025-11-23T17:36:00
M0116,2025-12-15T08:07:00
M0116,2025-12-18T20:13:00
M0116,2025-12-21T19:07:00
M0116,2025-12-28T08:14:00
M0116,2026-01-11T07:44:00
M0116,2026-01-12T20:00:00
M0116,2026-01-22T12:29:00
M0116,2026-01-28T12:07:00
M0116,2026-02-08T20:01:00
M0116,2026-03-05T19:40:00
M0116,2026-03-12T16:55:00
M0116,2026-04-09T20:51:00
M0116,2026-04-29T07:00:00
M0116,2026-05-01T13:45:00
M0116,2026-05-07T07:52:00
M0116,2026-05-12T09:23:00
M0116,2026-05-26T06:58:00
M0116,2026-05-27T18:05:00
M0116,2026-06-26T09:57:00
M0116,2026-07-02T10:59:00
M0116,2026-07-07T16:15:00
M0116,2026-07-10T07:37:00
M0116,2026-07-23T18:03:00
M0116,2026-08-01T13:17:00
M0116,2026-08-12T18:48:00
M0116,2026-08-22T19:35:00
M0116,2026-08-28T08:12:00
M0117,2025-04-17T19:48:00
M0117,2025-04-17T20:11:00
M0117,2025-04-28T11:52:00
M0117,2025-05-04T10:21:00
M0117,2025-05-08T19:04:00
M0117,2025-05-10T15:24:00
M0117,2025-05-14T06:57:00
M0117,2025-05-15T12:17:00
M0117,2025-05-15T20:42:00
M0117,2025-05-17T06:27:00
M0117,2025-05-19T07:00:00
M0117,2025-05-24T12:58:00
M0117,2025-05-26T17:05:00
M0117,2025-05-27T10:00:00
M0117,2025-05-28T10:55:00
M0117,2025-05-31T19:57:00
M0117,2025-06-08T13:34:00
M0117,2025-06-11T07:25:00
M0117,2025-06-20T19:59:00
M0117,2025-06-27T10:49:00
M0117,2025-06-27T13:02:00
M0117,2025-07-04T15:00:00
M0117,2025-07-09T18:35:00
M0117,2025-07-17T14:12:00
M0117,2025-07-20T09:27:00
M0117,2025-07-23T14:09:00
M0117,2025-07-24T14:46:00
M0117,2025-07-31T08:24:00
M0117,2025-08-01T15:39:00
M0117,2025-08-04T14:14:00
M0117,2025-08-08T13:50:00
M0117,2025-08-15T12:35:00
M0117,2025-08-15T14:57:00
M0117,2025-08-20T06:23:00
M0117,2025-08-21T14:43:00
M0117,2025-08-23T15:07:00
M0117,2025-08-23T16:31:00
M0117,2025-08-24T15:04:00
M0117,2025-08-24T15:27:00
M0117,2025-08-26T11:29:00
M0117,2025-08-31T07:36:00
M0117,2025-09-04T20:24:00
M0117,2025-09-08T08:27:00
M0117,2025-09-08T17:38:00
M0117,2025-09-09T08:01:00
M0117,2025-09-20T18:22:00
M0117,2025-09-22T14:54:00
M0117,2025-09-25T06:19:00
M0117,2025-09-25T19:40:00
M0117,2025-09-26T15:35:00
M0117,2025-09-28T19:11:00
M0117,2025-09-29T18:57:00
M0117,2025-10-03T11:59:00
M0117,2025-10-07T07:50:00
M0117,2025-10-16T11:21:00
M0117,2025-10-23T13:29:00
M0117,2025-10-24T11:07:00
M0117,2025-11-03T07:34:00
M0117,2025-11-05T17:05:00
M0117,2025-11-06T10:24:00
M0117,2025-11-07T08:50:00
M0117,2025-11-08T17:08:00
M0117,2025-11-12T07:38:00
M0117,2025-11-15T14:09:00
M0117,2025-11-15T18:53:00
M0117,2025-11-22T15:25:00
M0117,2025-11-25T08:09:00
M0117,2025-11-25T12:17:00
M0117,2025-11-28T13:21:00
M0117,2025-11-28T15:04:00
M0117,2025-12-11T06:51:00
M0117,2025-12-20T20:58:00
M0117,2025-12-23T07:52:00
M0117,2025-12-24T10:58:00
M0117,2025-12-24T17:46:00
M0117,2026-01-07T11:31:00
M0117,2026-01-09T11:43:00
M0117,2026-01-11T19:02:00
M0117,2026-01-21T12:49:00
M0117,2026-01-23T08:00:00
M0117,2026-01-27T19:55:00
M0117,2026-02-01T15:09:00
M0117,2026-02-02T17:03:00
M0117,2026-02-02T17:36:00
M0117,2026-02-04T13:53:00
M0117,2026-02-09T16:25:00
M0117,2026-02-16T13:10:00
M0117,2026-02-17T19:08:00
M0117,2026-02-17T20:45:00
M0117,2026-02-18T12:17:00
M0117,2026-03-04T19:55:00
M0117,2026-03-05T08:32:00
M0117,2026-03-23T13:33:00
M0117,2026-03-24T20:35:00
M0117,2026-03-25T06:03:00
M0117,2026-03-27T11:56:00
M0117,2026-03-28T20:50:00
M0117,2026-03-28T20:52:00
M0117,2026-04-03T08:10:00
M0117,2026-04-11T10:45:00
M0117,2026-04-16T09:05:00
M0117,2026-04-21T12:04:00
M0117,2026-04-27T13:04:00
M0117,2026-04-27T18:22:00
M0117,2026-04-30T20:34:00
M0117,2026-05-03T18:23:00
M0117,2026-05-15T16:44:00
M0117,2026-05-17T06:05:00
M0117,2026-05-18T15:11:00
M0117,2026-05-18T15:23:00
M0117,2026-05-24T07:52:00
M0117,2026-05-24T13:56:00
M0117,2026-05-30T07:20:00
M0117,2026-06-02T12:05:00
M0117,2026-06-13T20:02:00
M0117,2026-06-25T06:52:00
M0117,2026-06-26T08:12:00
M0117,2026-06-27T11:14:00
M0117,2026-06-28T19:50:00
M0117,2026-06-29T06:29:00
M0117,2026-07-06T18:27:00
M0117,2026-07-10T11:43:00
M0117,2026-07-13T06:30:00
M0117,2026-07-15T20:44:00
M0117,2026-07-19T16:05:00
M0117,2026-07-24T15:50:00
M0117,2026-07-28T18:36:00
M0117,2026-07-28T18:41:00
M0117,2026-07-29T14:45:00
M0117,2026-07-29T17:18:00
M0117,2026-08-07T13:26:00
M0117,2026-08-07T14:36:00
M0117,2026-08-11T19:54:00
M0117,2026-08-13T11:08:00
M0117,2026-08-20T18:07:00
M0117,2026-08-20T19:46:00
M0117,2026-08-21T10:17:00
M0117,2026-08-24T15:50:00
M0117,2026-08-25T13:12:00
M0117,2026-08-29T14:59:00
M0117,2026-08-30T10:51:00
M0117,2026-08-31T06:16:00
M0117,2026-09-04T07:13:00
M0117,2026-09-06T17:49:00
M0117,2026-09-09T06:09:00
M0117,2026-09-09T18:35:00
M0118,2026-02-27T14:48:00
M0118,2026-03-07T14:03:00
M0118,2026-03-07T19:17:00
M0118,2026-03-08T12:02:00
M0118,2026-03-10T09:21:00
M0118,2026-03-10T20:09:00
M0118,2026-03-12T15:35:00
M0118,2026-03-12T17:16:00
M0118,2026-03-13T20:34:00
M0118,2026-03-16T12:28:00
M0118,2026-03-22T09:35:00
M0118,2026-03-27T08:20:00
M0118,2026-03-31T09:24:00
M0118,2026-04-02T14:03:00
M0118,2026-04-07T10:25:00
M0118,2026-04-07T20:40:00
M0118,2026-04-10T11:03:00
M0118,2026-04-11T19:28:00
M0118,2026-04-17T17:03:00
M0118,2026-04-22T11:25:00
M0118,2026-04-23T09:36:00
M0118,2026-04-25T11:28:00
M0118,2026-04-26T11:22:00
M0118,2026-04-30T17:52:00
M0118,2026-05-06T15:02:00
M0118,2026-05-10T20:21:00
M0118,2026-05-12T11:06:00
M0118,2026-05-13T07:06:00
M0118,2026-05-13T13:40:00
M0118,2026-05-13T16:38:00
M0118,2026-05-13T20:14:00
M0118,2026-05-18T10:46:00
M0118,2026-05-23T18:32:00
M0118,2026-06-05T18:18:00
M0118,2026-06-06T07:38:00
M0118,2026-06-08T06:09:00
M0118,2026-06-08T13:43:00
M0118,2026-06-13T06:43:00
M0118,2026-06-15T08:10:00
M0118,2026-06-22T06:25:00
M0118,2026-06-22T15:23:00
M0118,2026-06-24T16:08:00
M0118,2026-06-25T11:52:00
M0118,2026-06-26T17:05:00
M0118,2026-06-29T08:00:00
M0118,2026-07-02T13:57:00
M0118,2026-07-03T18:50:00
M0118,2026-07-12T11:55:00
M0118,2026-07-15T06:10:00
M0118,2026-07-21T12:48:00
M0118,2026-07-29T07:20:00
M0118,2026-08-04T17:58:00
M0118,2026-08-05T11:13:00
M0118,2026-08-06T20:56:00
M0118,2026-08-11T17:59:00
M0118,2026-08-14T18:41:00
M0118,2026-08-21T13:40:00
M0118,2026-08-22T10:02:00
M0118,2026-08-23T11:02:00
M0118,2026-08-24T16:37:00
M0118,2026-09-01T13:06:00
M0118,2026-09-08T13:45:00
M0118,2026-09-09T20:22:00
M0118,2026-09-10T19:08:00
M0119,2026-02-17T10:49:00
M0119,2026-02-18T16:39:00
M0119,2026-02-28T06:13:00
M0119,2026-03-14T20:37:00
M0119,2026-03-16T06:17:00
M0119,2026-03-24T12:02:00
M0119,2026-03-25T08:02:00
M0119,2026-03-27T15:44:00
M0119,2026-03-30T14:19:00
M0119,2026-04-05T10:04:00
M0119,2026-04-20T09:41:00
M0119,2026-04-25T15:58:00
M0119,2026-04-29T20:39:00
M0119,2026-05-01T20:11:00
M0119,2026-05-08T11:22:00
M0119,2026-06-14T18:15:00
M0119,2026-07-01T08:02:00
M0119,2026-07-01T16:36:00
M0119,2026-07-15T12:04:00
M0119,2026-07-27T06:26:00
M0119,2026-07-27T16:01:00
M0119,2026-07-30T15:27:00
M0119,2026-07-30T15:36:00
M0119,2026-08-02T14:03:00
M0119,2026-08-03T14:24:00
M0119,2026-08-15T13:30:00
M0119,2026-08-19T06:49:00
M0119,2026-08-29T20:15:00
M0119,2026-09-03T14:17:00
M0120,2025-04-12T19:54:00
M0120,2025-06-16T11:20:00
M0120,2025-08-10T09:10:00
M0120,2025-09-05T11:53:00
M0120,2025-12-07T07:31:00
M0120,2025-12-15T12:20:00
M0120,2025-12-16T08:57:00
M0120,2025-12-24T08:18:00
M0120,2026-03-08T13:34:00
M0120,2026-03-24T08:37:00
M0120,2026-04-19T16:11:00
M0120,2026-05-29T15:44:00
M0120,2026-07-18T08:14:00
M0121,2025-06-04T09:00:00
M0121,2025-06-07T18:34:00
M0121,2025-06-08T16:02:00
M0121,2025-06-09T07:24:00
M0121,2025-06-09T08:56:00
M0121,2025-06-12T13:14:00
M0121,2025-06-13T10:15:00
M0121,2025-06-13T20:26:00
M0121,2025-06-16T10:57:00
M0121,2025-06-22T08:39:00
M0121,2025-06-26T11:48:00
M0121,2025-06-28T11:59:00
M0121,2025-07-04T13:20:00
M0121,2025-07-04T14:50:00
M0121,2025-07-08T07:10:00
M0121,2025-07-11T17:37:00
M0121,2025-07-13T15:55:00
M0121,2025-07-15T12:02:00
M0121,2025-07-15T18:00:00
M0121,2025-07-15T19:15:00
M0121,2025-07-17T16:51:00
M0121,2025-07-20T12:19:00
M0121,2025-07-21T17:38:00
M0121,2025-07-22T06:58:00
M0121,2025-07-22T07:16:00
M0121,2025-07-23T11:33:00
M0121,2025-07-24T13:56:00
M0121,2025-07-26T08:29:00
M0121,2025-07-31T07:05:00
M0121,2025-08-05T09:27:00
M0121,2025-08-05T09:45:00
M0121,2025-08-10T11:53:00
M0121,2025-08-10T14:00:00
M0121,2025-08-16T08:06:00
M0121,2025-08-23T18:38:00
M0121,2025-08-30T16:10:00
M0121,2025-09-01T11:58:00
M0121,2025-09-05T18:07:00
M0121,2025-09-08T12:06:00
M0121,2025-09-11T17:00:00
M0121,2025-09-12T15:58:00
M0121,2025-09-13T11:36:00
M0121,2025-09-17T11:35:00
M0121,2025-09-18T09:34:00
M0121,2025-09-21T07:32:00
M0121,2025-09-26T07:46:00
M0121,2025-09-26T17:29:00
M0121,2025-09-26T20:20:00
M0121,2025-09-27T13:10:00
M0121,2025-09-29T17:03:00
M0121,2025-10-02T14:33:00
M0121,2025-10-04T17:06:00
M0121,2025-10-05T18:21:00
M0121,2025-10-07T13:34:00
M0121,2025-10-12T18:44:00
M0121,2025-10-13T14:24:00
M0121,2025-10-14T18:32:00
M0121,2025-10-17T08:32:00
M0121,2025-10-17T13:57:00
M0121,2025-10-17T19:13:00
M0121,2025-10-21T08:46:00
M0121,2025-10-22T11:56:00
M0121,2025-10-22T19:03:00
M0121,2025-10-25T07:32:00
M0121,2025-10-27T06:11:00
M0121,2025-10-28T08:42:00
M0121,2025-10-29T14:08:00
M0121,2025-10-31T09:39:00
M0121,2025-11-01T20:53:00
M0121,2025-11-02T13:10:00
M0121,2025-11-03T10:17:00
M0121,2025-11-04T06:16:00
M0121,2025-11-04T17:08:00
M0121,2025-11-06T10:41:00
M0121,2025-11-08T07:04:00
M0121,2025-11-08T19:33:00
M0121,2025-11-10T10:59:00
M0121,2025-11-10T16:13:00
M0121,2025-11-11T17:40:00
M0121,2025-11-13T11:36:00
M0121,2025-11-14T17:12:00
M0121,2025-11-15T06:08:00
M0121,2025-11-15T06:43:00
M0121,2025-11-22T17:09:00
M0121,2025-11-25T17:28:00
M0121,2025-11-25T17:56:00
M0121,2025-11-25T19:08:00
M0121,2025-11-27T11:54:00
M0121,2025-12-08T09:23:00
M0121,2025-12-19T07:26:00
M0121,2025-12-20T09:02:00
M0121,2025-12-21T18:08:00
M0121,2025-12-24T20:03:00
M0121,2025-12-25T10:25:00
M0121,2025-12-30T06:43:00
M0121,2025-12-30T20:53:00
M0121,2026-01-03T18:38:00
M0121,2026-01-04T06:22:00
M0121,2026-01-05T16:10:00
M0121,2026-01-07T12:57:00
M0121,2026-01-08T13:29:00
M0121,2026-01-09T07:26:00
M0121,2026-01-09T07:39:00
M0121,2026-01-09T09:08:00
M0121,2026-01-11T07:43:00
M0121,2026-01-15T10:24:00
M0121,2026-01-17T14:13:00
M0121,2026-01-17T17:04:00
M0121,2026-01-17T20:52:00
M0121,2026-01-18T08:37:00
M0121,2026-01-18T15:02:00
M0121,2026-01-19T18:01:00
M0121,2026-01-21T07:39:00
M0121,2026-01-21T09:53:00
M0121,2026-01-22T12:10:00
M0121,2026-01-24T14:52:00
M0121,2026-01-26T12:31:00
M0121,2026-01-27T15:05:00
M0121,2026-02-01T19:12:00
M0121,2026-02-02T14:03:00
M0121,2026-02-04T12:35:00
M0121,2026-02-04T19:26:00
M0121,2026-02-09T12:14:00
M0121,2026-02-10T07:36:00
M0121,2026-02-12T18:56:00
M0121,2026-02-13T18:25:00
M0121,2026-02-14T12:59:00
M0121,2026-02-15T20:25:00
M0121,2026-02-16T13:27:00
M0121,2026-02-18T10:41:00
M0121,2026-02-18T11:03:00
M0121,2026-02-18T15:18:00
M0121,2026-02-18T15:49:00
M0121,2026-02-19T09:43:00
M0121,2026-02-22T18:50:00
M0121,2026-02-24T17:14:00
M0121,2026-02-27T12:22:00
M0121,2026-03-02T10:41:00
M0121,2026-03-12T09:08:00
M0121,2026-03-13T12:10:00
M0121,2026-03-22T08:24:00
M0121,2026-03-24T12:56:00
M0121,2026-03-24T18:26:00
M0121,2026-03-25T08:16:00
M0121,2026-03-28T08:58:00
M0121,2026-03-29T07:05:00
M0121,2026-04-05T17:21:00
M0121,2026-04-07T07:43:00
M0121,2026-04-08T10:43:00
M0121,2026-04-11T14:44:00
M0121,2026-04-13T17:39:00
M0121,2026-04-14T17:19:00
M0121,2026-04-16T08:40:00
M0121,2026-04-17T16:39:00
M0121,2026-04-17T17:31:00
M0121,2026-04-17T19:32:00
M0121,2026-04-18T20:02:00
M0121,2026-04-19T17:05:00
M0121,2026-04-21T09:35:00
M0121,2026-04-21T17:18:00
M0121,2026-04-22T16:03:00
M0121,2026-04-22T18:15:00
M0121,2026-04-23T08:56:00
M0121,2026-04-25T12:16:00
M0121,2026-04-25T15:36:00
M0121,2026-04-28T09:16:00
M0121,2026-04-29T14:15:00
M0121,2026-05-05T19:02:00
M0121,2026-05-11T07:45:00
M0121,2026-05-16T14:31:00
M0121,2026-05-17T11:54:00
M0121,2026-05-17T17:15:00
M0121,2026-05-21T06:23:00
M0121,2026-05-23T10:23:00
M0121,2026-05-27T13:21:00
M0121,2026-05-29T17:57:00
M0121,2026-05-30T12:58:00
M0121,2026-05-30T15:43:00
M0121,2026-05-31T13:25:00
M0121,2026-05-31T13:49:00
M0121,2026-06-03T09:27:00
M0121,2026-06-06T11:12:00
M0121,2026-06-06T18:17:00
M0121,2026-06-06T18:57:00
M0121,2026-06-10T08:05:00
M0121,2026-06-10T15:30:00
M0121,2026-06-11T09:57:00
M0121,2026-06-11T18:04:00
M0121,2026-06-11T20:46:00
M0121,2026-06-12T18:32:00
M0121,2026-06-14T10:25:00
M0121,2026-06-16T11:18:00
M0121,2026-06-17T06:34:00
M0121,2026-06-24T14:05:00
M0121,2026-06-26T11:59:00
M0121,2026-06-27T20:00:00
M0121,2026-06-28T20:39:00
M0121,2026-06-30T11:50:00
M0121,2026-07-01T15:24:00
M0121,2026-07-02T10:54:00
M0121,2026-07-05T11:11:00
M0121,2026-07-05T12:38:00
M0121,2026-07-06T13:55:00
M0121,2026-07-07T12:07:00
M0121,2026-07-08T08:15:00
M0121,2026-07-08T18:45:00
M0121,2026-07-09T08:07:00
M0121,2026-07-10T07:17:00
M0121,2026-07-12T20:15:00
M0121,2026-07-17T15:12:00
M0121,2026-07-18T10:41:00
M0121,2026-07-19T10:03:00
M0121,2026-07-20T10:49:00
M0121,2026-07-21T12:52:00
M0121,2026-07-21T18:57:00
M0121,2026-07-27T13:36:00
M0121,2026-07-27T20:43:00
M0121,2026-07-28T17:51:00
M0121,2026-07-29T20:19:00
M0121,2026-07-30T09:42:00
M0121,2026-08-02T13:14:00
M0121,2026-08-03T06:34:00
M0121,2026-08-08T16:46:00
M0121,2026-08-10T07:23:00
M0121,2026-08-10T13:33:00
M0121,2026-08-10T20:59:00
M0121,2026-08-11T08:59:00
M0121,2026-08-14T10:20:00
M0121,2026-08-15T14:28:00
M0121,2026-08-16T11:58:00
M0121,2026-08-18T09:23:00
M0121,2026-08-20T20:57:00
M0121,2026-08-22T20:11:00
M0121,2026-08-23T16:17:00
M0121,2026-08-24T13:12:00
M0121,2026-08-26T10:54:00
M0121,2026-08-28T18:29:00
M0121,2026-08-29T08:55:00
M0121,2026-08-29T13:03:00
M0121,2026-08-29T16:56:00
M0121,2026-09-02T20:47:00
M0121,2026-09-04T12:50:00
M0121,2026-09-05T06:44:00
M0121,2026-09-05T20:52:00
M0121,2026-09-06T08:14:00
M0121,2026-09-08T15:27:00
M0121,2026-09-09T20:03:00
M0121,2026-09-10T06:07:00
M0121,2026-09-10T09:12:00
M0121,2026-09-10T13:28:00
M0121,2026-09-10T16:20:00
M0122,2025-09-13T20:09:00
M0122,2025-09-18T06:02:00
M0122,2025-09-23T19:43:00
M0122,2025-09-27T10:11:00
M0122,2025-09-28T17:08:00
M0122,2025-10-06T13:42:00
M0122,2025-10-13T09:36:00
M0122,2025-10-14T06:38:00
M0122,2025-10-16T18:07:00
M0122,2025-10-17T09:07:00
M0122,2025-10-17T20:13:00
M0122,2025-10-24T12:33:00
M0122,2025-10-25T09:07:00
M0122,2025-10-25T13:10:00
M0122,2025-10-31T16:44:00
M0122,2025-11-02T12:39:00
M0122,2025-11-03T11:45:00
M0122,2025-11-09T14:49:00
M0122,2025-11-11T08:58:00
M0122,2025-11-13T06:38:00
M0122,2025-11-24T08:46:00
M0122,2025-11-25T18:15:00
M0122,2025-11-27T08:36:00
M0122,2025-11-27T16:54:00
M0122,2025-12-01T15:22:00
M0122,2025-12-11T16:13:00
M0122,2025-12-12T20:55:00
M0122,2025-12-14T08:10:00
M0122,2025-12-14T16:44:00
M0122,2025-12-21T17:39:00
M0122,2025-12-26T19:28:00
M0122,2025-12-28T20:33:00
M0122,2026-01-03T10:23:00
M0122,2026-01-07T15:11:00
M0122,2026-01-18T09:27:00
M0122,2026-01-22T19:57:00
M0122,2026-01-23T11:14:00
M0122,2026-01-23T13:44:00
M0122,2026-01-23T19:14:00
M0122,2026-01-24T14:29:00
M0122,2026-01-26T06:30:00
M0122,2026-01-27T07:32:00
M0122,2026-01-27T07:58:00
M0122,2026-01-31T14:11:00
M0122,2026-02-03T15:31:00
M0122,2026-02-04T18:10:00
M0122,2026-02-06T07:48:00
M0122,2026-02-06T19:12:00
M0122,2026-02-07T13:07:00
M0122,2026-02-10T06:06:00
M0122,2026-02-15T12:06:00
M0122,2026-02-16T16:54:00
M0122,2026-02-18T16:35:00
M0122,2026-02-20T14:14:00
M0122,2026-02-21T19:31:00
M0122,2026-02-26T08:45:00
M0122,2026-02-26T18:53:00
M0122,2026-03-19T12:59:00
M0122,2026-03-25T19:16:00
M0122,2026-03-26T18:16:00
M0122,2026-03-27T12:30:00
M0122,2026-03-29T11:28:00
M0122,2026-04-03T10:08:00
M0122,2026-04-05T09:13:00
M0122,2026-04-05T20:45:00
M0122,2026-04-09T08:09:00
M0122,2026-04-11T18:38:00
M0122,2026-04-13T10:09:00
M0122,2026-04-15T06:40:00
M0122,2026-04-20T14:42:00
M0122,2026-04-26T17:52:00
M0122,2026-04-30T16:40:00
M0122,2026-05-01T17:36:00
M0122,2026-05-08T08:11:00
M0122,2026-05-09T12:11:00
M0122,2026-05-14T11:25:00
M0122,2026-05-15T20:39:00
M0122,2026-05-17T07:54:00
M0122,2026-05-18T09:23:00
M0122,2026-05-19T09:53:00
M0122,2026-05-19T19:51:00
M0122,2026-05-21T06:57:00
M0122,2026-05-21T18:46:00
M0122,2026-05-28T07:34:00
M0122,2026-05-30T10:25:00
M0122,2026-06-01T07:52:00
M0122,2026-06-04T18:31:00
M0122,2026-06-07T06:31:00
M0122,2026-06-10T11:09:00
M0122,2026-06-11T11:14:00
M0122,2026-06-12T07:41:00
M0122,2026-06-12T14:19:00
M0122,2026-06-13T09:49:00
M0122,2026-06-13T20:42:00
M0122,2026-06-23T08:25:00
M0122,2026-06-23T09:36:00
M0122,2026-06-25T06:32:00
M0122,2026-06-26T10:42:00
M0122,2026-07-03T17:30:00
M0122,2026-07-09T11:24:00
M0122,2026-07-18T11:46:00
M0122,2026-07-25T11:20:00
M0122,2026-07-27T15:04:00
M0122,2026-07-27T18:30:00
M0122,2026-08-03T07:27:00
M0122,2026-08-06T16:04:00
M0122,2026-08-07T08:59:00
M0122,2026-08-08T15:49:00
M0122,2026-08-13T10:04:00
M0122,2026-08-25T10:01:00
M0122,2026-08-27T11:21:00
M0122,2026-09-02T20:42:00
M0122,2026-09-05T15:46:00
M0122,2026-09-08T15:13:00
M0122,2026-09-09T11:28:00
M0123,2025-04-30T16:00:00
M0123,2025-05-06T15:55:00
M0123,2025-05-25T13:06:00
M0123,2025-06-04T17:42:00
M0123,2025-07-01T08:19:00
M0123,2025-07-29T09:36:00
M0123,2025-08-06T18:45:00
M0123,2025-08-08T20:39:00
M0123,2025-08-29T13:34:00
M0123,2025-08-30T16:29:00
M0123,2025-09-19T06:36:00
M0123,2025-09-27T13:13:00
M0123,2025-09-30T08:27:00
M0123,2025-10-15T07:51:00
M0123,2025-10-17T20:30:00
M0123,2025-11-01T18:11:00
M0123,2025-11-12T13:41:00
M0123,2025-11-21T16:48:00
M0123,2025-11-25T13:21:00
M0123,2025-12-07T15:33:00
M0123,2025-12-13T15:30:00
M0123,2025-12-14T14:26:00
M0123,2025-12-25T09:53:00
M0123,2026-01-04T20:13:00
M0123,2026-02-08T16:36:00
M0123,2026-02-10T16:49:00
M0123,2026-02-11T07:38:00
M0123,2026-02-13T11:19:00
M0123,2026-02-15T17:19:00
M0123,2026-02-18T06:32:00
M0123,2026-03-08T17:50:00
M0123,2026-03-11T09:07:00
M0123,2026-03-14T16:21:00
M0123,2026-03-25T06:10:00
M0123,2026-03-31T15:04:00
M0123,2026-04-09T19:01:00
M0123,2026-05-11T11:31:00
M0123,2026-05-25T12:17:00
M0123,2026-06-04T15:40:00
M0123,2026-07-17T18:58:00
M0123,2026-08-06T13:00:00
M0123,2026-08-09T06:00:00
M0123,2026-08-12T12:35:00
M0124,2026-03-06T12:52:00
M0124,2026-05-23T12:56:00
M0125,2026-02-25T15:27:00
M0125,2026-02-27T17:24:00
M0125,2026-05-01T08:29:00
M0125,2026-05-21T07:07:00
M0125,2026-06-13T15:41:00
M0125,2026-06-24T08:36:00
M0126,2025-11-22T14:10:00
M0126,2025-12-15T12:43:00
M0126,2026-02-28T12:19:00
M0126,2026-08-22T07:54:00
M0126,2026-08-23T15:18:00
M0127,2025-08-06T10:21:00
M0127,2025-08-07T17:14:00
M0127,2025-08-11T10:55:00
M0127,2025-08-14T17:16:00
M0127,2025-08-21T15:07:00
M0127,2025-08-25T07:50:00
M0127,2025-08-29T15:59:00
M0127,2025-08-30T15:15:00
M0127,2025-09-04T10:37:00
M0127,2025-09-05T10:14:00
M0127,2025-09-08T15:15:00
M0127,2025-09-08T17:54:00
M0127,2025-09-12T10:01:00
M0127,2025-09-13T18:43:00
M0127,2025-09-13T20:17:00
M0127,2025-09-15T16:44:00
M0127,2025-09-17T06:37:00
M0127,2025-09-20T08:09:00
M0127,2025-09-24T15:46:00
M0127,2025-09-25T14:26:00
M0127,2025-09-26T17:59:00
M0127,2025-10-01T15:42:00
M0127,2025-10-06T14:41:00
M0127,2025-10-11T19:59:00
M0127,2025-10-13T20:33:00
M0127,2025-10-15T07:00:00
M0127,2025-10-16T07:15:00
M0127,2025-10-20T15:28:00
M0127,2025-10-22T06:44:00
M0127,2025-10-22T07:55:00
M0127,2025-10-31T11:19:00
M0127,2025-10-31T18:02:00
M0127,2025-11-03T14:22:00
M0127,2025-11-05T10:40:00
M0127,2025-11-16T18:26:00
M0127,2025-11-20T11:30:00
M0127,2025-11-25T09:00:00
M0127,2025-11-25T10:17:00
M0127,2025-11-29T12:54:00
M0127,2025-12-01T15:08:00
M0127,2025-12-01T18:08:00
M0127,2025-12-02T08:46:00
M0127,2025-12-02T19:01:00
M0127,2025-12-03T20:47:00
M0127,2025-12-04T12:59:00
M0127,2025-12-06T09:36:00
M0127,2025-12-10T18:07:00
M0127,2025-12-15T11:06:00
M0127,2025-12-17T17:55:00
M0127,2025-12-19T09:21:00
M0127,2025-12-19T11:54:00
M0127,2025-12-19T19:22:00
M0127,2025-12-20T17:38:00
M0127,2025-12-30T14:27:00
M0127,2026-01-03T11:40:00
M0127,2026-01-04T19:30:00
M0127,2026-01-06T10:45:00
M0127,2026-01-08T14:19:00
M0127,2026-01-10T15:13:00
M0127,2026-01-12T07:59:00
M0127,2026-01-14T07:04:00
M0127,2026-01-14T10:44:00
M0127,2026-01-14T20:34:00
M0127,2026-01-15T12:24:00
M0127,2026-01-17T11:03:00
M0127,2026-01-21T09:53:00
M0127,2026-01-21T10:56:00
M0127,2026-01-23T08:59:00
M0127,2026-02-01T17:08:00
M0127,2026-02-03T19:15:00
M0127,2026-02-04T10:29:00
M0127,2026-02-12T08:16:00
M0127,2026-02-17T06:19:00
M0127,2026-02-18T16:28:00
M0127,2026-02-20T09:41:00
M0127,2026-02-22T15:26:00
M0127,2026-02-28T17:44:00
M0127,2026-03-06T18:52:00
M0127,2026-03-08T18:42:00
M0127,2026-03-10T14:50:00
M0127,2026-03-14T19:01:00
M0127,2026-03-22T11:45:00
M0127,2026-03-22T20:09:00
M0127,2026-03-24T08:56:00
M0127,2026-03-27T18:37:00
M0127,2026-03-28T19:17:00
M0127,2026-03-29T16:31:00
M0127,2026-03-30T16:05:00
M0127,2026-03-31T13:16:00
M0127,2026-04-01T06:19:00
M0127,2026-04-03T20:18:00
M0127,2026-04-07T08:14:00
M0127,2026-04-08T19:20:00
M0127,2026-04-15T08:52:00
M0127,2026-04-18T18:50:00
M0127,2026-04-20T11:03:00
M0127,2026-04-22T13:48:00
M0127,2026-04-23T17:55:00
M0127,2026-04-24T12:21:00
M0127,2026-04-25T15:17:00
M0127,2026-04-29T09:12:00
M0127,2026-04-29T14:09:00
M0127,2026-05-04T20:48:00
M0127,2026-05-09T18:14:00
M0127,2026-05-19T08:01:00
M0127,2026-05-20T06:14:00
M0127,2026-05-20T10:26:00
M0127,2026-05-20T11:25:00
M0127,2026-05-20T20:00:00
M0127,2026-05-22T13:04:00
M0127,2026-05-23T07:13:00
M0127,2026-05-31T17:07:00
M0127,2026-05-31T20:27:00
M0127,2026-06-08T06:28:00
M0127,2026-06-08T12:09:00
M0127,2026-06-08T13:23:00
M0127,2026-06-08T13:39:00
M0127,2026-06-20T11:48:00
M0127,2026-06-28T06:11:00
M0127,2026-06-29T11:15:00
M0127,2026-07-01T06:05:00
M0127,2026-07-02T16:23:00
M0127,2026-07-08T20:14:00
M0127,2026-07-19T15:35:00
M0127,2026-07-27T10:52:00
M0127,2026-07-31T08:15:00
M0127,2026-08-04T09:17:00
M0127,2026-08-05T06:08:00
M0127,2026-08-09T20:50:00
M0127,2026-08-11T18:37:00
M0127,2026-08-15T10:29:00
M0127,2026-08-19T10:03:00
M0127,2026-08-19T16:51:00
M0127,2026-08-20T06:28:00
M0127,2026-08-21T17:10:00
M0127,2026-08-21T20:53:00
M0127,2026-08-24T06:05:00
M0127,2026-08-24T17:51:00
M0127,2026-08-24T20:46:00
M0127,2026-08-27T16:56:00
M0127,2026-08-29T13:46:00
M0127,2026-08-31T07:53:00
M0127,2026-09-01T15:50:00
M0127,2026-09-04T16:40:00
M0127,2026-09-06T13:20:00
M0127,2026-09-07T10:26:00
M0127,2026-09-07T15:59:00
M0127,2026-09-10T06:24:00
M0127,2026-09-10T16:34:00
M0128,2025-08-18T11:38:00
M0128,2025-09-14T18:37:00
M0128,2025-09-27T17:21:00
M0128,2025-11-12T12:48:00
M0128,2025-12-11T10:45:00
M0128,2026-01-20T20:32:00
M0128,2026-02-16T13:15:00
M0128,2026-02-20T17:09:00
M0128,2026-03-27T09:28:00
M0128,2026-04-09T18:04:00
M0128,2026-04-18T08:06:00
M0128,2026-04-20T07:05:00
M0128,2026-05-24T07:33:00
M0128,2026-05-27T14:02:00
M0128,2026-06-29T17:22:00
M0128,2026-07-24T14:26:00
M0129,2025-10-26T15:09:00
M0129,2025-10-31T16:59:00
M0129,2025-11-03T07:37:00
M0129,2025-11-05T15:16:00
M0129,2025-11-08T08:11:00
M0129,2025-11-09T20:31:00
M0129,2025-11-12T11:47:00
M0129,2025-11-13T11:11:00
M0129,2025-11-14T07:31:00
M0129,2025-11-15T11:54:00
M0129,2025-11-16T09:35:00
M0129,2025-11-17T08:09:00
M0129,2025-11-18T08:10:00
M0129,2025-11-18T17:16:00
M0129,2025-11-22T12:11:00
M0129,2025-11-22T17:34:00
M0129,2025-11-23T17:47:00
M0129,2025-11-24T10:19:00
M0129,2025-11-25T16:20:00
M0129,2025-11-25T19:12:00
M0129,2025-11-26T20:41:00
M0129,2025-11-27T18:16:00
M0129,2025-11-28T09:12:00
M0129,2025-11-29T10:29:00
M0129,2025-12-02T14:38:00
M0129,2025-12-02T20:57:00
M0129,2025-12-03T19:33:00
M0129,2025-12-03T20:21:00
M0129,2025-12-05T06:19:00
M0129,2025-12-06T18:10:00
M0129,2025-12-06T19:23:00
M0129,2025-12-10T16:24:00
M0129,2025-12-14T18:43:00
M0129,2025-12-15T07:39:00
M0129,2025-12-16T13:16:00
M0129,2025-12-17T17:57:00
M0129,2025-12-19T14:43:00
M0129,2025-12-19T19:20:00
M0129,2025-12-21T12:27:00
M0129,2025-12-21T20:38:00
M0129,2025-12-25T11:26:00
M0129,2025-12-25T16:13:00
M0129,2025-12-28T10:11:00
M0129,2025-12-30T11:50:00
M0129,2025-12-30T20:31:00
M0129,2026-01-03T12:05:00
M0129,2026-01-04T08:58:00
M0129,2026-01-05T15:09:00
M0129,2026-01-06T11:34:00
M0129,2026-01-10T07:20:00
M0129,2026-01-10T08:51:00
M0129,2026-01-11T15:18:00
M0129,2026-01-11T15:20:00
M0129,2026-01-12T18:42:00
M0129,2026-01-13T09:02:00
M0129,2026-01-14T08:01:00
M0129,2026-01-15T11:36:00
M0129,2026-01-15T15:25:00
M0129,2026-01-15T20:10:00
M0129,2026-01-16T20:49:00
M0129,2026-01-18T12:15:00
M0129,2026-01-20T08:52:00
M0129,2026-01-20T16:46:00
M0129,2026-01-23T08:41:00
M0129,2026-01-24T12:24:00
M0129,2026-01-28T17:18:00
M0129,2026-01-29T18:11:00
M0129,2026-01-31T11:42:00
M0129,2026-02-02T15:32:00
M0129,2026-02-07T06:17:00
M0129,2026-02-07T09:41:00
M0129,2026-02-07T16:42:00
M0129,2026-02-08T09:46:00
M0129,2026-02-11T11:06:00
M0129,2026-02-11T14:54:00
M0129,2026-02-11T18:54:00
M0129,2026-02-15T19:09:00
M0129,2026-02-20T08:04:00
M0129,2026-02-20T09:45:00
M0129,2026-02-20T16:05:00
M0129,2026-02-21T17:23:00
M0129,2026-02-21T19:11:00
M0129,2026-02-26T10:32:00
M0129,2026-02-26T20:56:00
M0129,2026-02-27T07:23:00
M0129,2026-02-28T18:37:00
M0129,2026-03-02T20:00:00
M0129,2026-03-03T14:26:00
M0129,2026-03-04T08:55:00
M0129,2026-03-04T13:25:00
M0129,2026-03-07T14:20:00
M0129,2026-03-09T14:34:00
M0129,2026-03-14T12:19:00
M0129,2026-03-21T06:50:00
M0129,2026-03-23T18:08:00
M0129,2026-03-24T08:36:00
M0129,2026-03-27T19:43:00
M0129,2026-03-31T13:40:00
M0129,2026-04-01T20:59:00
M0129,2026-04-06T18:47:00
M0129,2026-04-08T13:15:00
M0129,2026-04-10T11:33:00
M0129,2026-04-12T07:39:00
M0129,2026-04-12T10:42:00
M0129,2026-04-13T19:25:00
M0129,2026-04-14T16:25:00
M0129,2026-04-14T17:08:00
M0129,2026-04-16T07:38:00
M0129,2026-04-16T10:49:00
M0129,2026-04-19T07:12:00
M0129,2026-04-19T17:59:00
M0129,2026-04-21T18:09:00
M0129,2026-04-26T06:19:00
M0129,2026-04-27T08:39:00
M0129,2026-04-27T14:13:00
M0129,2026-04-30T07:02:00
M0129,2026-04-30T13:32:00
M0129,2026-05-01T07:18:00
M0129,2026-05-02T13:55:00
M0129,2026-05-06T13:09:00
M0129,2026-05-06T18:55:00
M0129,2026-05-07T19:07:00
M0129,2026-05-08T18:26:00
M0129,2026-05-09T09:56:00
M0129,2026-05-13T10:36:00
M0129,2026-05-13T15:38:00
M0129,2026-05-14T08:32:00
M0129,2026-05-14T09:07:00
M0129,2026-05-14T14:01:00
M0129,2026-05-14T14:06:00
M0129,2026-05-16T17:44:00
M0129,2026-05-19T12:26:00
M0129,2026-05-21T08:45:00
M0129,2026-05-23T06:00:00
M0129,2026-05-25T20:12:00
M0129,2026-05-28T08:34:00
M0129,2026-05-30T06:20:00
M0129,2026-05-30T20:22:00
M0129,2026-05-31T14:45:00
M0129,2026-05-31T20:33:00
M0129,2026-06-01T09:34:00
M0129,2026-06-02T09:55:00
M0129,2026-06-03T17:10:00
M0129,2026-06-04T06:20:00
M0129,2026-06-05T08:17:00
M0129,2026-06-09T19:51:00
M0129,2026-06-10T08:42:00
M0129,2026-06-12T15:49:00
M0129,2026-06-16T12:34:00
M0129,2026-06-16T20:15:00
M0129,2026-06-17T06:03:00
M0129,2026-06-18T12:10:00
M0129,2026-06-19T13:48:00
M0129,2026-06-21T20:55:00
M0129,2026-06-23T16:50:00
M0129,2026-06-24T15:57:00
M0129,2026-06-26T09:11:00
M0129,2026-06-26T14:56:00
M0129,2026-06-28T09:52:00
M0129,2026-06-28T12:35:00
M0129,2026-06-29T16:07:00
M0129,2026-06-29T18:06:00
M0129,2026-06-30T12:57:00
M0129,2026-06-30T13:06:00
M0129,2026-07-02T07:32:00
M0129,2026-07-02T14:58:00
M0129,2026-07-03T12:11:00
M0129,2026-07-03T18:52:00
M0129,2026-07-04T07:12:00
M0129,2026-07-05T07:43:00
M0129,2026-07-05T16:32:00
M0129,2026-07-05T17:38:00
M0129,2026-07-10T08:12:00
M0129,2026-07-11T14:30:00
M0129,2026-07-12T13:47:00
M0129,2026-07-13T17:48:00
M0129,2026-07-14T20:30:00
M0129,2026-07-15T17:54:00
M0129,2026-07-15T19:32:00
M0129,2026-07-16T09:22:00
M0129,2026-07-16T17:01:00
M0129,2026-07-18T15:08:00
M0129,2026-07-19T06:40:00
M0129,2026-07-20T09:49:00
M0129,2026-07-20T19:37:00
M0129,2026-07-21T12:06:00
M0129,2026-07-21T15:28:00
M0129,2026-07-22T14:06:00
M0129,2026-07-23T06:27:00
M0129,2026-07-24T16:46:00
M0129,2026-07-24T16:52:00
M0129,2026-07-28T07:29:00
M0129,2026-07-29T17:07:00
M0129,2026-08-03T15:26:00
M0129,2026-08-09T17:25:00
M0129,2026-08-11T11:44:00
M0129,2026-08-12T19:34:00
M0129,2026-08-13T09:34:00
M0129,2026-08-13T10:22:00
M0129,2026-08-13T13:11:00
M0129,2026-08-13T16:01:00
M0129,2026-08-13T19:46:00
M0129,2026-08-18T18:10:00
M0129,2026-08-19T19:06:00
M0129,2026-08-19T19:22:00
M0129,2026-08-21T12:34:00
M0129,2026-08-23T10:39:00
M0129,2026-08-23T11:28:00
M0129,2026-08-26T15:36:00
M0129,2026-08-30T11:20:00
M0129,2026-08-30T15:17:00
M0129,2026-09-03T12:40:00
M0129,2026-09-06T15:55:00
M0129,2026-09-08T17:19:00
M0129,2026-09-09T06:28:00
M0129,2026-09-10T06:48:00
M0130,2026-03-13T15:25:00
M0130,2026-03-19T06:35:00
M0130,2026-06-22T14:50:00
M0130,2026-08-28T13:19:00
M0131,2025-04-13T18:38:00
M0131,2025-04-21T07:26:00
M0131,2025-04-25T14:54:00
M0131,2025-04-29T09:18:00
M0131,2025-05-09T13:33:00
M0131,2025-05-15T11:13:00
M0131,2025-06-24T17:37:00
M0131,2025-07-30T18:34:00
M0131,2025-08-30T12:18:00
M0131,2025-10-24T15:34:00
M0131,2025-10-25T10:18:00
M0131,2025-11-10T06:50:00
M0131,2025-11-26T08:42:00
M0131,2025-12-25T14:51:00
M0131,2026-01-06T20:00:00
M0131,2026-02-02T08:07:00
M0131,2026-02-20T20:02:00
M0131,2026-03-01T12:08:00
M0131,2026-04-14T06:25:00
M0131,2026-04-28T10:35:00
M0131,2026-05-06T20:03:00
M0131,2026-05-16T19:34:00
M0131,2026-05-24T10:34:00
M0131,2026-06-26T10:22:00
M0131,2026-07-01T07:49:00
M0131,2026-08-16T06:35:00
M0132,2026-01-29T15:47:00
M0132,2026-02-11T10:53:00
M0132,2026-02-21T17:06:00
M0132,2026-04-09T11:26:00
M0132,2026-04-25T09:00:00
M0132,2026-07-13T20:28:00
M0132,2026-08-08T11:58:00
M0132,2026-08-23T06:00:00
M0133,2026-04-23T20:22:00
M0133,2026-04-26T10:06:00
M0133,2026-05-04T10:49:00
M0133,2026-05-11T09:52:00
M0133,2026-05-17T14:42:00
M0133,2026-06-07T13:36:00
M0133,2026-06-10T20:18:00
M0133,2026-06-11T14:48:00
M0133,2026-06-14T20:46:00
M0133,2026-07-02T16:07:00
M0133,2026-07-06T13:10:00
M0133,2026-07-26T20:41:00
M0133,2026-07-30T16:48:00
M0133,2026-07-31T12:23:00
M0133,2026-08-05T06:01:00
M0133,2026-08-18T07:03:00
M0133,2026-08-21T10:58:00
M0133,2026-08-27T12:30:00
M0133,2026-08-28T15:38:00
M0133,2026-08-29T10:16:00
M0134,2025-04-22T07:20:00
M0134,2025-04-22T18:49:00
M0134,2025-04-23T15:38:00
M0134,2025-05-01T19:30:00
M0134,2025-05-06T11:59:00
M0134,2025-05-06T19:11:00
M0134,2025-05-08T18:11:00
M0134,2025-05-12T15:00:00
M0134,2025-05-14T09:13:00
M0134,2025-05-24T16:42:00
M0134,2025-05-26T10:31:00
M0134,2025-05-28T13:50:00
M0134,2025-05-28T13:57:00
M0134,2025-06-03T15:27:00
M0134,2025-06-04T08:06:00
M0134,2025-06-04T11:38:00
M0134,2025-06-04T16:50:00
M0134,2025-06-05T10:34:00
M0134,2025-06-15T19:52:00
M0134,2025-06-17T14:14:00
M0134,2025-06-18T06:31:00
M0134,2025-06-22T07:08:00
M0134,2025-06-23T06:47:00
M0134,2025-06-24T17:53:00
M0134,2025-06-25T09:06:00
M0134,2025-06-25T11:46:00
M0134,2025-06-29T20:38:00
M0134,2025-07-01T12:08:00
M0134,2025-07-01T20:49:00
M0134,2025-07-05T08:05:00
M0134,2025-07-05T18:30:00
M0134,2025-07-06T07:59:00
M0134,2025-07-10T13:10:00
M0134,2025-07-12T08:40:00
M0134,2025-07-16T14:20:00
M0134,2025-07-17T18:17:00
M0134,2025-07-18T16:34:00
M0134,2025-07-19T09:39:00
M0134,2025-07-19T16:20:00
M0134,2025-07-22T15:42:00
M0134,2025-07-25T11:10:00
M0134,2025-07-28T12:07:00
M0134,2025-07-30T08:43:00
M0134,2025-08-02T19:20:00
M0134,2025-08-03T11:08:00
M0134,2025-08-06T15:05:00
M0134,2025-08-07T07:03:00
M0134,2025-08-08T11:31:00
M0134,2025-08-11T11:19:00
M0134,2025-08-13T13:14:00
M0134,2025-08-13T20:03:00
M0134,2025-08-14T13:19:00
M0134,2025-08-15T07:16:00
M0134,2025-08-15T19:40:00
M0134,2025-08-17T11:40:00
M0134,2025-08-19T10:28:00
M0134,2025-08-19T11:49:00
M0134,2025-08-24T14:46:00
M0134,2025-08-25T11:37:00
M0134,2025-08-27T07:53:00
M0134,2025-08-27T17:51:00
M0134,2025-08-29T13:12:00
M0134,2025-08-30T19:46:00
M0134,2025-08-31T19:29:00
M0134,2025-09-02T09:07:00
M0134,2025-09-03T09:31:00
M0134,2025-09-03T10:54:00
M0134,2025-09-05T09:02:00
M0134,2025-09-05T14:01:00
M0134,2025-09-08T17:12:00
M0134,2025-09-08T19:50:00
M0134,2025-09-09T12:59:00
M0134,2025-09-09T19:41:00
M0134,2025-09-12T09:26:00
M0134,2025-09-12T20:38:00
M0134,2025-09-15T14:30:00
M0134,2025-09-16T18:58:00
M0134,2025-09-19T07:22:00
M0134,2025-09-19T13:12:00
M0134,2025-09-19T14:56:00
M0134,2025-09-21T08:30:00
M0134,2025-09-22T10:52:00
M0134,2025-09-24T08:07:00
M0134,2025-09-24T16:04:00
M0134,2025-09-26T12:11:00
M0134,2025-10-01T17:14:00
M0134,2025-10-02T11:53:00
M0134,2025-10-02T17:19:00
M0134,2025-10-04T09:59:00
M0134,2025-10-09T18:51:00
M0134,2025-10-12T14:03:00
M0134,2025-10-13T14:36:00
M0134,2025-10-13T17:30:00
M0134,2025-10-14T10:17:00
M0134,2025-10-14T15:51:00
M0134,2025-10-16T16:30:00
M0134,2025-10-16T17:24:00
M0134,2025-10-19T07:22:00
M0134,2025-10-19T12:31:00
M0134,2025-10-20T10:14:00
M0134,2025-10-23T15:59:00
M0134,2025-10-28T19:25:00
M0134,2025-11-04T15:38:00
M0134,2025-11-06T16:50:00
M0134,2025-11-07T10:56:00
M0134,2025-11-12T06:39:00
M0134,2025-11-13T10:57:00
M0134,2025-11-14T15:37:00
M0134,2025-11-17T07:03:00
M0134,2025-11-21T15:35:00
M0134,2025-11-23T06:44:00
M0134,2025-11-26T13:14:00
M0134,2025-11-28T06:34:00
M0134,2025-12-02T07:45:00
M0134,2025-12-02T19:59:00
M0134,2025-12-06T17:21:00
M0134,2025-12-08T14:38:00
M0134,2025-12-09T16:18:00
M0134,2025-12-10T20:18:00
M0134,2025-12-11T16:33:00
M0134,2025-12-18T10:47:00
M0134,2025-12-26T18:33:00
M0134,2025-12-31T15:48:00
M0134,2026-01-03T13:37:00
M0134,2026-01-04T16:39:00
M0134,2026-01-07T13:10:00
M0134,2026-01-07T19:49:00
M0134,2026-01-08T11:40:00
M0134,2026-01-09T20:56:00
M0134,2026-01-16T17:07:00
M0134,2026-01-17T15:22:00
M0134,2026-01-18T14:08:00
M0134,2026-01-27T08:04:00
M0134,2026-01-29T17:34:00
M0134,2026-01-29T17:37:00
M0134,2026-01-30T16:57:00
M0134,2026-01-31T19:40:00
M0134,2026-02-01T07:52:00
M0134,2026-02-01T15:03:00
M0134,2026-02-03T10:33:00
M0134,2026-02-04T18:37:00
M0134,2026-02-05T06:59:00
M0134,2026-02-05T20:05:00
M0134,2026-02-06T09:40:00
M0134,2026-02-06T20:55:00
M0134,2026-02-18T20:21:00
M0134,2026-02-20T10:58:00
M0134,2026-02-22T07:50:00
M0134,2026-02-24T12:31:00
M0134,2026-02-25T18:59:00
M0134,2026-03-02T07:11:00
M0134,2026-03-06T12:33:00
M0134,2026-03-07T09:40:00
M0134,2026-03-08T19:10:00
M0134,2026-03-09T09:33:00
M0134,2026-03-12T19:34:00
M0134,2026-03-13T11:48:00
M0134,2026-03-16T18:05:00
M0134,2026-03-19T19:34:00
M0134,2026-03-20T09:39:00
M0134,2026-03-23T10:58:00
M0134,2026-03-25T15:00:00
M0134,2026-03-29T06:47:00
M0134,2026-03-31T19:06:00
M0134,2026-04-03T16:54:00
M0134,2026-04-05T15:42:00
M0134,2026-04-05T19:46:00
M0134,2026-04-06T11:20:00
M0134,2026-04-07T14:55:00
M0134,2026-04-09T13:36:00
M0134,2026-04-09T20:27:00
M0134,2026-04-13T16:53:00
M0134,2026-04-17T09:14:00
M0134,2026-04-19T18:23:00
M0134,2026-04-24T14:48:00
M0134,2026-04-25T11:47:00
M0134,2026-04-27T18:46:00
M0134,2026-04-29T09:08:00
M0134,2026-04-30T17:00:00
M0134,2026-05-02T12:01:00
M0134,2026-05-03T19:42:00
M0134,2026-05-04T09:54:00
M0134,2026-05-04T15:15:00
M0134,2026-05-08T08:54:00
M0134,2026-05-09T17:07:00
M0134,2026-05-10T15:05:00
M0134,2026-05-12T16:55:00
M0134,2026-05-13T11:07:00
M0134,2026-05-15T13:19:00
M0134,2026-05-19T17:27:00
M0134,2026-05-25T15:03:00
M0134,2026-05-25T19:32:00
M0134,2026-05-30T07:02:00
M0134,2026-05-30T14:20:00
M0134,2026-05-31T14:51:00
M0134,2026-06-02T10:13:00
M0134,2026-06-03T11:03:00
M0134,2026-06-03T20:44:00
M0134,2026-06-04T07:57:00
M0134,2026-06-06T13:13:00
M0134,2026-06-11T09:24:00
M0134,2026-06-14T18:33:00
M0134,2026-06-18T07:13:00
M0134,2026-06-20T11:32:00
M0134,2026-06-20T15:25:00
M0134,2026-06-21T12:08:00
M0134,2026-06-24T09:51:00
M0134,2026-06-26T09:13:00
M0134,2026-06-29T16:21:00
M0134,2026-07-03T06:45:00
M0134,2026-07-03T11:55:00
M0134,2026-07-06T11:40:00
M0134,2026-07-07T07:41:00
M0134,2026-07-08T13:42:00
M0134,2026-07-12T19:27:00
M0134,2026-07-14T11:22:00
M0134,2026-07-15T19:24:00
M0134,2026-07-17T13:36:00
M0134,2026-07-19T12:15:00
M0134,2026-07-20T12:18:00
M0134,2026-07-21T12:43:00
M0134,2026-07-24T06:42:00
M0134,2026-07-26T20:07:00
M0134,2026-07-28T13:31:00
M0134,2026-07-28T19:32:00
M0134,2026-08-11T13:01:00
M0134,2026-08-14T12:49:00
M0134,2026-08-16T08:34:00
M0134,2026-08-17T11:58:00
M0134,2026-08-22T12:26:00
M0134,2026-08-24T19:45:00
M0134,2026-08-25T10:11:00
M0134,2026-08-28T07:24:00
M0134,2026-08-30T10:16:00
M0134,2026-09-05T12:04:00
M0134,2026-09-07T20:06:00
M0134,2026-09-09T16:57:00
M0134,2026-09-11T17:29:00
M0135,2025-11-17T09:42:00
M0135,2025-11-18T13:13:00
M0135,2025-11-21T14:00:00
M0135,2025-12-01T10:09:00
M0135,2025-12-01T10:40:00
M0135,2025-12-03T16:17:00
M0135,2025-12-04T08:59:00
M0135,2025-12-04T12:13:00
M0135,2025-12-07T14:55:00
M0135,2025-12-11T07:33:00
M0135,2025-12-12T11:50:00
M0135,2025-12-14T15:14:00
M0135,2025-12-16T20:01:00
M0135,2025-12-19T12:36:00
M0135,2025-12-25T12:16:00
M0135,2025-12-28T06:26:00
M0135,2026-01-03T18:55:00
M0135,2026-01-03T19:38:00
M0135,2026-01-05T15:11:00
M0135,2026-01-06T14:34:00
M0135,2026-01-10T17:58:00
M0135,2026-01-11T19:17:00
M0135,2026-01-14T18:22:00
M0135,2026-01-16T14:29:00
M0135,2026-01-18T10:55:00
M0135,2026-01-19T13:17:00
M0135,2026-01-19T19:45:00
M0135,2026-01-20T19:31:00
M0135,2026-01-20T19:53:00
M0135,2026-01-24T20:29:00
M0135,2026-01-25T11:34:00
M0135,2026-01-27T06:41:00
M0135,2026-01-29T18:35:00
M0135,2026-01-30T07:50:00
M0135,2026-02-02T18:24:00
M0135,2026-02-04T18:46:00
M0135,2026-02-08T19:02:00
M0135,2026-02-08T19:52:00
M0135,2026-02-10T10:13:00
M0135,2026-02-20T13:13:00
M0135,2026-02-20T14:48:00
M0135,2026-02-20T20:04:00
M0135,2026-02-24T09:25:00
M0135,2026-02-27T09:46:00
M0135,2026-02-27T13:28:00
M0135,2026-02-28T17:22:00
M0135,2026-03-04T07:14:00
M0135,2026-03-04T18:30:00
M0135,2026-03-05T06:53:00
M0135,2026-03-09T11:12:00
M0135,2026-03-09T15:58:00
M0135,2026-03-14T06:38:00
M0135,2026-03-20T19:40:00
M0135,2026-03-24T14:08:00
M0135,2026-03-26T08:22:00
M0135,2026-03-29T12:01:00
M0135,2026-03-30T16:54:00
M0135,2026-03-30T20:16:00
M0135,2026-03-31T19:55:00
M0135,2026-04-01T18:10:00
M0135,2026-04-07T20:05:00
M0135,2026-04-08T18:17:00
M0135,2026-04-09T08:00:00
M0135,2026-04-10T06:46:00
M0135,2026-04-11T11:28:00
M0135,2026-04-13T06:03:00
M0135,2026-04-15T11:49:00
M0135,2026-04-17T09:10:00
M0135,2026-04-18T10:06:00
M0135,2026-04-18T15:53:00
M0135,2026-04-18T17:31:00
M0135,2026-04-21T18:17:00
M0135,2026-04-21T19:35:00
M0135,2026-04-24T10:06:00
M0135,2026-04-24T13:45:00
M0135,2026-04-25T07:03:00
M0135,2026-04-25T20:09:00
M0135,2026-05-01T13:01:00
M0135,2026-05-01T13:09:00
M0135,2026-05-01T17:47:00
M0135,2026-05-09T12:16:00
M0135,2026-05-14T09:11:00
M0135,2026-05-17T20:36:00
M0135,2026-05-19T11:05:00
M0135,2026-05-20T06:16:00
M0135,2026-05-21T19:19:00
M0135,2026-05-24T08:11:00
M0135,2026-05-24T20:44:00
M0135,2026-05-25T14:53:00
M0135,2026-05-26T12:06:00
M0135,2026-05-30T16:13:00
M0135,2026-06-02T10:24:00
M0135,2026-06-05T06:02:00
M0135,2026-06-05T12:06:00
M0135,2026-06-06T12:13:00
M0135,2026-06-08T13:00:00
M0135,2026-06-09T06:59:00
M0135,2026-06-09T14:25:00
M0135,2026-06-09T18:02:00
M0135,2026-06-11T17:41:00
M0135,2026-06-15T15:21:00
M0135,2026-06-18T17:08:00
M0135,2026-06-18T20:51:00
M0135,2026-06-21T18:15:00
M0135,2026-06-22T15:23:00
M0135,2026-06-23T12:34:00
M0135,2026-06-26T06:00:00
M0135,2026-07-01T13:30:00
M0135,2026-07-03T11:01:00
M0135,2026-07-06T07:31:00
M0135,2026-07-06T18:29:00
M0135,2026-07-07T08:21:00
M0135,2026-07-07T15:29:00
M0135,2026-07-12T15:00:00
M0135,2026-07-13T09:48:00
M0135,2026-07-20T07:13:00
M0135,2026-07-23T08:10:00
M0135,2026-07-26T06:41:00
M0135,2026-07-27T16:24:00
M0135,2026-07-31T06:47:00
M0135,2026-07-31T13:56:00
M0135,2026-07-31T19:24:00
M0135,2026-08-03T06:51:00
M0135,2026-08-06T08:11:00
M0135,2026-08-09T10:20:00
M0135,2026-08-09T10:47:00
M0135,2026-08-09T20:45:00
M0135,2026-08-13T18:07:00
M0135,2026-08-17T13:16:00
M0135,2026-08-17T13:53:00
M0135,2026-08-18T14:51:00
M0135,2026-08-20T07:36:00
M0135,2026-08-24T08:52:00
M0135,2026-08-25T07:41:00
M0135,2026-08-25T08:23:00
M0135,2026-08-25T18:19:00
M0135,2026-08-26T08:13:00
M0135,2026-08-26T09:26:00
M0135,2026-08-26T19:50:00
M0135,2026-08-27T06:09:00
M0135,2026-08-31T08:46:00
M0135,2026-09-04T10:48:00
M0135,2026-09-05T17:01:00
M0135,2026-09-08T12:39:00
M0135,2026-09-11T10:19:00
M0136,2026-01-08T06:43:00
M0136,2026-01-09T13:38:00
M0136,2026-01-10T10:46:00
M0136,2026-01-12T10:22:00
M0136,2026-01-17T17:22:00
M0136,2026-01-22T14:22:00
M0136,2026-01-25T12:02:00
M0136,2026-01-26T07:06:00
M0136,2026-01-29T16:07:00
M0136,2026-02-03T20:34:00
M0136,2026-02-19T20:53:00
M0136,2026-02-22T08:51:00
M0136,2026-02-25T14:56:00
M0136,2026-03-04T18:44:00
M0136,2026-03-10T17:38:00
M0136,2026-03-14T14:56:00
M0136,2026-03-25T10:30:00
M0136,2026-04-02T12:50:00
M0136,2026-04-02T16:26:00
M0136,2026-04-06T09:29:00
M0136,2026-04-08T06:58:00
M0136,2026-04-12T14:33:00
M0136,2026-04-14T10:29:00
M0136,2026-04-19T15:07:00
M0136,2026-04-21T06:32:00
M0136,2026-04-24T09:28:00
M0136,2026-04-25T16:35:00
M0136,2026-04-28T15:54:00
M0136,2026-04-30T06:31:00
M0136,2026-04-30T08:05:00
M0136,2026-05-03T12:36:00
M0136,2026-05-06T10:02:00
M0136,2026-05-08T17:48:00
M0136,2026-05-13T15:46:00
M0136,2026-05-14T20:52:00
M0136,2026-05-16T20:12:00
M0136,2026-05-18T10:34:00
M0136,2026-05-18T18:20:00
M0136,2026-05-19T14:27:00
M0136,2026-05-22T08:53:00
M0136,2026-05-25T15:33:00
M0136,2026-05-26T13:02:00
M0136,2026-05-28T08:07:00
M0136,2026-06-10T11:17:00
M0136,2026-06-15T07:10:00
M0136,2026-06-15T17:46:00
M0136,2026-06-17T08:09:00
M0136,2026-06-17T16:47:00
M0136,2026-06-19T19:00:00
M0136,2026-06-21T20:13:00
M0136,2026-06-22T19:00:00
M0136,2026-06-23T20:21:00
M0136,2026-06-27T09:00:00
M0136,2026-06-28T06:01:00
M0136,2026-06-29T18:18:00
M0136,2026-07-02T14:24:00
M0136,2026-07-05T14:33:00
M0136,2026-07-05T15:00:00
M0136,2026-07-08T09:37:00
M0136,2026-07-10T17:25:00
M0136,2026-07-16T18:49:00
M0136,2026-07-21T07:25:00
M0136,2026-07-23T07:07:00
M0136,2026-07-25T06:01:00
M0136,2026-08-06T19:54:00
M0136,2026-08-09T12:36:00
M0136,2026-08-10T19:15:00
M0136,2026-08-15T17:40:00
M0136,2026-08-17T16:31:00
M0136,2026-08-17T20:29:00
M0136,2026-08-21T19:37:00
M0136,2026-08-28T14:49:00
M0136,2026-08-30T12:00:00
M0136,2026-09-01T10:34:00
M0136,2026-09-03T17:29:00
M0136,2026-09-03T18:46:00
M0136,2026-09-04T17:39:00
M0136,2026-09-06T06:58:00
M0136,2026-09-09T09:02:00
M0136,2026-09-09T13:16:00
M0136,2026-09-10T14:17:00
M0136,2026-09-10T19:53:00
M0137,2025-06-13T20:05:00
M0137,2025-06-18T07:42:00
M0137,2025-06-18T08:01:00
M0137,2025-06-18T14:09:00
M0137,2025-06-18T17:16:00
M0137,2025-06-20T14:41:00
M0137,2025-06-22T15:51:00
M0137,2025-06-24T16:16:00
M0137,2025-06-29T19:42:00
M0137,2025-06-30T07:23:00
M0137,2025-07-01T10:26:00
M0137,2025-07-01T11:48:00
M0137,2025-07-09T12:36:00
M0137,2025-07-10T06:28:00
M0137,2025-07-11T15:16:00
M0137,2025-07-16T15:56:00
M0137,2025-07-19T10:55:00
M0137,2025-07-22T17:03:00
M0137,2025-07-24T12:28:00
M0137,2025-07-28T06:35:00
M0137,2025-08-05T10:56:00
M0137,2025-08-09T17:01:00
M0137,2025-08-17T08:45:00
M0137,2025-08-17T14:58:00
M0137,2025-08-18T17:32:00
M0137,2025-08-26T20:08:00
M0137,2025-08-30T09:32:00
M0137,2025-09-01T13:16:00
M0137,2025-09-02T06:33:00
M0137,2025-09-02T13:14:00
M0137,2025-09-02T20:25:00
M0137,2025-09-03T14:56:00
M0137,2025-09-04T15:59:00
M0137,2025-09-06T11:57:00
M0137,2025-09-07T10:00:00
M0137,2025-09-08T06:18:00
M0137,2025-09-09T11:29:00
M0137,2025-09-10T08:59:00
M0137,2025-09-13T09:26:00
M0137,2025-09-14T20:22:00
M0137,2025-09-15T08:39:00
M0137,2025-09-15T18:35:00
M0137,2025-09-16T14:44:00
M0137,2025-09-22T16:11:00
M0137,2025-09-22T16:26:00
M0137,2025-09-24T07:35:00
M0137,2025-09-24T15:01:00
M0137,2025-09-24T16:55:00
M0137,2025-09-28T16:20:00
M0137,2025-09-29T06:29:00
M0137,2025-10-02T07:56:00
M0137,2025-10-06T08:35:00
M0137,2025-10-06T10:27:00
M0137,2025-10-07T14:09:00
M0137,2025-10-09T06:03:00
M0137,2025-10-10T08:14:00
M0137,2025-10-13T17:56:00
M0137,2025-10-16T07:01:00
M0137,2025-10-18T20:11:00
M0137,2025-10-21T20:08:00
M0137,2025-10-24T17:59:00
M0137,2025-10-27T16:57:00
M0137,2025-10-29T06:31:00
M0137,2025-10-29T07:08:00
M0137,2025-10-29T14:45:00
M0137,2025-11-01T12:04:00
M0137,2025-11-01T12:27:00
M0137,2025-11-02T11:14:00
M0137,2025-11-05T10:24:00
M0137,2025-11-08T20:48:00
M0137,2025-11-09T18:57:00
M0137,2025-11-11T13:26:00
M0137,2025-11-12T16:11:00
M0137,2025-11-15T06:56:00
M0137,2025-11-17T07:39:00
M0137,2025-11-17T11:15:00
M0137,2025-11-17T11:31:00
M0137,2025-11-18T19:40:00
M0137,2025-11-19T12:52:00
M0137,2025-11-29T09:46:00
M0137,2025-11-29T17:51:00
M0137,2025-12-02T10:15:00
M0137,2025-12-03T13:54:00
M0137,2025-12-08T13:26:00
M0137,2025-12-10T14:26:00
M0137,2025-12-17T18:06:00
M0137,2025-12-19T08:10:00
M0137,2025-12-20T16:08:00
M0137,2025-12-21T13:42:00
M0137,2025-12-22T14:25:00
M0137,2025-12-23T12:28:00
M0137,2025-12-24T20:44:00
M0137,2025-12-28T08:17:00
M0137,2025-12-28T12:09:00
M0137,2025-12-28T12:45:00
M0137,2025-12-28T12:59:00
M0137,2025-12-29T20:39:00
M0137,2026-01-01T20:26:00
M0137,2026-01-04T14:28:00
M0137,2026-01-06T15:03:00
M0137,2026-01-07T13:29:00
M0137,2026-01-07T18:39:00
M0137,2026-01-09T19:54:00
M0137,2026-01-11T07:42:00
M0137,2026-01-17T09:23:00
M0137,2026-01-19T06:26:00
M0137,2026-01-19T18:32:00
M0137,2026-01-21T14:36:00
M0137,2026-01-27T09:20:00
M0137,2026-01-29T10:09:00
M0137,2026-02-03T10:03:00
M0137,2026-02-04T17:26:00
M0137,2026-02-06T08:07:00
M0137,2026-02-07T18:24:00
M0137,2026-02-08T10:51:00
M0137,2026-02-10T07:21:00
M0137,2026-02-15T10:38:00
M0137,2026-02-15T16:27:00
M0137,2026-02-17T11:16:00
M0137,2026-02-20T18:11:00
M0137,2026-02-21T18:22:00
M0137,2026-02-23T12:42:00
M0137,2026-02-25T16:52:00
M0137,2026-02-28T10:51:00
M0137,2026-03-02T16:45:00
M0137,2026-03-02T18:07:00
M0137,2026-03-06T13:49:00
M0137,2026-03-10T14:35:00
M0137,2026-03-16T14:09:00
M0137,2026-03-19T09:00:00
M0137,2026-03-22T16:27:00
M0137,2026-03-24T10:14:00
M0137,2026-03-25T16:37:00
M0137,2026-04-05T08:46:00
M0137,2026-04-05T10:32:00
M0137,2026-04-05T19:32:00
M0137,2026-04-06T14:33:00
M0137,2026-04-08T15:51:00
M0137,2026-04-16T12:16:00
M0137,2026-04-16T14:01:00
M0137,2026-04-19T18:01:00
M0137,2026-04-21T07:10:00
M0137,2026-04-22T09:42:00
M0137,2026-04-22T19:06:00
M0137,2026-04-26T07:02:00
M0137,2026-04-26T20:23:00
M0137,2026-04-28T19:01:00
M0137,2026-05-02T10:05:00
M0137,2026-05-03T17:11:00
M0137,2026-05-04T10:39:00
M0137,2026-05-04T17:25:00
M0137,2026-05-04T19:15:00
M0137,2026-05-09T14:27:00
M0137,2026-05-14T08:06:00
M0137,2026-05-23T17:41:00
M0137,2026-05-24T14:24:00
M0137,2026-05-25T06:12:00
M0137,2026-05-26T06:44:00
M0137,2026-05-26T07:38:00
M0137,2026-06-01T07:05:00
M0137,2026-06-01T09:19:00
M0137,2026-06-04T14:52:00
M0137,2026-06-05T15:38:00
M0137,2026-06-07T10:02:00
M0137,2026-06-09T07:48:00
M0137,2026-06-11T19:07:00
M0137,2026-06-13T13:47:00
M0137,2026-06-15T15:52:00
M0137,2026-06-18T18:41:00
M0137,2026-06-19T12:02:00
M0137,2026-06-21T17:06:00
M0137,2026-06-23T18:22:00
M0137,2026-06-27T17:39:00
M0137,2026-06-27T18:24:00
M0137,2026-06-28T06:46:00
M0137,2026-07-03T10:06:00
M0137,2026-07-03T16:18:00
M0137,2026-07-05T14:21:00
M0137,2026-07-05T16:29:00
M0137,2026-07-06T09:28:00
M0137,2026-07-06T16:07:00
M0137,2026-07-08T09:21:00
M0137,2026-07-12T11:58:00
M0137,2026-07-13T06:30:00
M0137,2026-07-14T14:33:00
M0137,2026-07-17T08:45:00
M0137,2026-07-20T13:08:00
M0137,2026-07-23T14:47:00
M0137,2026-07-25T19:53:00
M0137,2026-08-02T06:45:00
M0137,2026-08-02T13:38:00
M0137,2026-08-03T14:44:00
M0137,2026-08-04T13:07:00
M0137,2026-08-06T07:27:00
M0137,2026-08-11T08:57:00
M0137,2026-08-11T16:38:00
M0137,2026-08-14T07:49:00
M0137,2026-08-14T13:53:00
M0137,2026-08-16T15:40:00
M0137,2026-08-17T13:56:00
M0137,2026-08-19T19:14:00
M0137,2026-08-20T10:30:00
M0137,2026-08-20T14:55:00
M0137,2026-08-20T18:07:00
M0137,2026-08-21T09:31:00
M0137,2026-08-24T08:51:00
M0137,2026-08-24T20:57:00
M0137,2026-08-26T14:00:00
M0137,2026-08-28T11:50:00
M0137,2026-08-29T17:45:00
M0137,2026-09-01T16:16:00
M0137,2026-09-02T13:55:00
M0137,2026-09-04T06:00:00
M0137,2026-09-05T19:18:00
M0137,2026-09-08T09:56:00
M0137,2026-09-08T18:49:00
M0138,2025-10-04T11:54:00
M0138,2025-11-14T10:25:00
M0138,2025-11-23T13:01:00
M0138,2026-01-02T18:28:00
M0138,2026-03-01T16:22:00
M0138,2026-05-05T12:39:00
M0138,2026-07-02T17:47:00
M0138,2026-07-04T19:58:00
M0138,2026-07-05T07:15:00
M0138,2026-07-08T07:20:00
M0138,2026-07-28T17:07:00
M0139,2025-10-25T08:18:00
M0139,2025-10-25T10:57:00
M0139,2025-10-31T17:07:00
M0139,2025-11-01T09:44:00
M0139,2025-11-03T15:08:00
M0139,2025-11-06T14:55:00
M0139,2025-11-11T14:04:00
M0139,2025-11-11T14:54:00
M0139,2025-11-17T06:00:00
M0139,2025-11-18T20:06:00
M0139,2025-12-05T12:38:00
M0139,2025-12-20T18:04:00
M0139,2025-12-27T06:20:00
M0139,2025-12-27T09:02:00
M0139,2025-12-29T07:23:00
M0139,2026-01-04T12:30:00
M0139,2026-01-16T11:48:00
M0139,2026-01-17T17:35:00
M0139,2026-01-21T17:18:00
M0139,2026-01-21T17:50:00
M0139,2026-01-26T09:42:00
M0139,2026-01-31T20:39:00
M0139,2026-02-14T11:14:00
M0139,2026-02-15T06:20:00
M0139,2026-02-17T14:05:00
M0139,2026-02-22T19:07:00
M0139,2026-02-25T12:16:00
M0139,2026-02-28T10:58:00
M0139,2026-03-07T08:31:00
M0139,2026-03-12T18:27:00
M0139,2026-03-12T19:51:00
M0139,2026-03-14T07:20:00
M0139,2026-03-17T11:47:00
M0139,2026-03-18T09:35:00
M0139,2026-03-29T08:34:00
M0139,2026-04-04T20:55:00
M0139,2026-04-11T07:57:00
M0139,2026-04-14T18:06:00
M0139,2026-04-15T20:31:00
M0139,2026-04-20T09:37:00
M0139,2026-04-21T18:36:00
M0139,2026-05-12T11:16:00
M0139,2026-05-13T14:06:00
M0139,2026-05-18T12:54:00
M0139,2026-05-22T06:48:00
M0139,2026-05-27T08:14:00
M0139,2026-05-29T18:38:00
M0139,2026-06-01T10:50:00
M0139,2026-06-05T12:01:00
M0139,2026-06-09T12:48:00
M0139,2026-06-12T19:23:00
M0139,2026-06-13T10:27:00
M0139,2026-06-13T13:29:00
M0139,2026-06-15T06:22:00
M0139,2026-06-21T13:06:00
M0139,2026-06-28T13:13:00
M0139,2026-07-05T19:32:00
M0139,2026-07-08T07:23:00
M0139,2026-07-08T18:16:00
M0139,2026-07-23T16:48:00
M0139,2026-07-25T16:30:00
M0139,2026-07-27T13:42:00
M0139,2026-08-02T13:20:00
M0139,2026-08-07T06:13:00
M0139,2026-08-16T18:11:00
M0139,2026-08-18T09:33:00
M0139,2026-08-23T19:19:00
M0139,2026-08-26T10:52:00
M0139,2026-08-27T19:20:00
M0139,2026-08-28T13:42:00
M0139,2026-08-31T12:03:00
M0139,2026-08-31T15:11:00
M0139,2026-09-08T10:49:00
M0140,2026-03-14T12:16:00
M0140,2026-04-02T06:28:00
M0140,2026-04-06T20:24:00
M0140,2026-05-04T09:09:00
M0140,2026-05-09T07:55:00
M0140,2026-06-16T17:13:00
M0140,2026-06-19T09:46:00
M0140,2026-07-26T20:25:00
M0140,2026-08-01T12:44:00
M0140,2026-08-13T11:38:00
M0140,2026-08-20T09:57:00
M0141,2026-05-23T12:37:00
M0141,2026-05-23T20:59:00
M0141,2026-06-07T09:11:00
M0141,2026-06-09T17:21:00
M0141,2026-06-29T11:49:00
M0141,2026-07-01T10:00:00
M0141,2026-07-02T18:01:00
M0141,2026-07-10T09:36:00
M0141,2026-07-11T18:09:00
M0141,2026-07-12T14:53:00
M0141,2026-07-17T17:05:00
M0141,2026-07-23T15:54:00
M0141,2026-07-24T12:16:00
M0141,2026-07-29T16:41:00
M0141,2026-08-03T06:20:00
M0141,2026-08-07T06:47:00
M0141,2026-08-09T11:26:00
M0141,2026-08-13T11:16:00
M0141,2026-08-14T13:45:00
M0141,2026-08-14T14:38:00
M0141,2026-08-25T15:45:00
M0141,2026-08-26T12:54:00
M0141,2026-08-31T06:15:00
M0141,2026-09-03T08:54:00
M0141,2026-09-07T18:33:00
M0141,2026-09-09T13:13:00
M0142,2026-03-17T13:06:00
M0142,2026-03-19T16:56:00
M0142,2026-03-20T08:03:00
M0142,2026-03-20T12:38:00
M0142,2026-03-23T10:10:00
M0142,2026-03-23T13:53:00
M0142,2026-03-26T07:18:00
M0142,2026-03-26T19:35:00
M0142,2026-03-28T20:34:00
M0142,2026-03-31T20:11:00
M0142,2026-04-01T06:23:00
M0142,2026-04-01T07:53:00
M0142,2026-04-01T15:54:00
M0142,2026-04-03T15:00:00
M0142,2026-04-03T15:35:00
M0142,2026-04-05T12:36:00
M0142,2026-04-06T08:11:00
M0142,2026-04-06T14:00:00
M0142,2026-04-07T20:17:00
M0142,2026-04-08T16:25:00
M0142,2026-04-09T13:53:00
M0142,2026-04-14T06:27:00
M0142,2026-04-14T13:29:00
M0142,2026-04-14T20:21:00
M0142,2026-04-15T18:05:00
M0142,2026-04-17T20:12:00
M0142,2026-04-17T20:49:00
M0142,2026-04-18T06:55:00
M0142,2026-04-19T06:02:00
M0142,2026-04-20T06:58:00
M0142,2026-04-22T08:26:00
M0142,2026-04-23T15:12:00
M0142,2026-04-23T20:17:00
M0142,2026-04-24T15:14:00
M0142,2026-04-27T07:55:00
M0142,2026-04-27T13:11:00
M0142,2026-05-02T10:50:00
M0142,2026-05-04T13:10:00
M0142,2026-05-08T12:15:00
M0142,2026-05-09T06:34:00
M0142,2026-05-13T15:02:00
M0142,2026-05-13T20:22:00
M0142,2026-05-14T10:03:00
M0142,2026-05-16T17:39:00
M0142,2026-05-17T12:48:00
M0142,2026-05-19T17:38:00
M0142,2026-05-20T08:29:00
M0142,2026-05-20T17:38:00
M0142,2026-05-25T14:20:00
M0142,2026-05-29T08:34:00
M0142,2026-05-29T09:22:00
M0142,2026-05-30T07:52:00
M0142,2026-05-31T08:48:00
M0142,2026-06-01T07:10:00
M0142,2026-06-05T06:08:00
M0142,2026-06-05T13:25:00
M0142,2026-06-07T06:19:00
M0142,2026-06-07T11:52:00
M0142,2026-06-08T12:45:00
M0142,2026-06-08T15:52:00
M0142,2026-06-10T13:55:00
M0142,2026-06-10T14:41:00
M0142,2026-06-11T11:13:00
M0142,2026-06-13T13:16:00
M0142,2026-06-23T12:47:00
M0142,2026-06-26T10:52:00
M0142,2026-06-26T17:00:00
M0142,2026-06-27T11:01:00
M0142,2026-06-27T17:40:00
M0142,2026-06-27T19:34:00
M0142,2026-07-03T11:48:00
M0142,2026-07-10T19:55:00
M0142,2026-07-14T08:02:00
M0142,2026-07-14T20:23:00
M0142,2026-07-15T08:49:00
M0142,2026-07-15T15:02:00
M0142,2026-07-18T06:42:00
M0142,2026-07-18T19:54:00
M0142,2026-07-19T20:06:00
M0142,2026-07-20T19:19:00
M0142,2026-07-21T10:16:00
M0142,2026-07-21T15:14:00
M0142,2026-07-22T20:10:00
M0142,2026-07-23T09:15:00
M0142,2026-07-25T15:58:00
M0142,2026-07-27T09:39:00
M0142,2026-07-29T08:00:00
M0142,2026-08-04T06:09:00
M0142,2026-08-05T09:22:00
M0142,2026-08-10T11:57:00
M0142,2026-08-13T19:03:00
M0142,2026-08-16T18:21:00
M0142,2026-08-18T15:56:00
M0142,2026-08-20T11:50:00
M0142,2026-08-23T09:21:00
M0142,2026-08-25T09:54:00
M0142,2026-08-30T16:57:00
M0142,2026-09-04T15:32:00
M0142,2026-09-05T10:44:00
M0142,2026-09-07T14:51:00
M0142,2026-09-09T06:51:00
M0142,2026-09-09T09:56:00
M0142,2026-09-09T10:54:00
M0142,2026-09-09T12:58:00
M0142,2026-09-09T15:27:00
M0142,2026-09-09T18:49:00
M0143,2025-07-26T13:49:00
M0143,2025-07-27T20:37:00
M0143,2025-08-01T10:05:00
M0143,2025-08-18T18:38:00
M0143,2025-08-19T11:58:00
M0143,2025-08-22T15:38:00
M0143,2025-08-23T08:15:00
M0143,2025-08-26T12:12:00
M0143,2025-08-27T08:03:00
M0143,2025-08-30T13:29:00
M0143,2025-09-01T08:04:00
M0143,2025-09-01T15:23:00
M0143,2025-09-06T12:11:00
M0143,2025-09-08T16:05:00
M0143,2025-09-10T18:55:00
M0143,2025-09-16T11:39:00
M0143,2025-09-17T09:57:00
M0143,2025-09-19T07:37:00
M0143,2025-09-21T08:25:00
M0143,2025-09-28T07:30:00
M0143,2025-09-30T07:44:00
M0143,2025-10-13T09:46:00
M0143,2025-10-14T08:27:00
M0143,2025-10-17T10:30:00
M0143,2025-10-27T08:42:00
M0143,2025-12-05T14:40:00
M0143,2025-12-06T20:57:00
M0143,2025-12-09T10:24:00
M0143,2025-12-14T17:01:00
M0143,2025-12-16T18:49:00
M0143,2025-12-17T12:07:00
M0143,2025-12-21T06:00:00
M0143,2025-12-24T15:10:00
M0143,2026-01-05T19:08:00
M0143,2026-01-07T20:17:00
M0143,2026-01-08T17:56:00
M0143,2026-01-11T17:06:00
M0143,2026-01-12T06:12:00
M0143,2026-01-17T10:13:00
M0143,2026-01-17T11:44:00
M0143,2026-01-18T19:21:00
M0143,2026-01-19T06:20:00
M0143,2026-01-24T10:15:00
M0143,2026-01-24T15:40:00
M0143,2026-01-29T18:08:00
M0143,2026-01-29T19:03:00
M0143,2026-02-04T19:28:00
M0143,2026-02-17T20:37:00
M0143,2026-02-24T16:08:00
M0143,2026-03-02T13:38:00
M0143,2026-03-08T11:44:00
M0143,2026-03-19T10:55:00
M0143,2026-03-29T08:05:00
M0143,2026-04-15T14:15:00
M0143,2026-04-23T19:16:00
M0143,2026-04-30T18:43:00
M0143,2026-05-11T17:59:00
M0143,2026-05-13T18:07:00
M0143,2026-05-20T08:47:00
M0143,2026-06-06T10:49:00
M0143,2026-06-20T12:31:00
M0143,2026-06-24T13:31:00
M0143,2026-07-01T09:13:00
M0143,2026-07-02T12:53:00
M0143,2026-07-12T18:10:00
M0143,2026-07-22T15:35:00
M0143,2026-07-27T19:39:00
M0143,2026-07-28T11:06:00
M0143,2026-08-08T08:21:00
M0143,2026-08-18T17:34:00
M0143,2026-08-20T10:27:00
M0143,2026-08-31T06:56:00
M0143,2026-09-02T11:40:00
M0143,2026-09-09T18:50:00
M0144,2026-03-20T06:47:00
M0144,2026-03-20T12:50:00
M0144,2026-03-20T19:49:00
M0144,2026-03-21T10:59:00
M0144,2026-03-22T08:42:00
M0144,2026-03-23T10:25:00
M0144,2026-03-23T18:10:00
M0144,2026-03-24T11:05:00
M0144,2026-03-24T19:20:00
M0144,2026-03-27T08:55:00
M0144,2026-03-27T14:10:00
M0144,2026-04-01T15:25:00
M0144,2026-04-02T14:11:00
M0144,2026-04-04T06:48:00
M0144,2026-04-04T17:50:00
M0144,2026-04-07T20:40:00
M0144,2026-04-09T19:10:00
M0144,2026-04-10T16:00:00
M0144,2026-04-11T13:11:00
M0144,2026-04-12T08:48:00
M0144,2026-04-13T12:12:00
M0144,2026-04-13T18:16:00
M0144,2026-04-15T08:15:00
M0144,2026-04-16T15:44:00
M0144,2026-04-17T19:44:00
M0144,2026-04-18T07:18:00
M0144,2026-04-19T06:08:00
M0144,2026-04-20T06:50:00
M0144,2026-04-20T15:11:00
M0144,2026-04-21T12:25:00
M0144,2026-04-23T13:53:00
M0144,2026-04-23T15:23:00
M0144,2026-04-25T16:02:00
M0144,2026-04-25T19:53:00
M0144,2026-04-25T20:53:00
M0144,2026-04-26T09:11:00
M0144,2026-04-26T12:00:00
M0144,2026-04-30T17:14:00
M0144,2026-05-01T08:19:00
M0144,2026-05-02T18:12:00
M0144,2026-05-04T07:03:00
M0144,2026-05-04T09:15:00
M0144,2026-05-04T15:11:00
M0144,2026-05-05T18:05:00
M0144,2026-05-06T13:05:00
M0144,2026-05-07T15:14:00
M0144,2026-05-10T19:00:00
M0144,2026-05-14T20:33:00
M0144,2026-05-14T20:43:00
M0144,2026-05-15T13:31:00
M0144,2026-05-17T10:25:00
M0144,2026-05-19T06:20:00
M0144,2026-05-19T06:26:00
M0144,2026-05-24T10:13:00
M0144,2026-05-24T19:08:00
M0144,2026-05-26T12:53:00
M0144,2026-05-26T14:45:00
M0144,2026-05-27T06:30:00
M0144,2026-05-29T16:07:00
M0144,2026-05-30T06:00:00
M0144,2026-05-30T12:05:00
M0144,2026-05-31T08:12:00
M0144,2026-05-31T19:27:00
M0144,2026-06-01T11:14:00
M0144,2026-06-02T08:54:00
M0144,2026-06-04T06:41:00
M0144,2026-06-05T18:26:00
M0144,2026-06-05T19:56:00
M0144,2026-06-12T17:06:00
M0144,2026-06-13T17:05:00
M0144,2026-06-14T10:08:00
M0144,2026-06-14T11:17:00
M0144,2026-06-17T15:16:00
M0144,2026-06-19T13:30:00
M0144,2026-06-23T09:29:00
M0144,2026-06-23T20:24:00
M0144,2026-06-24T10:07:00
M0144,2026-06-28T20:58:00
M0144,2026-06-29T11:30:00
M0144,2026-07-01T06:27:00
M0144,2026-07-01T10:38:00
M0144,2026-07-01T17:13:00
M0144,2026-07-02T19:17:00
M0144,2026-07-04T08:39:00
M0144,2026-07-05T11:54:00
M0144,2026-07-05T18:04:00
M0144,2026-07-11T07:32:00
M0144,2026-07-20T13:01:00
M0144,2026-07-23T19:54:00
M0144,2026-07-25T17:11:00
M0144,2026-07-26T15:39:00
M0144,2026-07-27T09:11:00
M0144,2026-07-30T20:10:00
M0144,2026-08-01T14:14:00
M0144,2026-08-02T10:17:00
M0144,2026-08-05T10:04:00
M0144,2026-08-05T13:10:00
M0144,2026-08-14T10:22:00
M0144,2026-08-15T13:36:00
M0144,2026-08-15T19:18:00
M0144,2026-08-16T18:21:00
M0144,2026-08-18T09:24:00
M0144,2026-08-19T06:10:00
M0144,2026-08-19T09:32:00
M0144,2026-08-19T12:36:00
M0144,2026-08-19T14:23:00
M0144,2026-08-20T10:44:00
M0144,2026-08-23T08:12:00
M0144,2026-08-23T14:36:00
M0144,2026-08-24T12:46:00
M0144,2026-08-26T18:08:00
M0144,2026-08-31T11:14:00
M0144,2026-08-31T19:21:00
M0144,2026-09-01T06:00:00
M0144,2026-09-01T10:04:00
M0144,2026-09-08T20:20:00
M0144,2026-09-11T07:25:00
M0145,2026-02-01T13:03:00
M0145,2026-02-01T13:32:00
M0145,2026-02-04T10:17:00
M0145,2026-02-05T07:18:00
M0145,2026-02-10T17:24:00
M0145,2026-02-14T14:48:00
M0145,2026-03-03T19:41:00
M0145,2026-03-10T10:57:00
M0145,2026-03-13T11:56:00
M0145,2026-03-15T16:56:00
M0145,2026-03-17T19:29:00
M0145,2026-03-31T14:59:00
M0145,2026-03-31T18:14:00
M0145,2026-04-03T20:50:00
M0145,2026-04-04T11:42:00
M0145,2026-04-04T14:23:00
M0145,2026-04-06T20:44:00
M0145,2026-04-11T08:28:00
M0145,2026-04-15T15:02:00
M0145,2026-04-17T14:47:00
M0145,2026-04-21T20:44:00
M0145,2026-04-26T15:53:00
M0145,2026-05-02T06:49:00
M0145,2026-05-06T10:21:00
M0145,2026-05-16T17:29:00
M0145,2026-05-21T19:53:00
M0145,2026-05-25T09:23:00
M0145,2026-05-27T12:01:00
M0145,2026-06-02T18:56:00
M0145,2026-06-13T09:45:00
M0145,2026-06-14T13:17:00
M0145,2026-06-16T06:21:00
M0145,2026-06-21T09:01:00
M0145,2026-06-23T15:32:00
M0145,2026-06-30T13:41:00
M0145,2026-07-07T16:13:00
M0145,2026-07-11T19:25:00
M0145,2026-07-25T14:59:00
M0145,2026-07-26T08:47:00
M0145,2026-07-28T17:50:00
M0145,2026-08-02T12:26:00
M0145,2026-08-05T16:17:00
M0145,2026-08-07T13:58:00
M0145,2026-08-08T18:32:00
M0145,2026-08-14T07:39:00
M0145,2026-08-18T14:41:00
M0145,2026-08-19T12:21:00
M0145,2026-08-23T14:48:00
M0145,2026-08-30T10:43:00
M0145,2026-08-30T15:26:00
M0145,2026-08-31T16:38:00
M0145,2026-09-01T13:48:00
M0145,2026-09-04T08:44:00
M0145,2026-09-04T19:02:00
M0145,2026-09-09T17:39:00
M0146,2025-05-06T08:08:00
M0146,2025-05-08T07:44:00
M0146,2025-05-12T06:16:00
M0146,2025-05-12T18:44:00
M0146,2025-05-14T19:35:00
M0146,2025-05-22T07:34:00
M0146,2025-05-22T12:43:00
M0146,2025-05-24T19:03:00
M0146,2025-05-26T12:13:00
M0146,2025-05-28T13:01:00
M0146,2025-05-29T07:25:00
M0146,2025-06-11T20:56:00
M0146,2025-06-12T08:36:00
M0146,2025-06-13T13:12:00
M0146,2025-06-14T18:53:00
M0146,2025-06-17T19:39:00
M0146,2025-06-19T15:37:00
M0146,2025-06-20T16:36:00
M0146,2025-06-26T14:59:00
M0146,2025-06-27T13:47:00
M0146,2025-06-27T14:27:00
M0146,2025-06-28T13:07:00
M0146,2025-06-30T15:18:00
M0146,2025-07-01T08:26:00
M0146,2025-07-01T10:10:00
M0146,2025-07-02T11:56:00
M0146,2025-07-03T09:29:00
M0146,2025-07-03T09:49:00
M0146,2025-07-03T19:19:00
M0146,2025-07-05T06:13:00
M0146,2025-07-05T20:05:00
M0146,2025-07-06T10:43:00
M0146,2025-07-08T16:42:00
M0146,2025-07-09T15:44:00
M0146,2025-07-09T17:37:00
M0146,2025-07-09T18:15:00
M0146,2025-07-11T07:18:00
M0146,2025-07-13T18:36:00
M0146,2025-07-15T12:28:00
M0146,2025-07-18T12:38:00
M0146,2025-07-19T07:39:00
M0146,2025-07-26T14:58:00
M0146,2025-07-27T10:38:00
M0146,2025-07-27T19:34:00
M0146,2025-07-28T09:00:00
M0146,2025-07-29T08:17:00
M0146,2025-07-29T17:49:00
M0146,2025-08-02T18:03:00
M0146,2025-08-03T16:50:00
M0146,2025-08-06T08:50:00
M0146,2025-08-07T17:43:00
M0146,2025-08-08T12:30:00
M0146,2025-08-11T17:34:00
M0146,2025-08-12T19:59:00
M0146,2025-08-14T17:04:00
M0146,2025-08-15T11:56:00
M0146,2025-08-15T12:40:00
M0146,2025-08-18T16:17:00
M0146,2025-08-20T09:43:00
M0146,2025-08-20T14:37:00
M0146,2025-08-22T07:24:00
M0146,2025-08-27T19:16:00
M0146,2025-08-28T15:58:00
M0146,2025-08-28T18:48:00
M0146,2025-08-29T07:30:00
M0146,2025-08-29T11:00:00
M0146,2025-08-30T13:49:00
M0146,2025-09-03T16:09:00
M0146,2025-09-04T16:32:00
M0146,2025-09-05T20:38:00
M0146,2025-09-06T12:40:00
M0146,2025-09-07T06:28:00
M0146,2025-09-12T09:01:00
M0146,2025-09-12T14:40:00
M0146,2025-09-15T08:25:00
M0146,2025-09-16T16:34:00
M0146,2025-09-18T19:04:00
M0146,2025-09-20T14:10:00
M0146,2025-09-20T16:55:00
M0146,2025-09-21T18:01:00
M0146,2025-09-21T19:33:00
M0146,2025-09-23T12:35:00
M0146,2025-09-25T10:53:00
M0146,2025-09-29T08:33:00
M0146,2025-10-01T19:01:00
M0146,2025-10-07T16:37:00
M0146,2025-10-12T15:11:00
M0146,2025-10-15T10:05:00
M0146,2025-10-15T16:29:00
M0146,2025-10-17T12:34:00
M0146,2025-10-17T12:59:00
M0146,2025-10-21T16:07:00
M0146,2025-10-25T18:30:00
M0146,2025-10-27T12:08:00
M0146,2025-10-27T19:07:00
M0146,2025-10-29T15:56:00
M0146,2025-10-31T09:39:00
M0146,2025-10-31T13:03:00
M0146,2025-10-31T14:02:00
M0146,2025-11-04T08:53:00
M0146,2025-11-12T18:51:00
M0146,2025-11-15T11:51:00
M0146,2025-11-15T16:57:00
M0146,2025-11-15T20:26:00
M0146,2025-11-16T10:17:00
M0146,2025-11-16T11:33:00
M0146,2025-11-18T12:40:00
M0146,2025-11-19T08:41:00
M0146,2025-11-21T08:00:00
M0146,2025-11-22T16:56:00
M0146,2025-11-23T09:26:00
M0146,2025-11-24T20:00:00
M0146,2025-11-25T06:37:00
M0146,2025-11-26T08:19:00
M0146,2025-11-26T17:18:00
M0146,2025-11-26T19:56:00
M0146,2025-11-27T16:59:00
M0146,2025-11-28T20:09:00
M0146,2025-11-29T06:11:00
M0146,2025-11-29T13:23:00
M0146,2025-12-02T13:25:00
M0146,2025-12-02T20:17:00
M0146,2025-12-03T06:15:00
M0146,2025-12-04T19:59:00
M0146,2025-12-06T20:48:00
M0146,2025-12-07T08:54:00
M0146,2025-12-07T09:24:00
M0146,2025-12-09T12:41:00
M0146,2025-12-11T13:00:00
M0146,2025-12-14T06:22:00
M0146,2025-12-14T09:44:00
M0146,2025-12-18T12:16:00
M0146,2025-12-18T20:44:00
M0146,2025-12-19T09:55:00
M0146,2025-12-22T18:23:00
M0146,2025-12-22T19:44:00
M0146,2025-12-23T18:05:00
M0146,2025-12-24T14:52:00
M0146,2025-12-25T10:43:00
M0146,2025-12-28T19:56:00
M0146,2025-12-30T14:09:00
M0146,2026-01-02T11:55:00
M0146,2026-01-07T15:28:00
M0146,2026-01-10T08:14:00
M0146,2026-01-11T10:45:00
M0146,2026-01-12T06:24:00
M0146,2026-01-12T09:33:00
M0146,2026-01-12T12:09:00
M0146,2026-01-12T18:29:00
M0146,2026-01-17T08:47:00
M0146,2026-01-18T15:19:00
M0146,2026-01-20T07:08:00
M0146,2026-01-20T12:18:00
M0146,2026-01-20T18:39:00
M0146,2026-01-20T19:31:00
M0146,2026-01-22T20:42:00
M0146,2026-01-23T10:11:00
M0146,2026-01-23T12:26:00
M0146,2026-01-24T08:26:00
M0146,2026-01-27T14:24:00
M0146,2026-01-27T15:08:00
M0146,2026-02-02T07:29:00
M0146,2026-02-07T09:57:00
M0146,2026-02-07T15:58:00
M0146,2026-02-08T12:39:00
M0146,2026-02-10T15:26:00
M0146,2026-02-10T16:52:00
M0146,2026-02-10T20:56:00
M0146,2026-02-14T11:48:00
M0146,2026-02-17T17:30:00
M0146,2026-02-18T14:15:00
M0146,2026-02-18T15:50:00
M0146,2026-02-23T13:39:00
M0146,2026-02-24T13:45:00
M0146,2026-02-26T12:35:00
M0146,2026-02-28T11:58:00
M0146,2026-03-06T11:12:00
M0146,2026-03-06T14:55:00
M0146,2026-03-08T07:15:00
M0146,2026-03-08T14:11:00
M0146,2026-03-10T19:15:00
M0146,2026-03-12T10:57:00
M0146,2026-03-12T12:00:00
M0146,2026-03-14T18:38:00
M0146,2026-03-17T14:47:00
M0146,2026-03-20T08:08:00
M0146,2026-03-20T20:04:00
M0146,2026-03-21T19:39:00
M0146,2026-03-22T10:03:00
M0146,2026-03-23T06:01:00
M0146,2026-03-23T20:25:00
M0146,2026-03-25T16:44:00
M0146,2026-03-29T07:01:00
M0146,2026-03-29T17:59:00
M0146,2026-03-31T07:13:00
M0146,2026-04-01T16:14:00
M0146,2026-04-01T17:04:00
M0146,2026-04-02T06:55:00
M0146,2026-04-02T10:47:00
M0146,2026-04-04T06:37:00
M0146,2026-04-04T14:51:00
M0146,2026-04-04T20:40:00
M0146,2026-04-07T13:20:00
M0146,2026-04-09T14:30:00
M0146,2026-04-14T14:27:00
M0146,2026-04-15T11:53:00
M0146,2026-04-15T12:19:00
M0146,2026-04-18T17:50:00
M0146,2026-04-19T20:00:00
M0146,2026-04-22T17:08:00
M0146,2026-04-26T15:45:00
M0146,2026-04-26T19:14:00
M0146,2026-04-28T08:14:00
M0146,2026-04-29T08:03:00
M0146,2026-05-01T15:59:00
M0146,2026-05-04T12:27:00
M0146,2026-05-05T10:35:00
M0146,2026-05-05T12:08:00
M0146,2026-05-05T18:06:00
M0146,2026-05-05T19:49:00
M0146,2026-05-08T16:54:00
M0146,2026-05-12T20:52:00
M0146,2026-05-15T13:42:00
M0146,2026-05-16T20:00:00
M0146,2026-05-17T09:40:00
M0146,2026-05-17T12:34:00
M0146,2026-05-22T13:39:00
M0146,2026-05-24T13:09:00
M0146,2026-05-25T12:06:00
M0146,2026-05-26T12:36:00
M0146,2026-05-28T18:41:00
M0146,2026-05-29T10:15:00
M0146,2026-05-31T07:45:00
M0146,2026-05-31T19:54:00
M0146,2026-06-03T16:49:00
M0146,2026-06-04T10:31:00
M0146,2026-06-05T16:12:00
M0146,2026-06-06T11:14:00
M0146,2026-06-07T19:25:00
M0146,2026-06-08T16:39:00
M0146,2026-06-12T06:03:00
M0146,2026-06-12T13:22:00
M0146,2026-06-13T16:10:00
M0146,2026-06-15T13:31:00
M0146,2026-06-19T09:26:00
M0146,2026-06-19T18:36:00
M0146,2026-07-02T16:11:00
M0146,2026-07-03T08:44:00
M0146,2026-07-05T19:39:00
M0146,2026-07-08T19:37:00
M0146,2026-07-12T17:11:00
M0146,2026-07-13T06:12:00
M0146,2026-07-13T09:13:00
M0146,2026-07-14T09:33:00
M0146,2026-07-14T17:04:00
M0146,2026-07-19T10:54:00
M0146,2026-07-20T10:35:00
M0146,2026-07-23T10:54:00
M0146,2026-07-26T13:27:00
M0146,2026-07-28T06:49:00
M0146,2026-07-31T13:47:00
M0146,2026-08-08T18:14:00
M0146,2026-08-09T07:59:00
M0146,2026-08-11T12:55:00
M0146,2026-08-14T17:53:00
M0146,2026-08-14T18:48:00
M0146,2026-08-17T12:20:00
M0146,2026-08-17T16:02:00
M0146,2026-08-18T07:50:00
M0146,2026-08-21T10:22:00
M0146,2026-08-24T17:15:00
M0146,2026-08-25T15:22:00
M0146,2026-08-26T08:55:00
M0146,2026-08-26T14:54:00
M0146,2026-08-27T11:05:00
M0146,2026-08-28T14:50:00
M0146,2026-08-28T15:52:00
M0146,2026-08-30T11:34:00
M0146,2026-08-30T14:00:00
M0146,2026-08-31T09:16:00
M0146,2026-09-06T20:53:00
M0146,2026-09-07T10:17:00
M0146,2026-09-09T07:46:00
M0146,2026-09-09T18:06:00
M0146,2026-09-11T10:00:00
M0146,2026-09-11T16:31:00
M0146,2026-09-11T20:25:00
M0147,2026-01-25T07:51:00
M0147,2026-01-25T15:24:00
M0147,2026-01-28T06:43:00
M0147,2026-01-31T09:32:00
M0147,2026-02-03T18:10:00
M0147,2026-02-06T17:46:00
M0147,2026-02-09T20:52:00
M0147,2026-02-11T14:25:00
M0147,2026-02-12T10:40:00
M0147,2026-02-19T13:34:00
M0147,2026-02-19T17:01:00
M0147,2026-02-24T11:10:00
M0147,2026-02-25T06:09:00
M0147,2026-02-25T17:21:00
M0147,2026-02-28T20:24:00
M0147,2026-03-02T17:27:00
M0147,2026-03-19T15:13:00
M0147,2026-03-20T09:46:00
M0147,2026-03-21T20:12:00
M0147,2026-03-22T11:46:00
M0147,2026-03-24T08:12:00
M0147,2026-03-25T13:19:00
M0147,2026-04-04T18:49:00
M0147,2026-04-06T19:01:00
M0147,2026-04-08T20:32:00
M0147,2026-04-10T12:31:00
M0147,2026-04-18T14:46:00
M0147,2026-04-22T14:30:00
M0147,2026-05-09T15:10:00
M0147,2026-05-16T15:44:00
M0147,2026-05-16T16:45:00
M0147,2026-05-20T07:34:00
M0147,2026-05-23T07:12:00
M0147,2026-05-25T19:14:00
M0147,2026-05-28T16:56:00
M0147,2026-05-29T17:52:00
M0147,2026-06-04T19:58:00
M0147,2026-06-07T18:24:00
M0147,2026-06-16T07:06:00
M0147,2026-06-20T11:10:00
M0147,2026-06-22T14:17:00
M0147,2026-06-24T11:35:00
M0147,2026-07-04T15:41:00
M0147,2026-07-05T16:07:00
M0147,2026-07-07T06:18:00
M0147,2026-07-07T18:43:00
M0147,2026-07-09T08:09:00
M0147,2026-07-10T12:15:00
M0147,2026-07-11T11:14:00
M0147,2026-07-22T20:30:00
M0147,2026-07-28T10:23:00
M0147,2026-07-28T17:44:00
M0147,2026-07-30T06:30:00
M0147,2026-07-30T10:18:00
M0147,2026-08-12T16:57:00
M0147,2026-08-13T18:08:00
M0147,2026-08-14T06:55:00
M0147,2026-08-15T10:24:00
M0147,2026-08-15T13:48:00
M0147,2026-08-20T20:12:00
M0148,2025-12-16T08:55:00
M0148,2026-02-10T08:15:00
M0148,2026-03-02T17:48:00
M0148,2026-05-20T12:59:00
M0148,2026-05-30T11:14:00
M0148,2026-08-01T08:47:00
M0149,2025-12-12T11:59:00
M0149,2025-12-15T14:25:00
M0149,2025-12-20T06:25:00
M0149,2025-12-25T06:25:00
M0149,2026-01-19T09:27:00
M0149,2026-02-26T06:23:00
M0149,2026-02-27T08:46:00
M0149,2026-03-17T20:41:00
M0149,2026-04-03T16:40:00
M0149,2026-04-06T10:53:00
M0149,2026-05-01T15:34:00
M0149,2026-06-23T07:00:00
M0149,2026-06-25T09:37:00
M0149,2026-07-31T15:07:00
M0149,2026-08-15T06:51:00
M0150,2026-06-09T11:36:00
M0150,2026-07-15T15:41:00
M0150,2026-07-17T09:54:00
M0150,2026-07-18T17:38:00
M0150,2026-07-22T06:39:00
M0150,2026-07-27T14:27:00
M0150,2026-07-28T08:25:00
M0150,2026-08-05T08:55:00
M0150,2026-08-08T11:58:00
M0150,2026-09-01T13:59:00
M0150,2026-09-04T16:20:00
M0150,2026-09-04T18:17:00
M0150,2026-09-07T15:08:00
M0151,2026-02-04T14:01:00
M0151,2026-02-16T14:07:00
M0151,2026-02-16T14:38:00
M0151,2026-02-20T14:13:00
M0151,2026-02-21T11:40:00
M0151,2026-05-22T20:53:00
M0151,2026-07-07T10:48:00
M0151,2026-07-17T12:25:00
M0151,2026-07-23T19:10:00
M0151,2026-08-23T18:43:00
M0152,2026-01-11T18:26:00
M0152,2026-01-17T08:19:00
M0152,2026-01-22T12:01:00
M0152,2026-02-04T06:18:00
M0152,2026-02-18T19:40:00
M0152,2026-03-02T18:26:00
M0152,2026-03-04T06:08:00
M0152,2026-03-16T11:51:00
M0152,2026-04-26T11:32:00
M0152,2026-04-28T06:04:00
M0152,2026-05-03T07:28:00
M0152,2026-05-05T09:43:00
M0152,2026-07-20T16:46:00
M0152,2026-07-28T12:03:00
M0152,2026-07-29T18:06:00
M0152,2026-07-31T07:27:00
M0152,2026-08-04T14:28:00
M0152,2026-08-10T08:16:00
M0152,2026-08-11T07:13:00
M0152,2026-08-13T06:23:00
M0152,2026-08-17T15:20:00
M0152,2026-08-25T13:36:00
M0153,2026-04-12T06:20:00
M0153,2026-04-13T13:07:00
M0153,2026-05-06T18:41:00
M0153,2026-05-10T20:47:00
M0153,2026-05-17T16:36:00
M0153,2026-05-31T12:27:00
M0153,2026-06-15T20:19:00
M0153,2026-06-30T17:25:00
M0153,2026-08-23T09:27:00
M0153,2026-08-28T12:56:00
M0153,2026-09-09T14:15:00
M0154,2025-10-22T18:11:00
M0154,2025-10-23T17:44:00
M0154,2025-11-01T19:30:00
M0154,2025-11-04T17:05:00
M0154,2025-11-09T10:15:00
M0154,2025-11-11T06:51:00
M0154,2025-11-13T08:01:00
M0154,2025-11-16T11:27:00
M0154,2025-11-17T07:36:00
M0154,2025-11-22T09:13:00
M0154,2025-11-27T17:45:00
M0154,2025-11-27T19:52:00
M0154,2025-12-04T18:43:00
M0154,2025-12-07T17:30:00
M0154,2025-12-18T09:36:00
M0154,2025-12-19T06:11:00
M0154,2025-12-23T12:18:00
M0154,2025-12-23T14:58:00
M0154,2025-12-25T11:15:00
M0154,2026-01-03T20:51:00
M0154,2026-01-06T08:52:00
M0154,2026-01-08T10:10:00
M0154,2026-01-10T12:39:00
M0154,2026-01-13T15:41:00
M0154,2026-01-15T15:59:00
M0154,2026-01-17T13:58:00
M0154,2026-01-19T08:14:00
M0154,2026-01-19T14:55:00
M0154,2026-01-23T16:09:00
M0154,2026-01-28T08:15:00
M0154,2026-02-02T08:01:00
M0154,2026-02-15T07:16:00
M0154,2026-02-16T06:04:00
M0154,2026-02-19T18:51:00
M0154,2026-02-21T15:12:00
M0154,2026-02-25T15:37:00
M0154,2026-02-26T14:17:00
M0154,2026-02-27T08:13:00
M0154,2026-02-27T13:42:00
M0154,2026-03-08T08:56:00
M0154,2026-03-15T06:51:00
M0154,2026-03-16T13:21:00
M0154,2026-03-18T11:53:00
M0154,2026-03-24T11:55:00
M0154,2026-03-25T20:59:00
M0154,2026-03-26T20:24:00
M0154,2026-03-27T17:21:00
M0154,2026-04-04T11:27:00
M0154,2026-04-05T07:12:00
M0154,2026-04-05T17:38:00
M0154,2026-04-08T06:45:00
M0154,2026-04-12T09:07:00
M0154,2026-04-14T12:50:00
M0154,2026-04-17T09:13:00
M0154,2026-05-04T08:11:00
M0154,2026-05-11T17:49:00
M0154,2026-05-12T18:27:00
M0154,2026-05-14T20:08:00
M0154,2026-05-16T13:29:00
M0154,2026-05-23T09:13:00
M0154,2026-05-27T12:56:00
M0154,2026-06-15T14:44:00
M0154,2026-06-17T12:25:00
M0154,2026-06-17T20:51:00
M0154,2026-06-19T17:30:00
M0154,2026-06-20T06:13:00
M0154,2026-06-28T11:03:00
M0154,2026-07-01T11:39:00
M0154,2026-07-02T12:51:00
M0154,2026-07-10T08:39:00
M0154,2026-07-26T18:19:00
M0154,2026-07-30T16:18:00
M0154,2026-08-05T16:30:00
M0154,2026-08-05T17:52:00
M0154,2026-08-17T06:08:00
M0154,2026-08-18T17:19:00
M0154,2026-08-22T10:01:00
M0154,2026-08-31T16:55:00
M0154,2026-09-05T13:50:00
M0154,2026-09-08T11:32:00
M0154,2026-09-10T12:29:00
M0155,2026-06-12T11:40:00
M0155,2026-06-13T18:51:00
M0155,2026-06-14T10:36:00
M0155,2026-06-16T12:46:00
M0155,2026-06-17T10:20:00
M0155,2026-06-17T20:50:00
M0155,2026-06-25T09:06:00
M0155,2026-06-25T13:41:00
M0155,2026-06-25T16:31:00
M0155,2026-06-25T17:17:00
M0155,2026-06-25T17:49:00
M0155,2026-06-25T20:13:00
M0155,2026-06-26T15:53:00
M0155,2026-06-27T15:50:00
M0155,2026-06-28T10:38:00
M0155,2026-06-28T15:47:00
M0155,2026-07-02T20:20:00
M0155,2026-07-03T14:27:00
M0155,2026-07-06T08:52:00
M0155,2026-07-08T18:55:00
M0155,2026-07-10T18:42:00
M0155,2026-07-11T10:38:00
M0155,2026-07-11T11:00:00
M0155,2026-07-12T08:45:00
M0155,2026-07-13T08:47:00
M0155,2026-07-13T15:16:00
M0155,2026-07-15T07:08:00
M0155,2026-07-15T10:13:00
M0155,2026-07-16T15:45:00
M0155,2026-07-19T16:55:00
M0155,2026-07-23T18:41:00
M0155,2026-07-26T06:44:00
M0155,2026-07-26T08:43:00
M0155,2026-07-26T11:39:00
M0155,2026-07-28T09:16:00
M0155,2026-07-28T14:59:00
M0155,2026-07-29T12:47:00
M0155,2026-07-31T20:56:00
M0155,2026-08-03T08:58:00
M0155,2026-08-03T19:37:00
M0155,2026-08-03T19:56:00
M0155,2026-08-04T13:19:00
M0155,2026-08-06T17:58:00
M0155,2026-08-12T17:29:00
M0155,2026-08-14T08:21:00
M0155,2026-08-14T14:44:00
M0155,2026-08-17T09:28:00
M0155,2026-08-18T16:34:00
M0155,2026-08-19T07:54:00
M0155,2026-08-19T14:03:00
M0155,2026-08-20T08:58:00
M0155,2026-08-20T16:34:00
M0155,2026-08-20T18:32:00
M0155,2026-08-21T13:03:00
M0155,2026-08-22T10:04:00
M0155,2026-08-26T17:04:00
M0155,2026-08-28T09:44:00
M0155,2026-08-30T18:43:00
M0155,2026-09-01T13:47:00
M0155,2026-09-03T15:34:00
M0155,2026-09-04T10:36:00
M0155,2026-09-04T11:25:00
M0155,2026-09-05T10:25:00
M0155,2026-09-08T14:27:00
M0155,2026-09-11T13:39:00
M0156,2026-02-19T09:25:00
M0156,2026-02-24T07:03:00
M0156,2026-03-10T14:03:00
M0156,2026-03-14T07:24:00
M0156,2026-03-14T08:00:00
M0156,2026-03-15T20:09:00
M0156,2026-03-18T12:20:00
M0156,2026-03-20T20:20:00
M0156,2026-03-23T13:43:00
M0156,2026-03-27T13:42:00
M0156,2026-03-29T12:17:00
M0156,2026-04-05T12:20:00
M0156,2026-04-17T18:48:00
M0156,2026-04-24T20:31:00
M0156,2026-05-01T07:11:00
M0156,2026-05-01T13:27:00
M0156,2026-05-06T12:33:00
M0156,2026-05-08T06:00:00
M0156,2026-05-09T11:33:00
M0156,2026-05-19T14:54:00
M0156,2026-05-19T18:26:00
M0156,2026-05-20T11:04:00
M0156,2026-05-21T10:43:00
M0156,2026-05-29T11:06:00
M0156,2026-05-30T12:22:00
M0156,2026-06-18T08:57:00
M0156,2026-06-26T19:19:00
M0156,2026-07-03T07:49:00
M0156,2026-07-08T08:51:00
M0156,2026-07-09T14:26:00
M0156,2026-07-11T20:18:00
M0156,2026-07-12T15:39:00
M0156,2026-07-14T19:12:00
M0156,2026-07-19T12:01:00
M0156,2026-07-26T18:14:00
M0156,2026-08-08T19:02:00
M0156,2026-08-10T07:28:00
M0156,2026-08-11T11:52:00
M0156,2026-08-12T09:26:00
M0156,2026-08-13T06:56:00
M0156,2026-08-21T08:58:00
M0156,2026-08-23T10:51:00
M0156,2026-08-27T14:41:00
M0156,2026-08-29T06:11:00
M0156,2026-09-02T18:44:00
M0156,2026-09-04T17:03:00
M0156,2026-09-06T15:47:00
M0157,2026-07-03T13:55:00
M0157,2026-08-02T20:52:00
M0157,2026-08-07T20:31:00
M0158,2026-04-26T13:13:00
M0158,2026-04-28T11:58:00
M0158,2026-05-19T18:49:00
M0158,2026-05-20T18:44:00
M0158,2026-05-31T15:20:00
M0158,2026-06-01T15:16:00
M0158,2026-06-03T10:32:00
M0158,2026-06-03T16:40:00
M0158,2026-06-12T06:56:00
M0158,2026-06-16T15:53:00
M0158,2026-06-26T18:35:00
M0158,2026-06-28T08:42:00
M0158,2026-07-08T06:10:00
M0158,2026-07-21T08:41:00
M0158,2026-07-24T15:16:00
M0158,2026-07-26T11:58:00
M0158,2026-07-26T18:14:00
M0158,2026-07-30T15:48:00
M0158,2026-08-01T18:54:00
M0158,2026-08-10T11:33:00
M0158,2026-08-18T15:53:00
M0158,2026-08-29T06:29:00
M0158,2026-08-30T15:47:00
M0158,2026-08-31T06:14:00
M0158,2026-08-31T19:19:00
M0159,2025-10-22T14:57:00
M0159,2025-11-08T17:17:00
M0159,2025-11-27T09:00:00
M0159,2025-12-01T14:46:00
M0159,2025-12-14T14:48:00
M0159,2025-12-22T08:53:00
M0159,2025-12-28T11:50:00
M0159,2026-01-26T14:55:00
M0159,2026-01-31T17:32:00
M0159,2026-03-31T10:06:00
M0159,2026-04-19T12:10:00
M0159,2026-04-30T16:49:00
M0159,2026-05-14T08:57:00
M0159,2026-06-06T06:47:00
M0159,2026-06-29T11:46:00
M0159,2026-07-26T12:45:00
M0159,2026-08-02T18:17:00
M0159,2026-08-06T13:26:00
M0159,2026-08-23T09:06:00
M0159,2026-08-25T13:18:00
M0160,2026-02-25T18:33:00
M0160,2026-03-03T18:05:00
M0160,2026-03-05T10:49:00
M0160,2026-03-05T20:24:00
M0160,2026-03-07T14:32:00
M0160,2026-03-10T11:52:00
M0160,2026-03-13T15:19:00
M0160,2026-03-14T15:35:00
M0160,2026-03-19T08:29:00
M0160,2026-03-21T20:09:00
M0160,2026-03-22T19:01:00
M0160,2026-03-23T08:14:00
M0160,2026-03-28T15:32:00
M0160,2026-03-29T06:09:00
M0160,2026-03-30T13:07:00
M0160,2026-04-02T09:30:00
M0160,2026-04-08T06:45:00
M0160,2026-04-13T19:36:00
M0160,2026-04-14T18:48:00
M0160,2026-04-17T19:51:00
M0160,2026-04-18T11:52:00
M0160,2026-04-20T14:40:00
M0160,2026-04-24T18:29:00
M0160,2026-04-27T13:03:00
M0160,2026-04-27T20:35:00
M0160,2026-05-02T15:20:00
M0160,2026-05-04T10:04:00
M0160,2026-05-08T09:37:00
M0160,2026-05-09T13:20:00
M0160,2026-05-11T18:28:00
M0160,2026-05-17T07:52:00
M0160,2026-05-24T16:02:00
M0160,2026-05-26T14:34:00
M0160,2026-06-02T13:47:00
M0160,2026-06-03T11:31:00
M0160,2026-06-03T11:37:00
M0160,2026-06-04T13:32:00
M0160,2026-06-07T06:35:00
M0160,2026-06-11T12:52:00
M0160,2026-06-14T09:32:00
M0160,2026-06-14T10:23:00
M0160,2026-06-14T15:48:00
M0160,2026-06-15T16:24:00
M0160,2026-06-19T14:32:00
M0160,2026-06-20T12:13:00
M0160,2026-06-25T06:43:00
M0160,2026-06-25T09:37:00
M0160,2026-06-27T12:05:00
M0160,2026-06-28T06:55:00
M0160,2026-07-02T07:59:00
M0160,2026-07-04T16:06:00
M0160,2026-07-05T06:40:00
M0160,2026-07-06T18:42:00
M0160,2026-07-08T14:56:00
M0160,2026-07-09T20:36:00
M0160,2026-07-13T18:34:00
M0160,2026-07-14T11:47:00
M0160,2026-07-14T14:06:00
M0160,2026-08-09T16:24:00
M0160,2026-08-11T07:32:00
M0160,2026-08-11T08:52:00
M0160,2026-08-11T16:50:00
M0160,2026-08-15T12:45:00
M0160,2026-08-18T06:41:00
M0160,2026-08-18T13:00:00
M0160,2026-09-01T19:38:00
M0160,2026-09-02T13:37:00
M0160,2026-09-02T19:07:00
M0160,2026-09-10T09:30:00
M0161,2026-02-28T10:38:00
M0161,2026-03-05T20:02:00
M0161,2026-05-26T17:20:00
M0161,2026-06-08T12:31:00
M0162,2025-05-10T18:10:00
M0162,2025-05-10T18:31:00
M0162,2025-05-12T17:28:00
M0162,2025-05-13T09:47:00
M0162,2025-05-16T18:42:00
M0162,2025-05-18T07:20:00
M0162,2025-05-19T11:40:00
M0162,2025-05-24T16:54:00
M0162,2025-05-26T08:41:00
M0162,2025-05-29T20:02:00
M0162,2025-05-30T11:28:00
M0162,2025-05-31T14:30:00
M0162,2025-06-02T17:52:00
M0162,2025-06-04T15:43:00
M0162,2025-06-05T09:33:00
M0162,2025-06-07T10:04:00
M0162,2025-06-09T10:02:00
M0162,2025-06-09T11:32:00
M0162,2025-06-09T20:30:00
M0162,2025-06-11T09:06:00
M0162,2025-06-14T16:58:00
M0162,2025-06-15T20:14:00
M0162,2025-06-19T07:48:00
M0162,2025-06-19T18:20:00
M0162,2025-06-20T06:12:00
M0162,2025-06-21T11:40:00
M0162,2025-06-21T17:02:00
M0162,2025-06-24T14:28:00
M0162,2025-06-25T16:28:00
M0162,2025-06-27T12:52:00
M0162,2025-06-27T14:38:00
M0162,2025-07-01T14:03:00
M0162,2025-07-04T13:39:00
M0162,2025-07-04T20:09:00
M0162,2025-07-06T16:19:00
M0162,2025-07-07T11:27:00
M0162,2025-07-08T13:36:00
M0162,2025-07-09T10:16:00
M0162,2025-07-11T09:52:00
M0162,2025-07-11T10:01:00
M0162,2025-07-11T18:40:00
M0162,2025-07-18T06:04:00
M0162,2025-07-18T12:19:00
M0162,2025-07-18T12:46:00
M0162,2025-07-22T09:08:00
M0162,2025-07-27T18:31:00
M0162,2025-07-30T11:30:00
M0162,2025-07-30T16:13:00
M0162,2025-08-05T17:58:00
M0162,2025-08-06T13:23:00
M0162,2025-08-08T07:22:00
M0162,2025-08-09T14:25:00
M0162,2025-08-10T15:58:00
M0162,2025-08-14T13:14:00
M0162,2025-08-14T16:09:00
M0162,2025-08-16T11:35:00
M0162,2025-08-17T15:53:00
M0162,2025-08-17T17:02:00
M0162,2025-08-18T20:45:00
M0162,2025-08-20T18:47:00
M0162,2025-08-24T19:14:00
M0162,2025-08-28T10:41:00
M0162,2025-08-30T12:54:00
M0162,2025-08-31T08:19:00
M0162,2025-08-31T15:27:00
M0162,2025-09-03T11:40:00
M0162,2025-09-04T10:34:00
M0162,2025-09-04T11:04:00
M0162,2025-09-08T10:50:00
M0162,2025-09-09T20:13:00
M0162,2025-09-12T12:01:00
M0162,2025-09-14T17:07:00
M0162,2025-09-15T16:05:00
M0162,2025-09-15T17:40:00
M0162,2025-09-16T19:30:00
M0162,2025-09-17T11:34:00
M0162,2025-09-18T10:24:00
M0162,2025-09-18T13:17:00
M0162,2025-09-18T20:59:00
M0162,2025-09-20T13:00:00
M0162,2025-09-21T07:32:00
M0162,2025-09-22T06:10:00
M0162,2025-09-24T07:27:00
M0162,2025-09-27T09:50:00
M0162,2025-09-29T16:30:00
M0162,2025-09-30T17:56:00
M0162,2025-10-01T14:04:00
M0162,2025-10-02T07:25:00
M0162,2025-10-02T19:18:00
M0162,2025-10-03T10:53:00
M0162,2025-10-04T17:08:00
M0162,2025-10-04T17:37:00
M0162,2025-10-05T17:31:00
M0162,2025-10-06T19:35:00
M0162,2025-10-08T18:46:00
M0162,2025-10-10T13:18:00
M0162,2025-10-14T10:42:00
M0162,2025-10-16T09:12:00
M0162,2025-10-17T08:34:00
M0162,2025-10-17T20:01:00
M0162,2025-10-23T06:36:00
M0162,2025-10-23T16:37:00
M0162,2025-10-24T08:27:00
M0162,2025-10-24T16:22:00
M0162,2025-10-26T07:35:00
M0162,2025-10-26T12:24:00
M0162,2025-10-28T13:07:00
M0162,2025-10-28T17:52:00
M0162,2025-11-01T06:08:00
M0162,2025-11-02T10:11:00
M0162,2025-11-02T18:54:00
M0162,2025-11-03T17:25:00
M0162,2025-11-04T12:27:00
M0162,2025-11-05T17:24:00
M0162,2025-11-07T20:02:00
M0162,2025-11-09T17:28:00
M0162,2025-11-10T15:37:00
M0162,2025-11-11T14:14:00
M0162,2025-11-12T06:04:00
M0162,2025-11-13T17:14:00
M0162,2025-11-14T08:08:00
M0162,2025-11-15T13:55:00
M0162,2025-11-17T08:40:00
M0162,2025-11-18T13:22:00
M0162,2025-11-18T15:04:00
M0162,2025-11-19T17:01:00
M0162,2025-11-24T06:39:00
M0162,2025-11-24T10:52:00
M0162,2025-11-25T07:17:00
M0162,2025-11-30T09:15:00
M0162,2025-12-06T13:19:00
M0162,2025-12-12T19:22:00
M0162,2025-12-19T12:58:00
M0162,2025-12-20T07:35:00
M0162,2025-12-22T08:55:00
M0162,2025-12-22T12:56:00
M0162,2025-12-23T09:31:00
M0162,2025-12-26T12:52:00
M0162,2025-12-28T07:36:00
M0162,2025-12-31T18:48:00
M0162,2026-01-02T08:24:00
M0162,2026-01-05T17:57:00
M0162,2026-01-07T16:21:00
M0162,2026-01-08T12:57:00
M0162,2026-01-10T09:59:00
M0162,2026-01-11T16:11:00
M0162,2026-01-12T15:02:00
M0162,2026-01-12T15:48:00
M0162,2026-01-12T18:05:00
M0162,2026-01-13T16:28:00
M0162,2026-01-13T19:56:00
M0162,2026-01-17T08:47:00
M0162,2026-01-23T11:21:00
M0162,2026-01-23T14:20:00
M0162,2026-01-23T18:58:00
M0162,2026-01-24T17:46:00
M0162,2026-01-25T19:59:00
M0162,2026-01-30T10:49:00
M0162,2026-02-01T14:58:00
M0162,2026-02-02T20:35:00
M0162,2026-02-02T20:43:00
M0162,2026-02-03T13:09:00
M0162,2026-02-07T10:30:00
M0162,2026-02-07T10:59:00
M0162,2026-02-09T10:24:00
M0162,2026-02-11T09:36:00
M0162,2026-02-13T09:14:00
M0162,2026-02-14T08:55:00
M0162,2026-02-14T11:43:00
M0162,2026-02-16T07:07:00
M0162,2026-02-16T17:50:00
M0162,2026-02-17T10:37:00
M0162,2026-02-18T13:33:00
M0162,2026-02-18T13:37:00
M0162,2026-02-19T17:44:00
M0162,2026-02-20T09:09:00
M0162,2026-02-20T11:13:00
M0162,2026-02-21T15:20:00
M0162,2026-02-21T17:44:00
M0162,2026-02-22T06:44:00
M0162,2026-02-23T09:28:00
M0162,2026-02-24T07:32:00
M0162,2026-02-24T16:27:00
M0162,2026-02-25T06:03:00
M0162,2026-02-25T18:23:00
M0162,2026-02-26T06:18:00
M0162,2026-02-28T07:16:00
M0162,2026-02-28T10:13:00
M0162,2026-03-04T07:20:00
M0162,2026-03-04T13:15:00
M0162,2026-03-07T13:51:00
M0162,2026-03-08T12:30:00
M0162,2026-03-10T07:02:00
M0162,2026-03-11T07:35:00
M0162,2026-03-11T12:10:00
M0162,2026-03-12T07:51:00
M0162,2026-03-17T10:08:00
M0162,2026-03-18T16:25:00
M0162,2026-03-19T14:20:00
M0162,2026-03-22T20:51:00
M0162,2026-03-23T18:29:00
M0162,2026-03-25T16:12:00
M0162,2026-03-26T14:41:00
M0162,2026-03-27T06:09:00
M0162,2026-03-27T06:26:00
M0162,2026-03-27T12:52:00
M0162,2026-03-30T08:45:00
M0162,2026-04-02T07:23:00
M0162,2026-04-05T09:03:00
M0162,2026-04-05T14:27:00
M0162,2026-04-06T20:53:00
M0162,2026-04-07T06:03:00
M0162,2026-04-09T06:43:00
M0162,2026-04-09T09:00:00
M0162,2026-04-09T11:58:00
M0162,2026-04-10T11:41:00
M0162,2026-04-11T12:26:00
M0162,2026-04-12T08:18:00
M0162,2026-04-13T07:16:00
M0162,2026-04-13T18:09:00
M0162,2026-04-14T06:06:00
M0162,2026-04-16T07:06:00
M0162,2026-04-18T19:25:00
M0162,2026-04-19T19:47:00
M0162,2026-04-20T17:37:00
M0162,2026-04-21T20:15:00
M0162,2026-04-22T08:01:00
M0162,2026-04-22T08:08:00
M0162,2026-04-26T19:08:00
M0162,2026-04-27T06:02:00
M0162,2026-04-27T09:55:00
M0162,2026-04-27T12:08:00
M0162,2026-04-29T08:11:00
M0162,2026-04-30T08:03:00
M0162,2026-05-07T06:06:00
M0162,2026-05-07T17:39:00
M0162,2026-05-09T07:48:00
M0162,2026-05-10T10:34:00
M0162,2026-05-11T09:14:00
M0162,2026-05-13T07:12:00
M0162,2026-05-15T06:54:00
M0162,2026-05-17T08:15:00
M0162,2026-05-17T16:11:00
M0162,2026-05-18T08:33:00
M0162,2026-05-19T07:50:00
M0162,2026-05-25T08:13:00
M0162,2026-05-25T08:32:00
M0162,2026-05-25T19:55:00
M0162,2026-05-26T16:18:00
M0162,2026-05-28T15:16:00
M0162,2026-05-30T08:16:00
M0162,2026-06-02T10:49:00
M0162,2026-06-02T12:50:00
M0162,2026-06-05T10:39:00
M0162,2026-06-07T17:03:00
M0162,2026-06-08T09:27:00
M0162,2026-06-09T09:17:00
M0162,2026-06-10T14:27:00
M0162,2026-06-11T13:40:00
M0162,2026-06-11T18:37:00
M0162,2026-06-12T13:40:00
M0162,2026-06-12T19:15:00
M0162,2026-06-15T08:39:00
M0162,2026-06-15T12:53:00
M0162,2026-06-15T16:36:00
M0162,2026-06-16T19:14:00
M0162,2026-06-17T16:40:00
M0162,2026-06-23T11:52:00
M0162,2026-06-25T08:24:00
M0162,2026-06-26T07:21:00
M0162,2026-06-27T10:31:00
M0162,2026-06-28T11:50:00
M0162,2026-06-29T15:54:00
M0162,2026-07-03T20:24:00
M0162,2026-07-05T19:40:00
M0162,2026-07-07T12:19:00
M0162,2026-07-08T06:39:00
M0162,2026-07-11T10:30:00
M0162,2026-07-12T10:56:00
M0162,2026-07-12T12:54:00
M0162,2026-07-14T18:17:00
M0162,2026-07-15T17:23:00
M0162,2026-07-17T11:14:00
M0162,2026-07-19T11:13:00
M0162,2026-07-21T08:48:00
M0162,2026-07-22T15:44:00
M0162,2026-07-23T11:42:00
M0162,2026-07-23T17:59:00
M0162,2026-07-23T20:49:00
M0162,2026-07-24T12:27:00
M0162,2026-07-26T10:12:00
M0162,2026-07-27T17:15:00
M0162,2026-07-29T14:56:00
M0162,2026-08-02T10:06:00
M0162,2026-08-02T16:29:00
M0162,2026-08-03T13:05:00
M0162,2026-08-04T09:47:00
M0162,2026-08-04T20:37:00
M0162,2026-08-06T14:59:00
M0162,2026-08-06T18:24:00
M0162,2026-08-07T16:44:00
M0162,2026-08-09T11:17:00
M0162,2026-08-09T16:18:00
M0162,2026-08-15T12:46:00
M0162,2026-08-15T12:50:00
M0162,2026-08-16T16:36:00
M0162,2026-08-18T14:21:00
M0162,2026-08-19T08:18:00
M0162,2026-08-19T13:37:00
M0162,2026-08-19T17:27:00
M0162,2026-08-26T18:56:00
M0162,2026-08-27T07:26:00
M0162,2026-08-27T09:39:00
M0162,2026-08-28T14:50:00
M0162,2026-08-29T06:15:00
M0162,2026-08-29T07:25:00
M0162,2026-08-29T11:55:00
M0162,2026-08-30T16:32:00
M0162,2026-08-30T17:29:00
M0162,2026-09-04T14:41:00
M0162,2026-09-05T13:51:00
M0163,2025-05-15T12:46:00
M0163,2025-05-19T06:35:00
M0163,2025-05-20T13:35:00
M0163,2025-05-21T08:07:00
M0163,2025-05-22T15:49:00
M0163,2025-05-23T12:50:00
M0163,2025-05-23T15:13:00
M0163,2025-05-30T16:17:00
M0163,2025-05-30T18:49:00
M0163,2025-05-31T12:11:00
M0163,2025-06-03T08:47:00
M0163,2025-06-05T12:53:00
M0163,2025-06-08T19:40:00
M0163,2025-06-09T10:22:00
M0163,2025-06-17T09:38:00
M0163,2025-06-17T12:13:00
M0163,2025-06-18T13:08:00
M0163,2025-06-23T20:37:00
M0163,2025-06-24T18:37:00
M0163,2025-06-25T09:25:00
M0163,2025-06-25T16:07:00
M0163,2025-06-26T16:26:00
M0163,2025-06-29T19:42:00
M0163,2025-06-30T20:19:00
M0163,2025-06-30T20:24:00
M0163,2025-07-01T15:16:00
M0163,2025-07-05T07:39:00
M0163,2025-07-05T13:43:00
M0163,2025-07-07T10:36:00
M0163,2025-07-09T06:06:00
M0163,2025-07-09T12:43:00
M0163,2025-07-11T09:38:00
M0163,2025-07-12T07:10:00
M0163,2025-07-13T09:13:00
M0163,2025-07-18T18:49:00
M0163,2025-07-19T18:45:00
M0163,2025-07-20T06:07:00
M0163,2025-07-23T18:48:00
M0163,2025-07-24T15:38:00
M0163,2025-07-25T17:37:00
M0163,2025-08-06T09:14:00
M0163,2025-08-07T10:17:00
M0163,2025-08-07T13:58:00
M0163,2025-08-11T12:53:00
M0163,2025-08-23T16:51:00
M0163,2025-08-28T16:17:00
M0163,2025-09-05T06:52:00
M0163,2025-09-07T14:51:00
M0163,2025-09-07T18:06:00
M0163,2025-09-08T06:04:00
M0163,2025-09-08T10:05:00
M0163,2025-09-09T12:31:00
M0163,2025-09-10T10:58:00
M0163,2025-09-14T09:02:00
M0163,2025-09-17T18:01:00
M0163,2025-09-17T19:19:00
M0163,2025-09-20T06:18:00
M0163,2025-09-21T07:06:00
M0163,2025-09-21T16:42:00
M0163,2025-09-21T16:45:00
M0163,2025-09-22T20:59:00
M0163,2025-09-24T08:33:00
M0163,2025-09-25T20:58:00
M0163,2025-09-27T19:26:00
M0163,2025-09-28T19:56:00
M0163,2025-10-01T12:58:00
M0163,2025-10-01T20:39:00
M0163,2025-10-03T08:07:00
M0163,2025-10-05T06:15:00
M0163,2025-10-05T06:47:00
M0163,2025-10-10T14:16:00
M0163,2025-10-10T14:57:00
M0163,2025-10-13T20:21:00
M0163,2025-10-14T18:12:00
M0163,2025-10-16T06:13:00
M0163,2025-10-17T09:04:00
M0163,2025-10-18T06:44:00
M0163,2025-10-22T13:53:00
M0163,2025-10-25T15:42:00
M0163,2025-10-26T07:13:00
M0163,2025-10-26T12:03:00
M0163,2025-10-29T11:50:00
M0163,2025-11-01T07:54:00
M0163,2025-11-03T20:05:00
M0163,2025-11-06T20:08:00
M0163,2025-11-09T16:19:00
M0163,2025-11-11T13:07:00
M0163,2025-11-11T17:06:00
M0163,2025-11-11T19:01:00
M0163,2025-11-13T10:57:00
M0163,2025-11-19T08:59:00
M0163,2025-11-22T16:55:00
M0163,2025-11-26T07:08:00
M0163,2025-11-30T14:51:00
M0163,2025-12-01T07:18:00
M0163,2025-12-09T14:29:00
M0163,2025-12-09T16:19:00
M0163,2025-12-10T18:59:00
M0163,2025-12-12T08:58:00
M0163,2025-12-13T20:44:00
M0163,2025-12-27T19:32:00
M0163,2025-12-28T09:27:00
M0163,2026-01-02T13:24:00
M0163,2026-01-09T19:27:00
M0163,2026-01-15T14:50:00
M0163,2026-01-15T15:04:00
M0163,2026-01-21T06:58:00
M0163,2026-01-24T07:50:00
M0163,2026-01-25T07:42:00
M0163,2026-01-26T13:19:00
M0163,2026-01-28T07:45:00
M0163,2026-01-28T11:18:00
M0163,2026-01-29T16:09:00
M0163,2026-02-01T10:10:00
M0163,2026-02-04T12:38:00
M0163,2026-02-05T07:58:00
M0163,2026-02-06T09:21:00
M0163,2026-02-23T12:42:00
M0163,2026-02-26T12:04:00
M0163,2026-02-28T14:16:00
M0163,2026-03-03T11:21:00
M0163,2026-03-04T06:08:00
M0163,2026-03-04T20:45:00
M0163,2026-03-05T11:11:00
M0163,2026-03-07T15:34:00
M0163,2026-03-07T17:51:00
M0163,2026-03-08T17:39:00
M0163,2026-03-09T10:57:00
M0163,2026-03-09T11:18:00
M0163,2026-03-10T16:31:00
M0163,2026-03-13T12:24:00
M0163,2026-03-13T14:33:00
M0163,2026-03-15T10:32:00
M0163,2026-03-18T06:23:00
M0163,2026-03-18T15:40:00
M0163,2026-03-21T13:22:00
M0163,2026-03-22T15:14:00
M0163,2026-03-23T17:21:00
M0163,2026-03-26T11:23:00
M0163,2026-03-30T20:25:00
M0163,2026-04-01T13:09:00
M0163,2026-04-02T19:11:00
M0163,2026-04-04T16:46:00
M0163,2026-04-07T14:18:00
M0163,2026-04-11T12:08:00
M0163,2026-04-14T16:23:00
M0163,2026-04-18T11:01:00
M0163,2026-04-24T12:55:00
M0163,2026-05-06T13:01:00
M0163,2026-05-11T06:05:00
M0163,2026-05-14T06:52:00
M0163,2026-05-15T07:53:00
M0163,2026-05-15T19:41:00
M0163,2026-05-16T14:41:00
M0163,2026-05-16T19:11:00
M0163,2026-05-22T06:50:00
M0163,2026-05-25T14:28:00
M0163,2026-05-26T18:06:00
M0163,2026-05-27T06:40:00
M0163,2026-05-31T15:03:00
M0163,2026-06-02T12:26:00
M0163,2026-06-08T10:51:00
M0163,2026-06-09T07:31:00
M0163,2026-06-11T14:09:00
M0163,2026-06-17T13:26:00
M0163,2026-06-18T09:32:00
M0163,2026-06-22T07:07:00
M0163,2026-06-26T19:50:00
M0163,2026-06-29T08:08:00
M0163,2026-07-02T08:11:00
M0163,2026-07-02T08:35:00
M0163,2026-07-08T14:17:00
M0163,2026-07-11T11:55:00
M0163,2026-07-12T08:18:00
M0163,2026-07-16T14:12:00
M0163,2026-07-31T15:37:00
M0163,2026-08-02T10:02:00
M0163,2026-08-05T10:05:00
M0163,2026-08-05T17:48:00
M0163,2026-08-09T10:28:00
M0163,2026-08-12T20:15:00
M0163,2026-08-13T11:56:00
M0163,2026-08-14T16:01:00
M0163,2026-08-16T18:07:00
M0163,2026-08-18T07:45:00
M0163,2026-08-18T19:49:00
M0163,2026-08-21T09:20:00
M0163,2026-08-25T13:59:00
M0163,2026-08-27T08:49:00
M0163,2026-08-27T20:52:00
M0163,2026-08-31T14:37:00
M0163,2026-09-02T18:59:00
M0163,2026-09-05T10:07:00
M0163,2026-09-07T17:59:00
M0164,2026-06-06T20:41:00
M0164,2026-06-07T10:04:00
M0164,2026-06-08T10:30:00
M0164,2026-06-09T10:46:00
M0164,2026-06-10T11:55:00
M0164,2026-06-10T12:51:00
M0164,2026-06-12T08:50:00
M0164,2026-06-12T14:48:00
M0164,2026-06-12T17:21:00
M0164,2026-06-13T08:05:00
M0164,2026-06-17T20:39:00
M0164,2026-06-18T08:35:00
M0164,2026-06-18T14:43:00
M0164,2026-06-21T06:24:00
M0164,2026-06-28T18:22:00
M0164,2026-06-30T20:35:00
M0164,2026-07-02T09:29:00
M0164,2026-07-02T17:01:00
M0164,2026-07-04T09:52:00
M0164,2026-07-04T16:09:00
M0164,2026-07-08T15:49:00
M0164,2026-07-09T13:16:00
M0164,2026-07-09T15:46:00
M0164,2026-07-11T11:52:00
M0164,2026-07-12T19:46:00
M0164,2026-07-14T15:36:00
M0164,2026-07-20T14:20:00
M0164,2026-07-20T20:31:00
M0164,2026-07-22T10:44:00
M0164,2026-07-24T11:37:00
M0164,2026-07-31T06:34:00
M0164,2026-07-31T10:11:00
M0164,2026-08-01T19:26:00
M0164,2026-08-05T20:47:00
M0164,2026-08-09T14:38:00
M0164,2026-08-10T11:57:00
M0164,2026-08-12T12:36:00
M0164,2026-08-13T06:44:00
M0164,2026-08-14T14:27:00
M0164,2026-08-15T12:04:00
M0164,2026-08-16T09:28:00
M0164,2026-08-17T12:29:00
M0164,2026-08-20T06:24:00
M0164,2026-08-21T10:23:00
M0164,2026-08-22T12:20:00
M0164,2026-08-25T20:02:00
M0164,2026-08-29T20:14:00
M0164,2026-08-30T13:26:00
M0164,2026-09-05T10:37:00
M0164,2026-09-08T16:35:00
M0164,2026-09-09T06:08:00
M0165,2025-10-14T10:19:00
M0165,2025-10-15T18:53:00
M0165,2025-10-15T19:58:00
M0165,2025-10-20T11:51:00
M0165,2025-10-20T17:09:00
M0165,2025-10-21T16:11:00
M0165,2025-10-25T06:34:00
M0165,2025-10-28T08:13:00
M0165,2025-10-28T14:00:00
M0165,2025-11-01T06:17:00
M0165,2025-11-02T13:45:00
M0165,2025-11-03T10:07:00
M0165,2025-11-21T11:21:00
M0165,2025-12-01T19:25:00
M0165,2025-12-04T07:20:00
M0165,2025-12-04T11:20:00
M0165,2025-12-10T10:54:00
M0165,2025-12-18T20:01:00
M0165,2025-12-24T08:53:00
M0165,2025-12-24T15:51:00
M0165,2025-12-31T06:10:00
M0165,2026-01-06T08:23:00
M0165,2026-01-07T06:15:00
M0165,2026-01-31T09:14:00
M0165,2026-02-13T08:39:00
M0165,2026-02-28T11:43:00
M0165,2026-03-02T20:14:00
M0165,2026-03-05T10:22:00
M0165,2026-03-13T14:58:00
M0165,2026-03-14T07:20:00
M0165,2026-03-14T08:33:00
M0165,2026-03-18T09:02:00
M0165,2026-03-24T06:58:00
M0165,2026-03-25T12:11:00
M0165,2026-03-28T08:38:00
M0165,2026-04-05T13:10:00
M0165,2026-04-10T15:38:00
M0165,2026-04-19T13:18:00
M0165,2026-04-20T15:08:00
M0165,2026-05-12T07:26:00
M0165,2026-05-13T14:59:00
M0165,2026-05-16T08:01:00
M0165,2026-05-17T11:43:00
M0165,2026-05-23T08:57:00
M0165,2026-06-08T15:11:00
M0165,2026-06-10T12:38:00
M0165,2026-06-22T13:54:00
M0165,2026-07-04T06:25:00
M0165,2026-07-06T08:52:00
M0165,2026-07-13T07:53:00
M0165,2026-07-13T15:10:00
M0165,2026-07-14T18:02:00
M0165,2026-07-30T06:19:00
M0165,2026-08-09T07:36:00
M0165,2026-08-09T16:37:00
M0165,2026-08-10T06:26:00
M0165,2026-08-11T06:11:00
M0165,2026-08-13T18:52:00
M0165,2026-08-17T11:39:00
M0165,2026-08-17T16:15:00
M0165,2026-08-31T13:38:00
M0166,2026-03-13T08:53:00
M0166,2026-03-14T12:45:00
M0166,2026-03-16T17:23:00
M0166,2026-03-17T13:04:00
M0166,2026-03-17T16:17:00
M0166,2026-03-19T17:28:00
M0166,2026-03-21T15:19:00
M0166,2026-03-30T15:51:00
M0166,2026-04-03T09:00:00
M0166,2026-04-04T17:51:00
M0166,2026-04-04T18:49:00
M0166,2026-04-17T08:47:00
M0166,2026-04-24T07:24:00
M0166,2026-04-26T20:50:00
M0166,2026-04-28T16:29:00
M0166,2026-05-02T11:24:00
M0166,2026-05-02T13:46:00
M0166,2026-05-02T19:15:00
M0166,2026-05-03T06:50:00
M0166,2026-05-04T18:04:00
M0166,2026-05-09T18:22:00
M0166,2026-05-12T07:39:00
M0166,2026-05-15T16:39:00
M0166,2026-05-21T16:28:00
M0166,2026-05-26T20:06:00
M0166,2026-05-31T12:26:00
M0166,2026-06-02T12:21:00
M0166,2026-06-04T11:11:00
M0166,2026-06-16T13:41:00
M0166,2026-06-19T06:50:00
M0166,2026-06-22T08:35:00
M0166,2026-06-24T12:04:00
M0166,2026-06-25T19:44:00
M0166,2026-06-30T11:30:00
M0166,2026-07-13T06:26:00
M0166,2026-07-14T07:51:00
M0166,2026-07-16T16:07:00
M0166,2026-07-17T08:15:00
M0166,2026-07-21T15:03:00
M0166,2026-07-26T13:40:00
M0166,2026-08-02T06:24:00
M0166,2026-08-03T16:59:00
M0166,2026-08-11T19:30:00
M0166,2026-08-18T12:13:00
M0166,2026-08-22T09:08:00
M0166,2026-08-28T09:43:00
M0166,2026-08-29T15:09:00
M0166,2026-08-30T07:34:00
M0166,2026-09-03T19:08:00
M0167,2026-01-07T19:15:00
M0167,2026-01-09T19:21:00
M0167,2026-01-10T18:34:00
M0167,2026-01-10T20:44:00
M0167,2026-01-11T17:04:00
M0167,2026-01-12T20:15:00
M0167,2026-01-14T08:16:00
M0167,2026-01-23T11:38:00
M0167,2026-01-31T09:08:00
M0167,2026-02-01T16:32:00
M0167,2026-02-02T12:24:00
M0167,2026-02-06T16:35:00
M0167,2026-02-06T18:34:00
M0167,2026-02-08T10:06:00
M0167,2026-02-11T18:43:00
M0167,2026-02-13T12:21:00
M0167,2026-02-17T07:49:00
M0167,2026-02-19T16:55:00
M0167,2026-02-19T20:13:00
M0167,2026-02-21T07:56:00
M0167,2026-02-21T08:02:00
M0167,2026-02-24T19:24:00
M0167,2026-03-02T11:10:00
M0167,2026-03-05T08:27:00
M0167,2026-03-08T12:25:00
M0167,2026-03-13T19:50:00
M0167,2026-03-18T13:11:00
M0167,2026-03-18T19:56:00
M0167,2026-03-19T07:51:00
M0167,2026-03-25T13:53:00
M0167,2026-03-25T18:58:00
M0167,2026-03-26T11:22:00
M0167,2026-04-02T16:25:00
M0167,2026-04-02T20:48:00
M0167,2026-04-03T15:30:00
M0167,2026-04-10T10:33:00
M0167,2026-04-15T10:52:00
M0167,2026-04-17T14:18:00
M0167,2026-04-18T12:10:00
M0167,2026-04-21T06:19:00
M0167,2026-04-24T16:08:00
M0167,2026-04-26T11:53:00
M0167,2026-04-27T15:18:00
M0167,2026-04-30T06:26:00
M0167,2026-05-08T11:24:00
M0167,2026-05-09T08:36:00
M0167,2026-05-09T20:21:00
M0167,2026-05-18T07:09:00
M0167,2026-05-20T18:28:00
M0167,2026-05-22T17:31:00
M0167,2026-05-25T12:49:00
M0167,2026-05-25T16:03:00
M0167,2026-06-03T15:14:00
M0167,2026-06-07T11:44:00
M0167,2026-06-09T15:28:00
M0167,2026-06-13T18:13:00
M0167,2026-06-18T16:56:00
M0167,2026-06-18T19:08:00
M0167,2026-06-23T08:36:00
M0167,2026-06-23T10:27:00
M0167,2026-07-01T08:50:00
M0167,2026-07-01T10:57:00
M0167,2026-07-02T20:00:00
M0167,2026-07-03T13:35:00
M0167,2026-07-06T17:42:00
M0167,2026-07-06T17:59:00
M0167,2026-07-06T18:42:00
M0167,2026-07-09T20:22:00
M0167,2026-07-12T17:00:00
M0167,2026-07-17T17:36:00
M0167,2026-07-22T11:07:00
M0167,2026-07-24T06:13:00
M0167,2026-07-24T19:56:00
M0167,2026-07-26T16:03:00
M0167,2026-07-27T14:18:00
M0167,2026-07-29T16:39:00
M0167,2026-08-06T13:35:00
M0167,2026-08-08T08:05:00
M0167,2026-08-16T19:09:00
M0167,2026-08-17T09:12:00
M0167,2026-08-19T17:03:00
M0167,2026-08-21T16:46:00
M0167,2026-08-27T11:04:00
M0167,2026-08-29T17:45:00
M0167,2026-09-06T20:25:00
M0167,2026-09-11T12:49:00
M0168,2025-04-06T07:04:00
M0168,2025-04-14T20:50:00
M0168,2025-04-19T08:01:00
M0168,2025-04-19T19:03:00
M0168,2025-04-29T08:24:00
M0168,2025-04-29T14:58:00
M0168,2025-05-02T16:33:00
M0168,2025-05-03T10:49:00
M0168,2025-05-03T14:13:00
M0168,2025-05-04T18:32:00
M0168,2025-05-05T17:34:00
M0168,2025-05-05T18:13:00
M0168,2025-05-07T19:28:00
M0168,2025-05-08T12:31:00
M0168,2025-05-09T15:24:00
M0168,2025-05-09T17:40:00
M0168,2025-05-11T17:13:00
M0168,2025-05-14T06:54:00
M0168,2025-05-20T16:43:00
M0168,2025-05-27T15:58:00
M0168,2025-05-27T20:27:00
M0168,2025-05-29T08:01:00
M0168,2025-05-29T11:58:00
M0168,2025-06-04T10:36:00
M0168,2025-06-08T19:12:00
M0168,2025-06-13T19:03:00
M0168,2025-06-15T20:36:00
M0168,2025-06-16T10:39:00
M0168,2025-06-17T18:55:00
M0168,2025-06-30T11:03:00
M0168,2025-07-06T20:21:00
M0168,2025-07-08T12:07:00
M0168,2025-07-12T06:04:00
M0168,2025-07-12T16:56:00
M0168,2025-07-16T11:50:00
M0168,2025-07-17T17:44:00
M0168,2025-07-24T20:03:00
M0168,2025-07-25T16:03:00
M0168,2025-08-04T14:46:00
M0168,2025-08-07T15:40:00
M0168,2025-08-09T17:47:00
M0168,2025-08-10T10:16:00
M0168,2025-08-18T07:22:00
M0168,2025-08-18T13:19:00
M0168,2025-08-19T06:17:00
M0168,2025-08-19T09:33:00
M0168,2025-08-19T14:41:00
M0168,2025-08-20T12:57:00
M0168,2025-08-21T11:04:00
M0168,2025-08-22T07:03:00
M0168,2025-08-22T09:53:00
M0168,2025-08-22T16:06:00
M0168,2025-09-07T07:59:00
M0168,2025-09-07T15:40:00
M0168,2025-09-10T11:22:00
M0168,2025-09-11T06:12:00
M0168,2025-09-16T12:18:00
M0168,2025-09-17T14:59:00
M0168,2025-09-24T07:31:00
M0168,2025-09-25T10:02:00
M0168,2025-09-27T19:28:00
M0168,2025-10-12T20:38:00
M0168,2025-10-19T08:56:00
M0168,2025-10-22T18:58:00
M0168,2025-10-24T07:25:00
M0168,2025-10-27T13:44:00
M0168,2025-10-30T14:44:00
M0168,2025-10-30T16:45:00
M0168,2025-11-02T11:33:00
M0168,2025-11-02T12:05:00
M0168,2025-11-05T12:51:00
M0168,2025-11-06T12:07:00
M0168,2025-11-09T15:36:00
M0168,2025-11-26T13:22:00
M0168,2025-11-26T19:53:00
M0168,2025-12-01T08:26:00
M0168,2025-12-04T09:42:00
M0168,2025-12-04T17:45:00
M0168,2025-12-07T13:55:00
M0168,2025-12-07T17:20:00
M0168,2025-12-13T06:21:00
M0168,2025-12-15T10:22:00
M0168,2025-12-18T09:23:00
M0168,2025-12-23T13:45:00
M0168,2025-12-25T11:27:00
M0168,2025-12-26T14:04:00
M0168,2025-12-29T14:23:00
M0168,2026-01-12T11:15:00
M0168,2026-01-12T15:41:00
M0168,2026-01-15T18:48:00
M0168,2026-01-19T12:25:00
M0168,2026-01-22T08:18:00
M0168,2026-01-28T20:49:00
M0168,2026-01-29T06:04:00
M0168,2026-01-30T08:06:00
M0168,2026-01-30T13:21:00
M0168,2026-02-04T12:35:00
M0168,2026-02-04T15:55:00
M0168,2026-02-06T11:34:00
M0168,2026-02-07T10:59:00
M0168,2026-02-09T06:52:00
M0168,2026-02-15T08:50:00
M0168,2026-02-21T18:12:00
M0168,2026-02-23T20:52:00
M0168,2026-02-25T08:30:00
M0168,2026-02-26T11:13:00
M0168,2026-03-07T12:27:00
M0168,2026-03-10T07:40:00
M0168,2026-03-12T14:51:00
M0168,2026-03-13T09:16:00
M0168,2026-03-17T08:55:00
M0168,2026-03-17T18:47:00
M0168,2026-03-20T06:10:00
M0168,2026-03-22T18:34:00
M0168,2026-03-25T07:15:00
M0168,2026-03-25T19:12:00
M0168,2026-03-26T11:19:00
M0168,2026-03-29T14:58:00
M0168,2026-04-06T14:55:00
M0168,2026-04-06T20:46:00
M0168,2026-04-08T18:53:00
M0168,2026-04-09T20:30:00
M0168,2026-04-10T19:10:00
M0168,2026-04-11T06:40:00
M0168,2026-04-12T20:48:00
M0168,2026-04-15T13:58:00
M0168,2026-04-15T18:30:00
M0168,2026-04-16T10:08:00
M0168,2026-04-17T18:07:00
M0168,2026-04-21T08:44:00
M0168,2026-04-24T13:41:00
M0168,2026-04-27T06:49:00
M0168,2026-04-30T06:00:00
M0168,2026-04-30T20:24:00
M0168,2026-05-06T20:05:00
M0168,2026-05-11T07:03:00
M0168,2026-05-11T10:43:00
M0168,2026-05-12T13:13:00
M0168,2026-05-16T08:45:00
M0168,2026-05-16T10:09:00
M0168,2026-05-24T18:39:00
M0168,2026-05-29T06:22:00
M0168,2026-05-29T13:30:00
M0168,2026-05-29T16:30:00
M0168,2026-05-30T19:44:00
M0168,2026-05-30T20:50:00
M0168,2026-05-31T16:37:00
M0168,2026-06-05T20:27:00
M0168,2026-06-14T12:23:00
M0168,2026-06-18T16:30:00
M0168,2026-06-23T18:25:00
M0168,2026-06-24T18:29:00
M0168,2026-06-26T15:27:00
M0168,2026-07-01T10:02:00
M0168,2026-07-16T15:46:00
M0168,2026-07-17T12:33:00
M0168,2026-07-18T09:12:00
M0168,2026-07-26T06:39:00
M0168,2026-07-28T18:17:00
M0168,2026-08-03T20:52:00
M0168,2026-08-07T11:09:00
M0168,2026-08-08T10:08:00
M0168,2026-08-10T17:11:00
M0168,2026-08-10T19:05:00
M0168,2026-08-14T11:12:00
M0168,2026-08-14T12:43:00
M0168,2026-08-15T13:39:00
M0168,2026-08-16T11:44:00
M0168,2026-08-18T09:39:00
M0168,2026-08-20T07:48:00
M0168,2026-08-21T06:29:00
M0168,2026-08-31T12:03:00
M0168,2026-09-01T13:42:00
M0168,2026-09-05T07:21:00
M0169,2026-05-29T06:01:00
M0169,2026-05-29T11:35:00
M0169,2026-05-29T20:21:00
M0169,2026-05-30T06:08:00
M0169,2026-05-30T13:55:00
M0169,2026-05-30T17:13:00
M0169,2026-05-30T20:54:00
M0169,2026-05-31T10:54:00
M0169,2026-06-03T09:20:00
M0169,2026-06-04T14:32:00
M0169,2026-06-07T09:22:00
M0169,2026-06-12T20:05:00
M0169,2026-06-17T20:45:00
M0169,2026-06-18T15:25:00
M0169,2026-06-19T15:05:00
M0169,2026-06-20T08:06:00
M0169,2026-06-20T20:26:00
M0169,2026-06-21T12:54:00
M0169,2026-06-22T10:24:00
M0169,2026-06-25T16:53:00
M0169,2026-06-30T20:13:00
M0169,2026-07-01T18:09:00
M0169,2026-07-14T13:44:00
M0169,2026-07-15T19:42:00
M0169,2026-07-22T10:25:00
M0169,2026-07-22T18:33:00
M0169,2026-07-24T12:23:00
M0169,2026-08-01T11:16:00
M0169,2026-08-03T20:37:00
M0169,2026-08-05T17:31:00
M0169,2026-08-09T08:18:00
M0169,2026-08-11T06:51:00
M0169,2026-08-11T17:56:00
M0169,2026-08-12T06:34:00
M0169,2026-08-16T16:42:00
M0169,2026-08-18T10:42:00
M0169,2026-08-21T16:03:00
M0169,2026-08-25T11:05:00
M0169,2026-08-26T19:09:00
M0169,2026-08-28T16:12:00
M0169,2026-08-28T20:07:00
M0169,2026-08-29T06:35:00
M0169,2026-08-30T12:50:00
M0169,2026-08-31T11:17:00
M0169,2026-09-02T09:20:00
M0169,2026-09-02T12:38:00
M0169,2026-09-04T19:41:00
M0169,2026-09-06T06:56:00
M0169,2026-09-06T17:46:00
M0169,2026-09-06T18:53:00
M0169,2026-09-08T20:03:00
M0169,2026-09-09T18:00:00
M0170,2025-11-15T10:54:00
M0170,2025-11-22T14:02:00
M0170,2026-02-09T14:41:00
M0170,2026-03-02T11:44:00
M0170,2026-04-21T07:21:00
M0170,2026-04-30T20:38:00
M0171,2026-05-21T14:58:00
M0171,2026-05-23T07:15:00
M0171,2026-05-25T06:32:00
M0171,2026-05-26T12:25:00
M0171,2026-05-26T18:05:00
M0171,2026-05-28T08:43:00
M0171,2026-06-01T12:33:00
M0171,2026-06-03T11:54:00
M0171,2026-06-09T18:36:00
M0171,2026-06-12T18:29:00
M0171,2026-06-13T19:00:00
M0171,2026-06-15T09:04:00
M0171,2026-06-15T10:49:00
M0171,2026-06-16T11:58:00
M0171,2026-06-17T11:43:00
M0171,2026-06-21T09:43:00
M0171,2026-06-23T19:05:00
M0171,2026-06-24T19:39:00
M0171,2026-06-30T17:15:00
M0171,2026-07-02T15:28:00
M0171,2026-07-04T13:59:00
M0171,2026-07-05T14:18:00
M0171,2026-07-09T07:35:00
M0171,2026-07-15T18:46:00
M0171,2026-07-17T08:42:00
M0171,2026-07-18T12:46:00
M0171,2026-07-18T15:14:00
M0171,2026-07-19T07:47:00
M0171,2026-07-21T11:41:00
M0171,2026-07-22T12:51:00
M0171,2026-07-25T12:30:00
M0171,2026-07-26T13:30:00
M0171,2026-07-27T19:06:00
M0171,2026-07-30T16:33:00
M0171,2026-08-01T19:57:00
M0171,2026-08-08T20:15:00
M0171,2026-08-09T18:13:00
M0171,2026-08-12T07:46:00
M0171,2026-08-13T13:59:00
M0171,2026-08-15T14:33:00
M0171,2026-08-17T12:56:00
M0171,2026-08-17T16:22:00
M0171,2026-08-18T18:40:00
M0171,2026-08-20T08:27:00
M0171,2026-08-22T08:37:00
M0171,2026-08-22T12:28:00
M0171,2026-08-23T06:36:00
M0171,2026-08-23T19:44:00
M0171,2026-08-24T17:12:00
M0171,2026-08-26T12:52:00
M0171,2026-08-29T16:25:00
M0171,2026-09-04T08:11:00
M0171,2026-09-06T16:57:00
M0171,2026-09-06T20:41:00
M0171,2026-09-09T13:18:00
M0171,2026-09-11T11:39:00
M0172,2025-07-09T11:47:00
M0172,2025-07-23T06:20:00
M0172,2025-09-06T20:04:00
M0172,2025-11-20T20:18:00
M0172,2025-12-06T18:28:00
M0172,2025-12-06T20:49:00
M0172,2026-03-10T11:30:00
M0172,2026-04-08T15:12:00
M0172,2026-04-29T07:52:00
M0172,2026-06-28T15:55:00
M0172,2026-07-20T19:25:00
M0172,2026-08-03T18:05:00
M0172,2026-08-26T14:28:00
M0172,2026-08-29T16:07:00
M0173,2025-06-08T17:40:00
M0173,2025-06-26T14:28:00
M0173,2025-07-13T19:56:00
M0173,2025-08-23T11:40:00
M0173,2025-10-25T06:40:00
M0173,2025-10-30T16:01:00
M0173,2025-11-04T08:37:00
M0173,2025-11-06T06:07:00
M0173,2025-11-12T17:56:00
M0173,2025-11-13T11:40:00
M0173,2025-11-26T07:41:00
M0173,2025-11-30T12:53:00
M0173,2025-12-22T06:31:00
M0173,2026-01-02T08:36:00
M0173,2026-03-03T06:25:00
M0173,2026-03-20T08:11:00
M0173,2026-03-23T16:38:00
M0173,2026-04-09T09:54:00
M0173,2026-04-30T12:38:00
M0173,2026-05-07T19:07:00
M0173,2026-07-20T14:01:00
M0174,2026-06-05T10:44:00
M0174,2026-06-06T09:30:00
M0174,2026-06-09T17:27:00
M0174,2026-06-10T15:28:00
M0174,2026-06-13T06:44:00
M0174,2026-06-17T11:31:00
M0174,2026-06-17T17:05:00
M0174,2026-06-17T17:40:00
M0174,2026-06-20T10:25:00
M0174,2026-06-23T15:23:00
M0174,2026-06-24T16:48:00
M0174,2026-06-28T10:03:00
M0174,2026-06-28T16:49:00
M0174,2026-07-05T18:13:00
M0174,2026-07-07T12:34:00
M0174,2026-07-11T11:14:00
M0174,2026-07-11T16:19:00
M0174,2026-07-18T11:46:00
M0174,2026-07-23T10:24:00
M0174,2026-07-28T12:57:00
M0174,2026-08-03T14:42:00
M0174,2026-08-05T12:22:00
M0174,2026-08-05T14:12:00
M0174,2026-08-08T14:12:00
M0174,2026-08-11T17:55:00
M0174,2026-08-18T19:14:00
M0174,2026-08-18T20:22:00
M0174,2026-08-19T10:35:00
M0174,2026-08-21T12:25:00
M0174,2026-08-23T19:31:00
M0174,2026-08-25T08:54:00
M0174,2026-08-25T14:27:00
M0174,2026-08-26T10:33:00
M0174,2026-08-27T19:42:00
M0174,2026-08-29T09:09:00
M0174,2026-08-29T14:30:00
M0174,2026-09-02T13:30:00
M0174,2026-09-03T20:32:00
M0174,2026-09-07T10:15:00
M0174,2026-09-11T18:56:00
M0175,2025-03-27T06:48:00
M0175,2025-03-27T18:03:00
M0175,2025-03-30T18:19:00
M0175,2025-03-31T14:02:00
M0175,2025-04-02T17:52:00
M0175,2025-04-03T12:29:00
M0175,2025-04-03T17:02:00
M0175,2025-04-05T08:34:00
M0175,2025-04-08T06:29:00
M0175,2025-04-09T10:11:00
M0175,2025-04-16T15:02:00
M0175,2025-04-21T15:48:00
M0175,2025-04-23T20:47:00
M0175,2025-04-27T13:28:00
M0175,2025-05-02T20:09:00
M0175,2025-05-05T15:20:00
M0175,2025-05-08T16:40:00
M0175,2025-05-08T16:50:00
M0175,2025-05-10T20:01:00
M0175,2025-05-11T06:15:00
M0175,2025-05-13T11:02:00
M0175,2025-05-13T12:08:00
M0175,2025-05-15T14:22:00
M0175,2025-05-18T08:44:00
M0175,2025-05-18T16:00:00
M0175,2025-05-20T08:58:00
M0175,2025-05-20T10:13:00
M0175,2025-05-22T09:56:00
M0175,2025-05-22T11:01:00
M0175,2025-05-23T15:16:00
M0175,2025-05-25T08:35:00
M0175,2025-05-25T16:14:00
M0175,2025-05-26T16:43:00
M0175,2025-05-28T07:51:00
M0175,2025-05-30T15:54:00
M0175,2025-06-01T17:57:00
M0175,2025-06-02T09:48:00
M0175,2025-06-02T18:21:00
M0175,2025-06-03T07:09:00
M0175,2025-06-04T16:22:00
M0175,2025-06-05T08:56:00
M0175,2025-06-07T06:17:00
M0175,2025-06-09T08:25:00
M0175,2025-06-11T14:27:00
M0175,2025-06-13T19:16:00
M0175,2025-06-16T16:24:00
M0175,2025-06-17T14:23:00
M0175,2025-06-18T18:42:00
M0175,2025-06-19T07:44:00
M0175,2025-06-25T14:45:00
M0175,2025-06-26T11:05:00
M0175,2025-06-26T16:48:00
M0175,2025-06-27T09:33:00
M0175,2025-06-29T11:22:00
M0175,2025-07-04T06:51:00
M0175,2025-07-05T19:58:00
M0175,2025-07-08T13:42:00
M0175,2025-07-09T11:06:00
M0175,2025-07-10T11:53:00
M0175,2025-07-13T07:37:00
M0175,2025-07-17T11:48:00
M0175,2025-07-18T08:34:00
M0175,2025-07-18T17:02:00
M0175,2025-07-20T09:44:00
M0175,2025-07-21T12:08:00
M0175,2025-07-25T09:15:00
M0175,2025-07-25T10:24:00
M0175,2025-07-28T07:26:00
M0175,2025-07-29T19:08:00
M0175,2025-07-31T12:46:00
M0175,2025-07-31T19:30:00
M0175,2025-08-03T18:55:00
M0175,2025-08-04T07:42:00
M0175,2025-08-05T08:48:00
M0175,2025-08-07T14:07:00
M0175,2025-08-08T06:32:00
M0175,2025-08-08T10:56:00
M0175,2025-08-08T12:10:00
M0175,2025-08-09T18:41:00
M0175,2025-08-10T08:48:00
M0175,2025-08-12T12:36:00
M0175,2025-08-12T15:39:00
M0175,2025-08-13T07:38:00
M0175,2025-08-18T12:15:00
M0175,2025-08-19T18:54:00
M0175,2025-08-20T20:39:00
M0175,2025-08-23T11:04:00
M0175,2025-08-26T10:21:00
M0175,2025-08-29T17:31:00
M0175,2025-09-02T17:21:00
M0175,2025-09-05T13:14:00
M0175,2025-09-06T14:09:00
M0175,2025-09-07T15:52:00
M0175,2025-09-07T17:46:00
M0175,2025-09-08T08:58:00
M0175,2025-09-10T18:13:00
M0175,2025-09-11T18:14:00
M0175,2025-09-14T18:06:00
M0175,2025-09-17T06:09:00
M0175,2025-09-18T14:22:00
M0175,2025-09-18T15:52:00
M0175,2025-09-20T14:02:00
M0175,2025-09-21T10:41:00
M0175,2025-09-22T18:33:00
M0175,2025-09-22T20:05:00
M0175,2025-09-24T12:19:00
M0175,2025-09-25T06:54:00
M0175,2025-10-01T07:15:00
M0175,2025-10-01T18:46:00
M0175,2025-10-02T08:30:00
M0175,2025-10-02T18:23:00
M0175,2025-10-05T08:35:00
M0175,2025-10-07T07:45:00
M0175,2025-10-07T17:18:00
M0175,2025-10-08T15:39:00
M0175,2025-10-09T10:37:00
M0175,2025-10-10T12:29:00
M0175,2025-10-14T14:54:00
M0175,2025-10-19T09:41:00
M0175,2025-10-19T10:12:00
M0175,2025-10-23T09:27:00
M0175,2025-10-25T11:14:00
M0175,2025-11-04T16:41:00
M0175,2025-11-10T07:56:00
M0175,2025-11-10T08:42:00
M0175,2025-11-11T16:41:00
M0175,2025-11-15T13:30:00
M0175,2025-11-18T11:01:00
M0175,2025-11-21T08:43:00
M0175,2025-11-22T07:43:00
M0175,2025-11-27T18:04:00
M0175,2025-11-28T15:08:00
M0175,2025-11-28T20:50:00
M0175,2025-12-03T14:07:00
M0175,2025-12-05T09:54:00
M0175,2025-12-14T15:05:00
M0175,2025-12-15T12:09:00
M0175,2025-12-17T07:37:00
M0175,2025-12-20T09:25:00
M0175,2025-12-20T13:14:00
M0175,2025-12-20T20:04:00
M0175,2025-12-21T06:46:00
M0175,2025-12-22T15:09:00
M0175,2025-12-29T11:28:00
M0175,2025-12-30T18:01:00
M0175,2025-12-31T16:29:00
M0175,2026-01-02T18:30:00
M0175,2026-01-08T08:36:00
M0175,2026-01-16T06:28:00
M0175,2026-01-17T16:28:00
M0175,2026-01-18T10:22:00
M0175,2026-01-19T15:47:00
M0175,2026-01-31T19:46:00
M0175,2026-02-03T08:49:00
M0175,2026-02-03T11:55:00
M0175,2026-02-03T18:11:00
M0175,2026-02-04T06:16:00
M0175,2026-02-05T11:03:00
M0175,2026-02-08T12:47:00
M0175,2026-02-09T14:15:00
M0175,2026-02-11T17:19:00
M0175,2026-02-14T06:56:00
M0175,2026-02-14T13:35:00
M0175,2026-02-17T08:38:00
M0175,2026-02-17T09:41:00
M0175,2026-02-19T14:25:00
M0175,2026-02-20T18:25:00
M0175,2026-02-22T11:56:00
M0175,2026-02-24T14:45:00
M0175,2026-02-24T15:49:00
M0175,2026-02-26T10:40:00
M0175,2026-02-26T12:43:00
M0175,2026-03-01T13:43:00
M0175,2026-03-01T18:13:00
M0175,2026-03-02T06:17:00
M0175,2026-03-03T20:15:00
M0175,2026-03-07T07:02:00
M0175,2026-03-08T08:15:00
M0175,2026-03-09T12:34:00
M0175,2026-03-10T06:55:00
M0175,2026-03-11T09:17:00
M0175,2026-03-11T13:11:00
M0175,2026-03-13T06:06:00
M0175,2026-03-14T10:10:00
M0175,2026-03-16T11:06:00
M0175,2026-03-16T14:42:00
M0175,2026-03-18T06:06:00
M0175,2026-03-18T14:42:00
M0175,2026-03-21T08:23:00
M0175,2026-03-24T18:35:00
M0175,2026-03-29T09:43:00
M0175,2026-03-30T09:11:00
M0175,2026-04-05T07:56:00
M0175,2026-04-07T09:34:00
M0175,2026-04-08T12:53:00
M0175,2026-04-11T07:46:00
M0175,2026-04-11T16:42:00
M0175,2026-04-12T07:41:00
M0175,2026-04-12T13:15:00
M0175,2026-04-13T16:24:00
M0175,2026-04-13T16:26:00
M0175,2026-04-14T06:01:00
M0175,2026-04-14T13:47:00
M0175,2026-04-16T08:05:00
M0175,2026-04-16T16:31:00
M0175,2026-04-17T13:11:00
M0175,2026-04-18T15:45:00
M0175,2026-04-19T12:38:00
M0175,2026-04-23T17:45:00
M0175,2026-04-28T18:03:00
M0175,2026-04-29T10:35:00
M0175,2026-04-30T19:50:00
M0175,2026-05-01T07:27:00
M0175,2026-05-01T20:00:00
M0175,2026-05-05T14:23:00
M0175,2026-05-05T18:41:00
M0175,2026-05-06T09:29:00
M0175,2026-05-09T11:06:00
M0175,2026-05-10T14:53:00
M0175,2026-05-12T15:16:00
M0175,2026-05-12T18:07:00
M0175,2026-05-14T10:59:00
M0175,2026-05-18T15:48:00
M0175,2026-05-18T16:19:00
M0175,2026-05-21T12:38:00
M0175,2026-05-29T08:39:00
M0175,2026-05-29T11:21:00
M0175,2026-06-03T13:28:00
M0175,2026-06-05T13:05:00
M0175,2026-06-05T19:07:00
M0175,2026-06-06T08:29:00
M0175,2026-06-07T16:51:00
M0175,2026-06-09T08:47:00
M0175,2026-06-09T17:48:00
M0175,2026-06-12T18:09:00
M0175,2026-06-12T18:53:00
M0175,2026-06-13T11:25:00
M0175,2026-06-14T14:32:00
M0175,2026-06-15T12:15:00
M0175,2026-06-16T09:34:00
M0175,2026-06-16T11:23:00
M0175,2026-06-19T09:29:00
M0175,2026-06-19T14:14:00
M0175,2026-06-19T17:18:00
M0175,2026-06-19T20:49:00
M0175,2026-06-22T19:33:00
M0175,2026-06-28T08:13:00
M0175,2026-06-28T16:59:00
M0175,2026-06-28T18:18:00
M0175,2026-06-29T06:10:00
M0175,2026-07-02T10:50:00
M0175,2026-07-03T20:24:00
M0175,2026-07-05T12:04:00
M0175,2026-07-07T07:51:00
M0175,2026-07-07T10:43:00
M0175,2026-07-07T16:19:00
M0175,2026-07-08T13:27:00
M0175,2026-07-08T17:13:00
M0175,2026-07-10T12:49:00
M0175,2026-07-14T11:11:00
M0175,2026-07-15T16:42:00
M0175,2026-07-30T14:14:00
M0175,2026-08-04T15:25:00
M0175,2026-08-05T20:59:00
M0175,2026-08-07T10:30:00
M0175,2026-08-08T17:26:00
M0175,2026-08-11T19:16:00
M0175,2026-08-14T11:24:00
M0175,2026-08-15T15:24:00
M0175,2026-08-19T12:35:00
M0175,2026-08-21T20:01:00
M0175,2026-08-22T14:57:00
M0175,2026-08-25T06:17:00
M0175,2026-08-29T09:31:00
M0175,2026-08-29T18:14:00
M0175,2026-08-30T09:25:00
M0175,2026-08-30T15:58:00
M0175,2026-09-03T15:11:00
M0175,2026-09-06T08:49:00
M0175,2026-09-06T09:44:00
M0175,2026-09-06T15:07:00
M0175,2026-09-07T07:48:00
M0176,2026-05-17T07:05:00
M0176,2026-05-17T13:10:00
M0176,2026-05-21T14:10:00
M0176,2026-05-27T14:07:00
M0176,2026-05-29T13:07:00
M0176,2026-05-30T17:37:00
M0176,2026-05-31T09:01:00
M0176,2026-06-09T12:41:00
M0176,2026-06-10T19:52:00
M0176,2026-06-20T11:43:00
M0176,2026-06-27T14:39:00
M0176,2026-07-06T18:53:00
M0176,2026-07-20T14:41:00
M0176,2026-08-07T19:36:00
M0176,2026-08-22T20:18:00
M0176,2026-08-28T08:59:00
M0176,2026-08-30T15:03:00
M0176,2026-08-30T15:28:00
M0176,2026-09-01T08:06:00
M0177,2026-02-01T12:04:00
M0177,2026-03-18T09:40:00
M0177,2026-05-02T16:54:00
M0177,2026-05-09T17:20:00
M0177,2026-05-13T19:15:00
M0177,2026-05-17T12:12:00
M0177,2026-06-11T13:23:00
M0177,2026-06-13T07:10:00
M0177,2026-08-01T11:28:00
M0177,2026-08-15T08:47:00
M0177,2026-08-29T18:26:00
M0178,2025-10-08T12:33:00
M0178,2025-10-09T17:03:00
M0178,2025-10-12T19:44:00
M0178,2025-10-12T20:37:00
M0178,2025-10-13T15:41:00
M0178,2025-10-15T18:13:00
M0178,2025-10-18T07:27:00
M0178,2025-10-20T19:00:00
M0178,2025-10-22T18:53:00
M0178,2025-10-23T07:24:00
M0178,2025-10-23T12:58:00
M0178,2025-10-23T18:44:00
M0178,2025-10-25T11:12:00
M0178,2025-10-28T16:44:00
M0178,2025-10-30T07:30:00
M0178,2025-11-05T10:44:00
M0178,2025-11-05T18:54:00
M0178,2025-11-07T10:37:00
M0178,2025-11-09T19:33:00
M0178,2025-11-16T19:03:00
M0178,2025-11-20T13:43:00
M0178,2025-11-27T15:22:00
M0178,2025-11-30T09:21:00
M0178,2025-11-30T18:21:00
M0178,2025-12-01T10:23:00
M0178,2025-12-08T12:57:00
M0178,2025-12-08T15:58:00
M0178,2025-12-09T19:15:00
M0178,2025-12-14T14:48:00
M0178,2025-12-20T19:17:00
M0178,2025-12-23T07:09:00
M0178,2025-12-29T08:09:00
M0178,2025-12-29T09:38:00
M0178,2026-01-02T07:28:00
M0178,2026-01-02T18:57:00
M0178,2026-01-13T10:04:00
M0178,2026-01-13T15:44:00
M0178,2026-01-14T16:47:00
M0178,2026-01-16T19:31:00
M0178,2026-01-18T20:56:00
M0178,2026-01-19T08:20:00
M0178,2026-01-20T20:53:00
M0178,2026-01-21T17:34:00
M0178,2026-01-21T19:45:00
M0178,2026-01-22T17:12:00
M0178,2026-01-22T20:59:00
M0178,2026-01-24T09:36:00
M0178,2026-01-24T18:02:00
M0178,2026-01-27T12:57:00
M0178,2026-01-30T07:52:00
M0178,2026-02-01T10:22:00
M0178,2026-02-04T15:15:00
M0178,2026-02-04T20:49:00
M0178,2026-02-05T07:20:00
M0178,2026-02-05T17:49:00
M0178,2026-02-07T09:49:00
M0178,2026-02-08T10:20:00
M0178,2026-02-10T13:38:00
M0178,2026-02-21T14:42:00
M0178,2026-02-22T06:41:00
M0178,2026-02-23T11:49:00
M0178,2026-02-27T20:46:00
M0178,2026-02-28T08:40:00
M0178,2026-03-01T12:44:00
M0178,2026-03-02T10:23:00
M0178,2026-03-03T15:34:00
M0178,2026-03-04T14:47:00
M0178,2026-03-05T17:06:00
M0178,2026-03-08T15:55:00
M0178,2026-03-14T13:40:00
M0178,2026-03-20T16:48:00
M0178,2026-03-24T20:12:00
M0178,2026-03-25T12:25:00
M0178,2026-03-26T09:39:00
M0178,2026-03-28T09:59:00
M0178,2026-03-28T13:01:00
M0178,2026-03-28T17:08:00
M0178,2026-03-29T07:04:00
M0178,2026-04-01T13:42:00
M0178,2026-04-01T17:58:00
M0178,2026-04-02T17:18:00
M0178,2026-04-09T10:08:00
M0178,2026-04-13T08:41:00
M0178,2026-04-15T12:43:00
M0178,2026-04-16T17:54:00
M0178,2026-04-16T18:51:00
M0178,2026-04-17T07:44:00
M0178,2026-04-19T14:56:00
M0178,2026-04-21T19:46:00
M0178,2026-04-23T08:46:00
M0178,2026-04-23T12:20:00
M0178,2026-04-24T20:00:00
M0178,2026-04-29T20:34:00
M0178,2026-05-06T16:50:00
M0178,2026-05-07T10:48:00
M0178,2026-05-08T10:17:00
M0178,2026-05-15T08:42:00
M0178,2026-05-17T19:54:00
M0178,2026-05-18T06:10:00
M0178,2026-05-22T06:44:00
M0178,2026-05-24T10:28:00
M0178,2026-05-25T10:15:00
M0178,2026-05-26T19:48:00
M0178,2026-05-27T07:42:00
M0178,2026-05-30T11:44:00
M0178,2026-06-01T07:21:00
M0178,2026-06-01T14:27:00
M0178,2026-06-06T10:00:00
M0178,2026-06-07T18:36:00
M0178,2026-06-12T07:19:00
M0178,2026-06-20T11:12:00
M0178,2026-06-21T14:39:00
M0178,2026-06-24T14:58:00
M0178,2026-06-25T13:02:00
M0178,2026-06-26T10:53:00
M0178,2026-06-29T07:57:00
M0178,2026-06-29T08:19:00
M0178,2026-06-29T16:39:00
M0178,2026-06-30T11:05:00
M0178,2026-07-07T07:42:00
M0178,2026-07-07T08:24:00
M0178,2026-07-07T18:04:00
M0178,2026-07-08T16:12:00
M0178,2026-07-10T12:20:00
M0178,2026-07-12T10:11:00
M0178,2026-07-16T06:40:00
M0178,2026-07-20T15:37:00
M0178,2026-07-23T09:30:00
M0178,2026-07-25T17:24:00
M0178,2026-08-01T15:11:00
M0178,2026-08-01T15:42:00
M0178,2026-08-07T09:14:00
M0178,2026-08-09T10:05:00
M0178,2026-08-09T12:05:00
M0178,2026-08-11T08:36:00
M0178,2026-08-16T18:14:00
M0178,2026-08-17T06:53:00
M0178,2026-08-18T07:40:00
M0178,2026-08-18T09:38:00
M0178,2026-08-18T14:50:00
M0178,2026-08-18T18:19:00
M0178,2026-08-20T10:41:00
M0178,2026-08-20T18:19:00
M0178,2026-08-21T06:24:00
M0178,2026-08-21T12:12:00
M0178,2026-08-22T16:11:00
M0178,2026-08-23T09:15:00
M0178,2026-08-23T17:12:00
M0178,2026-08-24T14:34:00
M0178,2026-08-24T19:09:00
M0178,2026-08-28T09:30:00
M0178,2026-09-04T07:47:00
M0178,2026-09-06T10:46:00
M0178,2026-09-06T12:27:00
M0178,2026-09-09T14:27:00
M0179,2025-12-07T13:17:00
M0179,2025-12-08T11:52:00
M0179,2025-12-13T06:36:00
M0179,2025-12-13T11:10:00
M0179,2025-12-13T19:35:00
M0179,2025-12-16T15:17:00
M0179,2025-12-17T19:40:00
M0179,2025-12-18T18:39:00
M0179,2025-12-19T20:59:00
M0179,2025-12-23T11:13:00
M0179,2025-12-23T15:06:00
M0179,2025-12-24T11:02:00
M0179,2025-12-25T12:51:00
M0179,2025-12-25T19:27:00
M0179,2025-12-27T06:15:00
M0179,2025-12-27T19:30:00
M0179,2025-12-29T06:02:00
M0179,2025-12-30T13:07:00
M0179,2026-01-03T14:33:00
M0179,2026-01-03T15:51:00
M0179,2026-01-05T14:32:00
M0179,2026-01-07T09:59:00
M0179,2026-01-08T11:17:00
M0179,2026-01-13T10:47:00
M0179,2026-01-14T16:24:00
M0179,2026-01-15T12:27:00
M0179,2026-01-16T15:41:00
M0179,2026-01-21T06:26:00
M0179,2026-01-21T15:34:00
M0179,2026-01-22T15:16:00
M0179,2026-01-23T06:55:00
M0179,2026-01-23T07:29:00
M0179,2026-01-23T19:54:00
M0179,2026-01-25T19:16:00
M0179,2026-01-28T15:03:00
M0179,2026-01-29T13:58:00
M0179,2026-01-31T19:54:00
M0179,2026-02-01T07:01:00
M0179,2026-02-05T10:50:00
M0179,2026-02-06T20:28:00
M0179,2026-02-07T09:51:00
M0179,2026-02-08T11:25:00
M0179,2026-02-10T06:41:00
M0179,2026-02-10T07:34:00
M0179,2026-02-11T12:46:00
M0179,2026-02-11T19:22:00
M0179,2026-02-15T16:06:00
M0179,2026-02-18T13:42:00
M0179,2026-02-20T14:27:00
M0179,2026-02-23T10:44:00
M0179,2026-02-23T11:39:00
M0179,2026-02-24T10:36:00
M0179,2026-02-27T12:36:00
M0179,2026-02-27T16:11:00
M0179,2026-03-01T16:21:00
M0179,2026-03-03T11:48:00
M0179,2026-03-05T11:01:00
M0179,2026-03-14T09:31:00
M0179,2026-03-14T12:26:00
M0179,2026-03-14T17:36:00
M0179,2026-03-15T10:02:00
M0179,2026-03-16T18:35:00
M0179,2026-03-16T19:45:00
M0179,2026-03-17T10:02:00
M0179,2026-03-17T18:28:00
M0179,2026-03-18T07:30:00
M0179,2026-03-19T08:57:00
M0179,2026-03-20T20:16:00
M0179,2026-03-21T08:21:00
M0179,2026-03-21T17:34:00
M0179,2026-03-22T19:43:00
M0179,2026-03-24T19:45:00
M0179,2026-03-28T09:34:00
M0179,2026-03-30T18:24:00
M0179,2026-04-01T12:47:00
M0179,2026-04-02T18:04:00
M0179,2026-04-04T19:19:00
M0179,2026-04-10T12:48:00
M0179,2026-04-11T09:33:00
M0179,2026-04-13T18:47:00
M0179,2026-04-15T09:20:00
M0179,2026-04-15T19:35:00
M0179,2026-04-17T10:36:00
M0179,2026-04-18T06:42:00
M0179,2026-04-19T06:49:00
M0179,2026-04-19T17:53:00
M0179,2026-04-23T11:14:00
M0179,2026-04-26T18:18:00
M0179,2026-04-26T19:48:00
M0179,2026-04-27T13:35:00
M0179,2026-04-28T07:51:00
M0179,2026-04-30T12:38:00
M0179,2026-04-30T16:13:00
M0179,2026-05-06T13:22:00
M0179,2026-05-08T20:32:00
M0179,2026-05-09T11:09:00
M0179,2026-05-09T20:45:00
M0179,2026-05-11T12:20:00
M0179,2026-05-13T06:57:00
M0179,2026-05-14T12:48:00
M0179,2026-05-18T10:19:00
M0179,2026-05-18T17:27:00
M0179,2026-05-20T08:03:00
M0179,2026-05-22T10:13:00
M0179,2026-05-29T15:16:00
M0179,2026-06-03T14:49:00
M0179,2026-06-04T12:47:00
M0179,2026-06-08T07:34:00
M0179,2026-06-12T17:15:00
M0179,2026-06-14T13:45:00
M0179,2026-06-14T13:56:00
M0179,2026-06-14T16:09:00
M0179,2026-06-15T09:23:00
M0179,2026-06-17T16:26:00
M0179,2026-06-20T17:57:00
M0179,2026-06-22T12:15:00
M0179,2026-06-22T16:26:00
M0179,2026-06-22T19:07:00
M0179,2026-06-24T10:17:00
M0179,2026-06-24T20:27:00
M0179,2026-06-27T11:29:00
M0179,2026-06-30T17:02:00
M0179,2026-07-01T13:34:00
M0179,2026-07-02T13:52:00
M0179,2026-07-02T15:57:00
M0179,2026-07-02T20:56:00
M0179,2026-07-07T15:17:00
M0179,2026-07-08T10:50:00
M0179,2026-07-08T18:54:00
M0179,2026-07-10T10:41:00
M0179,2026-07-13T10:53:00
M0179,2026-07-13T15:22:00
M0179,2026-07-16T17:21:00
M0179,2026-07-18T09:28:00
M0179,2026-07-21T20:52:00
M0179,2026-07-24T13:50:00
M0179,2026-07-29T13:26:00
M0179,2026-07-30T13:18:00
M0179,2026-08-01T06:48:00
M0179,2026-08-01T09:30:00
M0179,2026-08-02T10:55:00
M0179,2026-08-02T11:48:00
M0179,2026-08-03T06:55:00
M0179,2026-08-03T10:05:00
M0179,2026-08-04T07:19:00
M0179,2026-08-05T12:29:00
M0179,2026-08-05T18:13:00
M0179,2026-08-06T13:22:00
M0179,2026-08-07T18:13:00
M0179,2026-08-09T15:37:00
M0179,2026-08-09T18:02:00
M0179,2026-08-14T17:02:00
M0179,2026-08-18T17:32:00
M0179,2026-08-19T11:25:00
M0179,2026-08-20T19:17:00
M0179,2026-08-21T06:50:00
M0179,2026-08-24T09:47:00
M0179,2026-08-25T09:33:00
M0179,2026-08-25T17:16:00
M0179,2026-08-31T11:11:00
M0179,2026-08-31T12:27:00
M0179,2026-08-31T19:43:00
M0179,2026-09-04T12:23:00
M0179,2026-09-05T11:41:00
M0179,2026-09-06T06:47:00
M0179,2026-09-06T16:43:00
M0179,2026-09-09T06:54:00
M0179,2026-09-10T17:05:00
M0179,2026-09-11T18:00:00
M0180,2025-04-22T15:47:00
M0180,2025-04-28T19:20:00
M0180,2025-08-01T07:35:00
M0180,2025-08-29T16:56:00
M0180,2025-09-14T14:13:00
M0180,2025-09-24T13:50:00
M0180,2025-10-12T12:27:00
M0180,2025-11-07T10:46:00
M0180,2025-12-21T13:28:00
M0180,2026-01-19T20:05:00
M0180,2026-02-17T16:48:00
M0180,2026-02-25T12:32:00
M0180,2026-04-06T16:00:00
M0180,2026-06-21T17:29:00
M0181,2025-09-10T11:38:00
M0181,2025-09-11T11:01:00
M0181,2025-09-11T16:39:00
M0181,2025-09-12T08:23:00
M0181,2025-09-14T10:45:00
M0181,2025-09-15T17:14:00
M0181,2025-09-19T09:00:00
M0181,2025-09-26T08:31:00
M0181,2025-09-26T08:36:00
M0181,2025-09-30T19:30:00
M0181,2025-10-01T20:18:00
M0181,2025-10-04T06:20:00
M0181,2025-10-13T07:16:00
M0181,2025-10-16T12:11:00
M0181,2025-10-17T09:39:00
M0181,2025-10-19T11:04:00
M0181,2025-10-27T20:05:00
M0181,2025-10-30T12:24:00
M0181,2025-11-02T10:31:00
M0181,2025-11-10T09:35:00
M0181,2025-11-11T13:55:00
M0181,2025-11-18T13:46:00
M0181,2025-11-20T19:05:00
M0181,2025-11-21T14:21:00
M0181,2025-11-24T10:29:00
M0181,2025-11-24T11:38:00
M0181,2025-11-25T19:19:00
M0181,2025-11-29T08:00:00
M0181,2025-11-30T20:57:00
M0181,2025-12-01T20:46:00
M0181,2025-12-02T10:06:00
M0181,2025-12-05T19:43:00
M0181,2025-12-08T18:32:00
M0181,2025-12-10T16:14:00
M0181,2025-12-11T20:47:00
M0181,2025-12-13T11:05:00
M0181,2025-12-19T17:48:00
M0181,2025-12-20T12:26:00
M0181,2025-12-23T20:55:00
M0181,2025-12-27T13:30:00
M0181,2025-12-28T09:58:00
M0181,2025-12-30T07:13:00
M0181,2025-12-30T07:32:00
M0181,2026-01-05T11:32:00
M0181,2026-01-09T09:00:00
M0181,2026-01-13T09:17:00
M0181,2026-01-20T09:39:00
M0181,2026-01-21T18:20:00
M0181,2026-01-22T19:05:00
M0181,2026-02-03T16:10:00
M0181,2026-02-05T18:34:00
M0181,2026-02-13T07:31:00
M0181,2026-02-17T20:39:00
M0181,2026-02-19T15:20:00
M0181,2026-02-21T15:03:00
M0181,2026-02-24T17:56:00
M0181,2026-02-27T18:04:00
M0181,2026-02-28T15:33:00
M0181,2026-03-02T14:24:00
M0181,2026-03-10T11:51:00
M0181,2026-03-11T11:48:00
M0181,2026-03-12T19:56:00
M0181,2026-03-14T07:24:00
M0181,2026-03-15T15:14:00
M0181,2026-03-17T14:48:00
M0181,2026-03-19T07:35:00
M0181,2026-03-19T08:13:00
M0181,2026-03-19T09:54:00
M0181,2026-03-27T18:02:00
M0181,2026-04-03T06:12:00
M0181,2026-04-06T10:08:00
M0181,2026-04-06T10:58:00
M0181,2026-04-07T19:24:00
M0181,2026-04-09T07:52:00
M0181,2026-04-10T15:52:00
M0181,2026-04-13T07:44:00
M0181,2026-04-16T20:23:00
M0181,2026-04-23T13:47:00
M0181,2026-05-02T09:48:00
M0181,2026-05-03T08:04:00
M0181,2026-05-07T11:09:00
M0181,2026-05-07T17:59:00
M0181,2026-05-09T06:53:00
M0181,2026-05-12T07:05:00
M0181,2026-05-13T20:12:00
M0181,2026-05-17T09:15:00
M0181,2026-05-19T17:25:00
M0181,2026-05-24T11:14:00
M0181,2026-05-24T11:56:00
M0181,2026-05-25T19:03:00
M0181,2026-05-29T11:23:00
M0181,2026-05-31T09:03:00
M0181,2026-05-31T13:28:00
M0181,2026-05-31T15:56:00
M0181,2026-06-04T07:42:00
M0181,2026-06-05T07:57:00
M0181,2026-06-05T12:23:00
M0181,2026-06-06T10:18:00
M0181,2026-06-11T14:19:00
M0181,2026-06-16T13:26:00
M0181,2026-06-17T09:47:00
M0181,2026-06-19T18:20:00
M0181,2026-06-19T19:45:00
M0181,2026-06-23T07:50:00
M0181,2026-06-27T10:20:00
M0181,2026-06-29T12:39:00
M0181,2026-07-02T15:06:00
M0181,2026-07-02T17:11:00
M0181,2026-07-11T20:38:00
M0181,2026-07-14T11:09:00
M0181,2026-07-26T12:19:00
M0181,2026-07-30T20:46:00
M0181,2026-07-31T07:59:00
M0181,2026-08-05T07:58:00
M0181,2026-08-07T12:44:00
M0181,2026-08-07T17:24:00
M0181,2026-08-08T07:01:00
M0181,2026-08-27T07:01:00
M0181,2026-08-30T20:48:00
M0181,2026-09-04T14:40:00
M0181,2026-09-05T19:44:00
M0181,2026-09-07T08:42:00
M0182,2026-04-08T18:31:00
M0182,2026-04-12T20:40:00
M0182,2026-04-13T08:01:00
M0182,2026-04-13T08:41:00
M0182,2026-04-14T15:49:00
M0182,2026-04-16T12:53:00
M0182,2026-04-26T13:36:00
M0182,2026-04-28T09:40:00
M0182,2026-05-07T20:45:00
M0182,2026-05-08T11:36:00
M0182,2026-05-08T17:00:00
M0182,2026-05-09T08:42:00
M0182,2026-05-21T16:40:00
M0182,2026-05-27T11:31:00
M0182,2026-05-30T18:08:00
M0182,2026-06-05T17:12:00
M0182,2026-06-09T16:29:00
M0182,2026-06-19T16:42:00
M0182,2026-06-20T08:01:00
M0182,2026-06-29T20:54:00
M0182,2026-07-05T14:21:00
M0182,2026-07-10T08:39:00
M0182,2026-07-11T10:51:00
M0182,2026-07-11T14:29:00
M0182,2026-07-14T13:47:00
M0182,2026-07-19T07:18:00
M0182,2026-07-26T08:57:00
M0182,2026-08-02T16:32:00
M0182,2026-08-05T18:02:00
M0182,2026-08-13T16:01:00
M0182,2026-08-19T20:09:00
M0182,2026-08-28T10:35:00
M0182,2026-08-28T18:24:00
M0182,2026-09-02T14:25:00
M0182,2026-09-04T08:50:00
M0183,2025-10-13T10:55:00
M0183,2025-10-13T16:32:00
M0183,2025-10-13T17:37:00
M0183,2025-10-15T12:25:00
M0183,2025-10-18T15:32:00
M0183,2025-10-25T10:13:00
M0183,2025-10-27T07:57:00
M0183,2025-11-13T11:40:00
M0183,2025-11-23T08:14:00
M0183,2025-11-23T11:27:00
M0183,2025-11-28T14:31:00
M0183,2025-11-28T14:59:00
M0183,2025-12-04T11:27:00
M0183,2025-12-05T13:46:00
M0183,2026-01-10T20:39:00
M0183,2026-01-16T19:15:00
M0183,2026-01-19T09:24:00
M0183,2026-01-31T06:26:00
M0183,2026-01-31T08:56:00
M0183,2026-02-03T19:37:00
M0183,2026-02-16T20:05:00
M0183,2026-03-02T18:46:00
M0183,2026-03-15T09:35:00
M0183,2026-03-26T06:59:00
M0183,2026-04-01T13:53:00
M0183,2026-04-03T10:42:00
M0183,2026-04-06T18:36:00
M0183,2026-04-12T13:57:00
M0183,2026-04-17T06:13:00
M0183,2026-04-24T06:13:00
M0183,2026-04-29T07:48:00
M0183,2026-05-09T17:16:00
M0183,2026-05-10T14:37:00
M0183,2026-05-10T18:20:00
M0183,2026-05-26T17:36:00
M0183,2026-05-30T09:35:00
M0183,2026-06-24T10:04:00
M0183,2026-07-10T17:48:00
M0183,2026-07-20T10:29:00
M0183,2026-07-26T15:46:00
M0183,2026-07-27T11:14:00
M0183,2026-07-29T13:08:00
M0183,2026-08-14T09:37:00
M0183,2026-09-02T20:05:00
M0184,2026-04-24T14:48:00
M0184,2026-04-29T12:52:00
M0184,2026-05-07T14:47:00
M0184,2026-05-08T11:24:00
M0184,2026-05-08T12:53:00
M0184,2026-05-10T14:57:00
M0184,2026-05-10T19:56:00
M0184,2026-05-11T18:42:00
M0184,2026-05-13T20:10:00
M0184,2026-05-14T14:42:00
M0184,2026-05-14T16:09:00
M0184,2026-05-16T18:48:00
M0184,2026-05-17T17:34:00
M0184,2026-05-23T14:13:00
M0184,2026-05-31T06:27:00
M0184,2026-05-31T09:23:00
M0184,2026-06-08T16:53:00
M0184,2026-06-09T14:46:00
M0184,2026-06-10T14:21:00
M0184,2026-06-16T13:58:00
M0184,2026-06-16T16:31:00
M0184,2026-06-23T10:20:00
M0184,2026-06-23T10:46:00
M0184,2026-06-24T06:39:00
M0184,2026-06-26T14:14:00
M0184,2026-06-29T08:05:00
M0184,2026-06-29T15:20:00
M0184,2026-07-03T15:30:00
M0184,2026-07-05T07:30:00
M0184,2026-07-05T11:40:00
M0184,2026-07-06T20:22:00
M0184,2026-07-13T15:40:00
M0184,2026-07-16T18:45:00
M0184,2026-07-19T20:32:00
M0184,2026-07-20T14:45:00
M0184,2026-07-21T10:05:00
M0184,2026-07-23T15:31:00
M0184,2026-07-26T12:28:00
M0184,2026-07-28T16:56:00
M0184,2026-07-30T07:45:00
M0184,2026-07-30T10:33:00
M0184,2026-08-03T18:07:00
M0184,2026-08-07T17:41:00
M0184,2026-08-08T18:39:00
M0184,2026-08-12T13:27:00
M0184,2026-08-24T11:14:00
M0184,2026-08-31T15:26:00
M0184,2026-08-31T18:20:00
M0184,2026-09-05T18:22:00
M0185,2025-11-07T06:36:00
M0185,2025-11-16T11:47:00
M0185,2025-12-03T19:11:00
M0185,2025-12-13T19:07:00
M0185,2025-12-23T18:12:00
M0185,2025-12-26T06:05:00
M0185,2025-12-26T17:20:00
M0185,2026-01-12T08:08:00
M0185,2026-01-14T13:41:00
M0185,2026-01-15T08:11:00
M0185,2026-01-21T10:48:00
M0185,2026-02-04T18:47:00
M0185,2026-02-08T10:49:00
M0185,2026-02-17T12:26:00
M0185,2026-02-19T15:10:00
M0185,2026-03-30T12:41:00
M0185,2026-04-01T06:36:00
M0185,2026-04-02T14:49:00
M0185,2026-04-09T06:05:00
M0185,2026-04-17T16:55:00
M0185,2026-04-22T06:17:00
M0185,2026-04-25T18:13:00
M0185,2026-05-17T20:19:00
M0185,2026-06-10T06:04:00
M0185,2026-06-12T19:21:00
M0185,2026-06-19T09:28:00
M0185,2026-07-09T09:23:00
M0185,2026-07-14T07:59:00
M0185,2026-07-14T12:47:00
M0185,2026-07-17T20:33:00
M0185,2026-08-03T11:16:00
M0185,2026-08-15T11:15:00
M0185,2026-08-17T12:56:00
M0185,2026-08-19T08:57:00
M0186,2025-05-29T06:40:00
M0186,2025-05-30T17:13:00
M0186,2025-06-04T15:44:00
M0186,2025-06-05T17:33:00
M0186,2025-06-07T20:44:00
M0186,2025-06-08T15:04:00
M0186,2025-06-10T11:26:00
M0186,2025-06-10T18:19:00
M0186,2025-06-14T17:40:00
M0186,2025-06-16T08:51:00
M0186,2025-06-18T08:05:00
M0186,2025-06-20T11:46:00
M0186,2025-06-22T11:47:00
M0186,2025-06-24T18:41:00
M0186,2025-07-01T16:13:00
M0186,2025-07-06T09:55:00
M0186,2025-07-09T16:31:00
M0186,2025-07-09T20:10:00
M0186,2025-07-11T09:38:00
M0186,2025-07-11T14:08:00
M0186,2025-07-12T08:26:00
M0186,2025-07-12T11:55:00
M0186,2025-07-18T12:30:00
M0186,2025-07-25T17:25:00
M0186,2025-07-28T14:17:00
M0186,2025-07-30T13:35:00
M0186,2025-07-30T19:30:00
M0186,2025-08-03T18:53:00
M0186,2025-08-17T17:36:00
M0186,2025-08-18T18:57:00
M0186,2025-08-19T11:05:00
M0186,2025-08-20T13:30:00
M0186,2025-08-20T15:32:00
M0186,2025-08-20T18:19:00
M0186,2025-08-21T15:43:00
M0186,2025-08-22T11:04:00
M0186,2025-08-25T10:19:00
M0186,2025-08-27T12:58:00
M0186,2025-08-29T09:43:00
M0186,2025-08-31T18:10:00
M0186,2025-09-05T15:34:00
M0186,2025-09-11T14:48:00
M0186,2025-09-19T16:36:00
M0186,2025-09-20T10:28:00
M0186,2025-09-21T18:41:00
M0186,2025-09-22T18:15:00
M0186,2025-09-27T12:22:00
M0186,2025-09-27T18:20:00
M0186,2025-10-05T20:02:00
M0186,2025-10-18T06:23:00
M0186,2025-10-24T10:46:00
M0186,2025-11-02T10:41:00
M0186,2025-11-04T17:13:00
M0186,2025-11-06T18:27:00
M0186,2025-11-08T07:21:00
M0186,2025-11-09T13:42:00
M0186,2025-11-10T19:19:00
M0186,2025-11-18T12:51:00
M0186,2025-11-23T08:09:00
M0186,2025-11-23T10:49:00
M0186,2025-11-24T06:53:00
M0186,2025-11-26T13:25:00
M0186,2025-11-30T19:57:00
M0186,2025-12-01T09:19:00
M0186,2025-12-04T11:37:00
M0186,2025-12-06T13:07:00
M0186,2025-12-09T07:22:00
M0186,2025-12-10T07:21:00
M0186,2025-12-10T16:03:00
M0186,2025-12-15T10:29:00
M0186,2025-12-20T19:14:00
M0186,2025-12-30T10:39:00
M0186,2025-12-31T19:57:00
M0186,2026-01-02T09:42:00
M0186,2026-01-08T11:23:00
M0186,2026-01-11T13:08:00
M0186,2026-01-12T10:44:00
M0186,2026-01-17T10:06:00
M0186,2026-01-17T14:21:00
M0186,2026-01-22T11:17:00
M0186,2026-01-26T17:40:00
M0186,2026-01-31T10:06:00
M0186,2026-01-31T14:21:00
M0186,2026-02-09T11:29:00
M0186,2026-02-12T15:42:00
M0186,2026-02-13T08:15:00
M0186,2026-02-17T08:34:00
M0186,2026-02-20T11:22:00
M0186,2026-02-22T06:53:00
M0186,2026-02-27T13:47:00
M0186,2026-03-01T18:53:00
M0186,2026-03-03T16:47:00
M0186,2026-03-07T11:59:00
M0186,2026-03-08T07:41:00
M0186,2026-03-08T10:53:00
M0186,2026-03-11T18:12:00
M0186,2026-03-12T18:57:00
M0186,2026-03-13T16:40:00
M0186,2026-03-14T08:15:00
M0186,2026-03-14T12:02:00
M0186,2026-03-15T18:58:00
M0186,2026-03-19T17:47:00
M0186,2026-03-27T13:00:00
M0186,2026-03-30T18:40:00
M0186,2026-04-01T10:25:00
M0186,2026-04-03T06:29:00
M0186,2026-04-06T17:06:00
M0186,2026-04-07T15:28:00
M0186,2026-04-10T17:31:00
M0186,2026-04-13T15:31:00
M0186,2026-04-13T18:51:00
M0186,2026-04-17T07:35:00
M0186,2026-04-17T17:20:00
M0186,2026-04-21T17:15:00
M0186,2026-04-26T11:02:00
M0186,2026-05-02T10:23:00
M0186,2026-05-03T17:13:00
M0186,2026-05-06T07:29:00
M0186,2026-05-06T09:38:00
M0186,2026-05-11T18:25:00
M0186,2026-05-12T12:06:00
M0186,2026-05-20T07:29:00
M0186,2026-05-22T15:43:00
M0186,2026-05-27T16:54:00
M0186,2026-05-27T18:06:00
M0186,2026-06-06T17:02:00
M0186,2026-06-13T13:36:00
M0186,2026-06-19T11:43:00
M0186,2026-06-21T06:31:00
M0186,2026-06-21T08:33:00
M0186,2026-06-21T12:44:00
M0186,2026-06-23T16:17:00
M0186,2026-06-24T12:57:00
M0186,2026-06-25T16:35:00
M0186,2026-06-28T18:49:00
M0186,2026-06-29T08:07:00
M0186,2026-06-29T18:23:00
M0186,2026-07-04T16:15:00
M0186,2026-07-05T12:28:00
M0186,2026-07-07T18:59:00
M0186,2026-07-10T09:50:00
M0186,2026-07-17T20:43:00
M0186,2026-07-18T13:15:00
M0186,2026-07-21T11:45:00
M0186,2026-07-26T15:26:00
M0186,2026-07-29T13:03:00
M0186,2026-08-01T08:08:00
M0186,2026-08-02T14:13:00
M0186,2026-08-06T09:51:00
M0186,2026-08-07T18:05:00
M0186,2026-08-07T19:06:00
M0186,2026-08-25T09:39:00
M0186,2026-08-26T07:17:00
M0186,2026-08-27T06:38:00
M0186,2026-08-27T12:25:00
M0186,2026-08-28T08:31:00
M0186,2026-08-29T20:54:00
M0186,2026-08-31T10:39:00
M0186,2026-09-08T16:59:00
M0186,2026-09-10T11:30:00
M0187,2025-07-06T06:58:00
M0187,2025-07-25T16:46:00
M0187,2025-08-27T18:23:00
M0187,2025-09-22T16:27:00
M0187,2025-10-06T11:35:00
M0187,2025-10-27T06:32:00
M0187,2025-10-27T08:24:00
M0187,2025-11-12T19:21:00
M0187,2025-11-19T16:26:00
M0187,2025-11-19T20:46:00
M0187,2025-11-27T17:49:00
M0187,2025-11-28T18:37:00
M0187,2025-12-29T07:09:00
M0187,2026-01-03T19:48:00
M0187,2026-01-10T12:27:00
M0187,2026-01-31T07:05:00
M0187,2026-02-23T08:43:00
M0187,2026-02-25T09:50:00
M0187,2026-03-02T08:04:00
M0187,2026-03-05T16:42:00
M0187,2026-03-11T11:55:00
M0187,2026-03-17T20:06:00
M0187,2026-03-18T18:24:00
M0187,2026-04-11T13:50:00
M0187,2026-05-10T14:36:00
M0187,2026-06-15T08:53:00
M0187,2026-06-18T18:39:00
M0187,2026-07-13T10:25:00
M0187,2026-07-31T10:40:00
M0187,2026-08-03T18:20:00
M0187,2026-08-09T10:24:00
M0187,2026-09-03T17:13:00
M0187,2026-09-09T11:43:00
M0188,2026-04-26T09:24:00
M0188,2026-04-29T09:32:00
M0188,2026-05-03T16:21:00
M0188,2026-05-04T06:13:00
M0188,2026-05-07T19:41:00
M0188,2026-05-13T19:46:00
M0188,2026-05-15T14:06:00
M0188,2026-05-15T15:13:00
M0188,2026-05-20T14:19:00
M0188,2026-05-23T07:34:00
M0188,2026-05-23T20:17:00
M0188,2026-05-30T13:05:00
M0188,2026-06-09T12:42:00
M0188,2026-06-21T10:42:00
M0188,2026-06-22T08:01:00
M0188,2026-06-25T09:12:00
M0188,2026-06-28T08:28:00
M0188,2026-06-28T20:06:00
M0188,2026-06-29T11:17:00
M0188,2026-07-06T14:13:00
M0188,2026-07-08T06:12:00
M0188,2026-07-12T14:30:00
M0188,2026-07-21T13:58:00
M0188,2026-07-25T12:58:00
M0188,2026-07-29T06:46:00
M0188,2026-07-30T06:26:00
M0188,2026-08-14T16:30:00
M0188,2026-08-17T18:29:00
M0188,2026-08-19T07:34:00
M0188,2026-08-19T08:47:00
M0188,2026-08-20T11:00:00
M0188,2026-08-26T12:41:00
M0188,2026-08-26T17:53:00
M0188,2026-08-30T16:26:00
M0188,2026-08-31T06:18:00
M0188,2026-08-31T07:31:00
M0188,2026-09-10T14:54:00
M0189,2025-11-22T19:19:00
M0189,2026-02-16T11:50:00
M0189,2026-05-30T10:39:00
M0189,2026-06-27T13:19:00
M0189,2026-09-02T15:39:00
M0189,2026-09-09T12:02:00
M0190,2025-07-18T17:45:00
M0190,2025-07-21T09:19:00
M0190,2025-07-27T13:41:00
M0190,2025-07-29T11:52:00
M0190,2025-08-02T07:45:00
M0190,2025-08-15T13:43:00
M0190,2025-09-08T07:35:00
M0190,2025-09-22T17:55:00
M0190,2025-09-24T14:36:00
M0190,2025-09-29T09:25:00
M0190,2025-10-10T08:37:00
M0190,2025-10-13T11:59:00
M0190,2025-10-16T10:11:00
M0190,2025-10-16T13:00:00
M0190,2025-10-21T07:38:00
M0190,2025-10-28T12:50:00
M0190,2025-10-28T16:57:00
M0190,2025-10-30T17:08:00
M0190,2025-11-02T19:21:00
M0190,2025-11-03T08:11:00
M0190,2025-11-10T12:36:00
M0190,2025-11-17T14:45:00
M0190,2025-11-21T13:23:00
M0190,2025-11-22T20:48:00
M0190,2025-11-23T10:32:00
M0190,2025-12-01T08:55:00
M0190,2025-12-16T09:49:00
M0190,2025-12-21T20:38:00
M0190,2025-12-24T09:43:00
M0190,2025-12-24T14:14:00
M0190,2025-12-28T14:52:00
M0190,2026-01-04T15:40:00
M0190,2026-01-12T06:26:00
M0190,2026-01-14T13:15:00
M0190,2026-01-25T11:54:00
M0190,2026-01-26T13:19:00
M0190,2026-01-28T20:16:00
M0190,2026-02-05T15:13:00
M0190,2026-02-08T17:45:00
M0190,2026-02-11T07:01:00
M0190,2026-02-17T17:05:00
M0190,2026-02-25T06:58:00
M0190,2026-03-03T20:34:00
M0190,2026-03-08T18:05:00
M0190,2026-03-10T09:05:00
M0190,2026-03-13T11:23:00
M0190,2026-03-24T11:51:00
M0190,2026-03-27T06:59:00
M0190,2026-03-27T16:37:00
M0190,2026-03-28T13:36:00
M0190,2026-04-02T07:31:00
M0190,2026-04-05T19:38:00
M0190,2026-04-09T07:54:00
M0190,2026-04-09T17:01:00
M0190,2026-04-28T06:22:00
M0190,2026-05-11T20:36:00
M0190,2026-05-14T14:28:00
M0190,2026-05-27T07:08:00
M0190,2026-05-27T20:59:00
M0190,2026-06-06T12:00:00
M0190,2026-06-17T07:25:00
M0190,2026-06-23T18:40:00
M0190,2026-06-24T14:51:00
M0190,2026-07-01T09:15:00
M0190,2026-07-02T12:35:00
M0190,2026-07-04T14:37:00
M0190,2026-07-08T07:48:00
M0190,2026-07-10T13:48:00
M0190,2026-07-12T12:29:00
M0190,2026-07-23T19:42:00
M0190,2026-07-30T19:03:00
M0190,2026-08-03T12:17:00
M0190,2026-08-11T10:20:00
M0190,2026-08-14T18:45:00
M0190,2026-08-15T19:45:00
M0190,2026-09-03T16:40:00
M0191,2026-05-22T20:48:00
M0191,2026-05-30T20:16:00
M0191,2026-06-16T11:07:00
M0191,2026-06-30T06:19:00
M0191,2026-07-05T10:57:00
M0191,2026-07-05T19:02:00
M0191,2026-08-16T10:44:00
M0191,2026-08-25T13:46:00
M0192,2026-06-07T15:49:00
M0192,2026-06-13T19:37:00
M0192,2026-06-16T20:19:00
M0192,2026-06-17T13:26:00
M0192,2026-06-17T15:57:00
M0192,2026-06-18T06:30:00
M0192,2026-06-20T10:43:00
M0192,2026-06-20T20:28:00
M0192,2026-06-22T13:25:00
M0192,2026-06-24T07:06:00
M0192,2026-06-27T13:09:00
M0192,2026-06-28T08:10:00
M0192,2026-06-28T16:36:00
M0192,2026-06-29T15:50:00
M0192,2026-06-30T11:26:00
M0192,2026-07-02T18:13:00
M0192,2026-07-03T10:32:00
M0192,2026-07-04T10:43:00
M0192,2026-07-06T06:38:00
M0192,2026-07-06T10:43:00
M0192,2026-07-09T19:27:00
M0192,2026-07-11T17:26:00
M0192,2026-07-12T14:54:00
M0192,2026-07-12T17:37:00
M0192,2026-07-14T15:11:00
M0192,2026-07-15T16:45:00
M0192,2026-07-17T14:08:00
M0192,2026-07-22T12:04:00
M0192,2026-07-26T06:39:00
M0192,2026-07-26T15:23:00
M0192,2026-07-26T18:35:00
M0192,2026-07-26T20:29:00
M0192,2026-07-29T19:28:00
M0192,2026-07-31T13:29:00
M0192,2026-08-02T06:48:00
M0192,2026-08-02T08:24:00
M0192,2026-08-03T08:56:00
M0192,2026-08-03T20:52:00
M0192,2026-08-04T09:36:00
M0192,2026-08-04T18:48:00
M0192,2026-08-09T07:42:00
M0192,2026-08-12T07:03:00
M0192,2026-08-15T07:08:00
M0192,2026-08-16T18:15:00
M0192,2026-08-17T15:26:00
M0192,2026-08-21T08:42:00
M0192,2026-08-21T09:12:00
M0192,2026-08-21T10:12:00
M0192,2026-08-24T20:41:00
M0192,2026-08-26T06:26:00
M0192,2026-08-27T18:09:00
M0192,2026-08-27T19:54:00
M0192,2026-08-28T10:17:00
M0192,2026-08-28T15:37:00
M0192,2026-08-30T06:50:00
M0192,2026-08-30T19:45:00
M0192,2026-09-01T18:15:00
M0192,2026-09-03T12:39:00
M0192,2026-09-04T11:28:00
M0192,2026-09-05T16:08:00
M0192,2026-09-05T18:08:00
M0192,2026-09-06T15:16:00
M0192,2026-09-07T20:25:00
M0192,2026-09-08T09:43:00
M0193,2025-10-13T14:30:00
M0193,2025-10-13T14:56:00
M0193,2025-10-17T14:21:00
M0193,2025-10-18T07:37:00
M0193,2025-10-18T10:10:00
M0193,2025-10-19T14:51:00
M0193,2025-10-20T11:19:00
M0193,2025-10-23T18:48:00
M0193,2025-10-24T11:15:00
M0193,2025-10-24T14:50:00
M0193,2025-10-25T11:15:00
M0193,2025-10-27T08:23:00
M0193,2025-10-27T18:01:00
M0193,2025-10-28T12:48:00
M0193,2025-10-28T14:55:00
M0193,2025-11-02T06:14:00
M0193,2025-11-04T06:43:00
M0193,2025-11-04T14:33:00
M0193,2025-11-06T13:34:00
M0193,2025-11-06T15:08:00
M0193,2025-11-08T15:45:00
M0193,2025-11-08T20:30:00
M0193,2025-11-08T20:57:00
M0193,2025-11-09T07:15:00
M0193,2025-11-17T14:25:00
M0193,2025-11-18T20:13:00
M0193,2025-11-19T18:36:00
M0193,2025-11-20T08:34:00
M0193,2025-11-26T18:30:00
M0193,2025-11-28T13:36:00
M0193,2025-11-30T20:56:00
M0193,2025-12-10T13:12:00
M0193,2025-12-13T10:51:00
M0193,2025-12-19T18:44:00
M0193,2025-12-21T18:19:00
M0193,2025-12-30T08:36:00
M0193,2025-12-31T11:51:00
M0193,2026-01-02T07:30:00
M0193,2026-01-08T15:25:00
M0193,2026-01-12T10:07:00
M0193,2026-01-13T06:15:00
M0193,2026-01-18T18:11:00
M0193,2026-01-21T14:32:00
M0193,2026-01-24T11:05:00
M0193,2026-01-24T13:00:00
M0193,2026-02-01T06:09:00
M0193,2026-02-02T16:05:00
M0193,2026-02-04T13:19:00
M0193,2026-02-05T06:11:00
M0193,2026-02-07T07:46:00
M0193,2026-02-12T08:46:00
M0193,2026-02-12T16:48:00
M0193,2026-02-16T10:04:00
M0193,2026-02-17T10:33:00
M0193,2026-02-17T11:19:00
M0193,2026-02-17T15:08:00
M0193,2026-02-19T19:44:00
M0193,2026-02-21T06:55:00
M0193,2026-02-21T18:06:00
M0193,2026-02-22T19:29:00
M0193,2026-02-23T12:26:00
M0193,2026-02-23T16:47:00
M0193,2026-03-02T08:25:00
M0193,2026-03-05T16:36:00
M0193,2026-03-08T19:03:00
M0193,2026-03-08T19:46:00
M0193,2026-03-10T06:30:00
M0193,2026-03-10T10:17:00
M0193,2026-03-16T10:47:00
M0193,2026-03-18T20:49:00
M0193,2026-03-18T20:51:00
M0193,2026-03-29T09:00:00
M0193,2026-04-05T12:34:00
M0193,2026-04-05T17:35:00
M0193,2026-04-07T08:57:00
M0193,2026-04-08T11:32:00
M0193,2026-04-09T16:00:00
M0193,2026-04-11T19:16:00
M0193,2026-04-12T09:08:00
M0193,2026-04-13T13:38:00
M0193,2026-04-14T06:50:00
M0193,2026-04-14T13:04:00
M0193,2026-04-18T11:02:00
M0193,2026-04-20T17:42:00
M0193,2026-04-22T11:32:00
M0193,2026-04-23T07:39:00
M0193,2026-04-23T13:00:00
M0193,2026-04-28T13:38:00
M0193,2026-04-30T07:36:00
M0193,2026-05-02T19:35:00
M0193,2026-05-03T06:39:00
M0193,2026-05-03T09:45:00
M0193,2026-05-03T11:04:00
M0193,2026-05-03T14:46:00
M0193,2026-05-03T15:28:00
M0193,2026-05-06T08:02:00
M0193,2026-05-07T11:08:00
M0193,2026-05-08T13:42:00
M0193,2026-05-15T06:53:00
M0193,2026-05-18T15:41:00
M0193,2026-05-19T15:21:00
M0193,2026-05-22T09:48:00
M0193,2026-05-23T11:34:00
M0193,2026-05-27T08:37:00
M0193,2026-05-30T12:53:00
M0193,2026-06-01T18:07:00
M0193,2026-06-04T20:23:00
M0193,2026-06-07T18:38:00
M0193,2026-06-08T15:10:00
M0193,2026-06-11T13:05:00
M0193,2026-06-13T20:50:00
M0193,2026-06-16T10:44:00
M0193,2026-06-16T11:53:00
M0193,2026-06-19T07:50:00
M0193,2026-06-22T20:11:00
M0193,2026-07-06T14:51:00
M0193,2026-07-07T08:22:00
M0193,2026-07-07T19:15:00
M0193,2026-07-08T12:10:00
M0193,2026-07-11T08:19:00
M0193,2026-07-15T07:33:00
M0193,2026-07-15T09:44:00
M0193,2026-07-19T18:59:00
M0193,2026-07-21T17:28:00
M0193,2026-07-23T12:45:00
M0193,2026-07-23T15:50:00
M0193,2026-07-24T13:30:00
M0193,2026-07-26T20:48:00
M0193,2026-07-27T10:12:00
M0193,2026-07-30T10:12:00
M0193,2026-07-30T20:21:00
M0193,2026-08-04T14:31:00
M0193,2026-08-07T10:39:00
M0193,2026-08-08T11:57:00
M0193,2026-08-09T15:55:00
M0193,2026-08-11T11:30:00
M0193,2026-08-11T18:45:00
M0193,2026-08-28T10:14:00
M0193,2026-08-30T15:58:00
M0193,2026-09-02T06:48:00
M0193,2026-09-02T19:43:00
M0193,2026-09-03T06:53:00
M0194,2026-04-16T06:46:00
M0194,2026-04-18T15:04:00
M0194,2026-04-18T15:18:00
M0194,2026-05-05T17:22:00
M0194,2026-05-12T09:30:00
M0194,2026-05-26T08:18:00
M0194,2026-06-07T12:24:00
M0194,2026-06-11T18:44:00
M0194,2026-07-06T10:38:00
M0194,2026-07-10T08:08:00
M0194,2026-07-12T20:02:00
M0194,2026-07-19T12:50:00
M0194,2026-09-02T09:03:00
M0194,2026-09-09T18:05:00
M0195,2026-04-30T13:11:00
M0195,2026-05-14T08:25:00
M0195,2026-06-28T20:04:00
M0196,2025-05-29T20:39:00
M0196,2025-07-01T09:13:00
M0196,2025-07-04T15:33:00
M0196,2025-08-11T10:28:00
M0196,2025-10-28T10:10:00
M0196,2026-03-05T15:34:00
M0196,2026-08-10T09:53:00
M0196,2026-09-01T18:41:00
M0197,2025-05-17T18:58:00
M0197,2025-05-20T08:10:00
M0197,2025-05-20T15:01:00
M0197,2025-05-22T17:19:00
M0197,2025-06-04T06:46:00
M0197,2025-06-05T12:20:00
M0197,2025-06-07T17:49:00
M0197,2025-06-11T12:19:00
M0197,2025-06-11T17:40:00
M0197,2025-06-12T08:38:00
M0197,2025-06-15T06:36:00
M0197,2025-06-24T13:26:00
M0197,2025-06-25T19:53:00
M0197,2025-06-30T10:19:00
M0197,2025-07-17T13:32:00
M0197,2025-07-26T09:53:00
M0197,2025-07-30T17:58:00
M0197,2025-08-01T10:42:00
M0197,2025-08-04T17:20:00
M0197,2025-08-07T07:25:00
M0197,2025-08-08T08:41:00
M0197,2025-08-10T13:38:00
M0197,2025-08-21T17:45:00
M0197,2025-09-06T13:23:00
M0197,2025-09-08T06:47:00
M0197,2025-09-09T19:17:00
M0197,2025-09-11T10:14:00
M0197,2025-09-14T09:39:00
M0197,2025-09-22T15:25:00
M0197,2025-09-28T06:17:00
M0197,2025-10-03T19:13:00
M0197,2025-10-06T18:42:00
M0197,2025-10-19T19:11:00
M0197,2025-10-23T14:30:00
M0197,2025-10-26T17:14:00
M0197,2025-10-28T17:22:00
M0197,2025-10-30T09:01:00
M0197,2025-10-30T19:51:00
M0197,2025-10-31T09:40:00
M0197,2025-10-31T13:12:00
M0197,2025-11-01T09:17:00
M0197,2025-11-04T14:06:00
M0197,2025-11-05T08:14:00
M0197,2025-11-08T10:06:00
M0197,2025-11-11T08:09:00
M0197,2025-11-11T16:13:00
M0197,2025-11-14T06:40:00
M0197,2025-11-14T18:30:00
M0197,2025-11-23T14:23:00
M0197,2025-11-27T09:22:00
M0197,2025-11-27T17:52:00
M0197,2025-11-29T08:03:00
M0197,2025-12-03T11:58:00
M0197,2025-12-10T12:03:00
M0197,2025-12-25T09:52:00
M0197,2026-01-01T11:06:00
M0197,2026-01-13T06:31:00
M0197,2026-01-16T11:34:00
M0197,2026-01-19T07:23:00
M0197,2026-01-23T08:09:00
M0197,2026-01-26T17:03:00
M0197,2026-01-27T13:03:00
M0197,2026-01-27T15:17:00
M0197,2026-01-28T15:39:00
M0197,2026-01-31T10:04:00
M0197,2026-02-02T10:21:00
M0197,2026-02-02T19:43:00
M0197,2026-02-05T11:52:00
M0197,2026-02-13T19:05:00
M0197,2026-02-19T11:14:00
M0197,2026-02-22T18:52:00
M0197,2026-03-04T13:49:00
M0197,2026-03-08T07:37:00
M0197,2026-03-11T19:15:00
M0197,2026-03-17T17:56:00
M0197,2026-03-20T20:01:00
M0197,2026-04-02T17:44:00
M0197,2026-04-03T17:47:00
M0197,2026-04-10T15:16:00
M0197,2026-04-14T07:39:00
M0197,2026-04-20T19:30:00
M0197,2026-04-22T11:44:00
M0197,2026-04-25T19:48:00
M0197,2026-04-29T20:59:00
M0197,2026-05-01T11:31:00
M0197,2026-05-02T12:51:00
M0197,2026-05-07T08:32:00
M0197,2026-05-15T12:15:00
M0197,2026-05-18T16:08:00
M0197,2026-05-20T19:50:00
M0197,2026-05-30T07:47:00
M0197,2026-06-13T08:54:00
M0197,2026-06-16T07:42:00
M0197,2026-07-03T08:00:00
M0197,2026-07-06T11:57:00
M0197,2026-07-06T12:15:00
M0197,2026-07-06T19:34:00
M0197,2026-07-14T18:00:00
M0197,2026-07-18T12:04:00
M0197,2026-07-24T06:18:00
M0197,2026-08-06T06:20:00
M0197,2026-08-09T14:42:00
M0197,2026-08-21T16:41:00
M0197,2026-08-22T14:51:00
M0197,2026-08-22T15:28:00
M0197,2026-08-29T20:04:00
M0197,2026-09-04T09:43:00
M0198,2026-05-24T14:38:00
M0198,2026-05-25T15:09:00
M0198,2026-05-26T18:48:00
M0198,2026-05-27T17:06:00
M0198,2026-05-27T19:32:00
M0198,2026-05-28T14:35:00
M0198,2026-05-30T06:46:00
M0198,2026-06-01T06:17:00
M0198,2026-06-07T12:32:00
M0198,2026-06-08T14:33:00
M0198,2026-06-12T07:24:00
M0198,2026-06-13T20:25:00
M0198,2026-06-16T20:26:00
M0198,2026-06-17T17:34:00
M0198,2026-06-18T19:43:00
M0198,2026-06-19T11:05:00
M0198,2026-06-24T18:35:00
M0198,2026-06-25T06:22:00
M0198,2026-06-25T12:21:00
M0198,2026-06-26T06:42:00
M0198,2026-07-02T18:10:00
M0198,2026-07-08T08:45:00
M0198,2026-07-08T08:52:00
M0198,2026-07-08T13:11:00
M0198,2026-07-09T06:00:00
M0198,2026-07-12T17:40:00
M0198,2026-07-16T07:43:00
M0198,2026-07-17T19:18:00
M0198,2026-07-20T13:13:00
M0198,2026-07-21T12:18:00
M0198,2026-07-22T08:40:00
M0198,2026-07-26T13:33:00
M0198,2026-07-27T17:46:00
M0198,2026-07-30T09:03:00
M0198,2026-07-31T18:01:00
M0198,2026-08-01T12:38:00
M0198,2026-08-02T16:16:00
M0198,2026-08-04T10:38:00
M0198,2026-08-05T20:33:00
M0198,2026-08-07T15:23:00
M0198,2026-08-08T15:37:00
M0198,2026-08-12T20:05:00
M0198,2026-08-13T09:26:00
M0198,2026-08-18T12:30:00
M0198,2026-08-25T15:02:00
M0198,2026-08-26T12:33:00
M0198,2026-08-27T17:26:00
M0198,2026-09-02T11:04:00
M0198,2026-09-06T07:27:00
M0198,2026-09-08T11:27:00
M0199,2026-02-28T20:40:00
M0199,2026-03-05T13:13:00
M0199,2026-03-07T17:02:00
M0199,2026-03-08T11:33:00
M0199,2026-03-11T20:09:00
M0199,2026-03-20T11:27:00
M0199,2026-04-05T09:49:00
M0199,2026-04-06T18:50:00
M0199,2026-04-07T17:30:00
M0199,2026-04-25T16:12:00
M0199,2026-04-28T18:15:00
M0199,2026-06-06T12:31:00
M0199,2026-06-11T14:30:00
M0199,2026-06-27T15:50:00
M0199,2026-06-28T19:26:00
M0199,2026-07-04T11:18:00
M0199,2026-07-08T13:43:00
M0199,2026-07-19T06:54:00
M0199,2026-08-01T08:16:00
M0199,2026-08-13T06:08:00
M0199,2026-08-24T19:18:00
M0199,2026-08-31T11:01:00
M0199,2026-08-31T15:02:00
M0199,2026-09-03T06:21:00
M0200,2025-09-07T06:12:00
M0200,2025-09-07T14:32:00
M0200,2025-09-09T07:25:00
M0200,2025-09-09T08:19:00
M0200,2025-09-15T09:33:00
M0200,2025-09-19T18:49:00
M0200,2025-09-20T06:01:00
M0200,2025-09-21T06:31:00
M0200,2025-09-21T11:10:00
M0200,2025-09-21T18:42:00
M0200,2025-09-24T07:18:00
M0200,2025-09-24T10:39:00
M0200,2025-09-27T13:36:00
M0200,2025-09-29T10:26:00
M0200,2025-10-01T16:26:00
M0200,2025-10-02T17:17:00
M0200,2025-10-03T12:09:00
M0200,2025-10-04T14:38:00
M0200,2025-10-08T15:31:00
M0200,2025-10-09T09:22:00
M0200,2025-10-11T08:08:00
M0200,2025-10-12T06:08:00
M0200,2025-10-12T11:09:00
M0200,2025-10-14T18:20:00
M0200,2025-10-16T12:03:00
M0200,2025-10-17T12:10:00
M0200,2025-10-18T11:24:00
M0200,2025-10-19T11:05:00
M0200,2025-10-19T20:18:00
M0200,2025-10-23T11:33:00
M0200,2025-10-23T13:28:00
M0200,2025-10-24T19:06:00
M0200,2025-10-25T11:04:00
M0200,2025-10-25T17:34:00
M0200,2025-10-26T09:37:00
M0200,2025-10-26T13:33:00
M0200,2025-10-26T18:55:00
M0200,2025-10-28T12:27:00
M0200,2025-10-29T17:02:00
M0200,2025-10-29T19:40:00
M0200,2025-10-29T20:58:00
M0200,2025-10-31T07:54:00
M0200,2025-10-31T10:06:00
M0200,2025-11-02T12:05:00
M0200,2025-11-03T13:40:00
M0200,2025-11-05T06:37:00
M0200,2025-11-05T10:49:00
M0200,2025-11-05T12:51:00
M0200,2025-11-09T06:09:00
M0200,2025-11-09T18:16:00
M0200,2025-11-10T08:30:00
M0200,2025-11-10T10:19:00
M0200,2025-11-11T15:20:00
M0200,2025-11-14T14:51:00
M0200,2025-11-14T19:54:00
M0200,2025-11-17T14:34:00
M0200,2025-11-20T07:15:00
M0200,2025-11-20T14:09:00
M0200,2025-11-21T12:12:00
M0200,2025-11-21T13:15:00
M0200,2025-11-22T19:53:00
M0200,2025-11-24T06:14:00
M0200,2025-11-25T07:19:00
M0200,2025-11-28T07:58:00
M0200,2025-12-03T06:44:00
M0200,2025-12-06T12:05:00
M0200,2025-12-07T12:43:00
M0200,2025-12-08T18:07:00
M0200,2025-12-09T16:37:00
M0200,2025-12-10T18:15:00
M0200,2025-12-11T15:26:00
M0200,2025-12-12T07:58:00
M0200,2025-12-13T10:29:00
M0200,2025-12-19T07:52:00
M0200,2025-12-19T14:36:00
M0200,2025-12-19T17:07:00
M0200,2025-12-19T18:05:00
M0200,2025-12-22T19:24:00
M0200,2025-12-24T08:46:00
M0200,2025-12-24T18:51:00
M0200,2025-12-25T16:38:00
M0200,2025-12-27T06:14:00
M0200,2025-12-28T20:19:00
M0200,2025-12-29T07:17:00
M0200,2025-12-31T14:42:00
M0200,2026-01-01T13:26:00
M0200,2026-01-02T09:18:00
M0200,2026-01-03T09:48:00
M0200,2026-01-10T14:06:00
M0200,2026-01-10T19:54:00
M0200,2026-01-14T16:06:00
M0200,2026-01-17T17:45:00
M0200,2026-01-18T08:20:00
M0200,2026-01-19T06:21:00
M0200,2026-01-22T07:28:00
M0200,2026-01-23T15:42:00
M0200,2026-01-24T10:19:00
M0200,2026-01-26T12:00:00
M0200,2026-01-26T16:52:00
M0200,2026-01-27T06:32:00
M0200,2026-01-27T13:06:00
M0200,2026-01-28T13:33:00
M0200,2026-01-28T17:17:00
M0200,2026-01-30T06:51:00
M0200,2026-02-01T07:01:00
M0200,2026-02-01T07:16:00
M0200,2026-02-02T11:30:00
M0200,2026-02-06T18:22:00
M0200,2026-02-06T20:24:00
M0200,2026-02-08T18:09:00
M0200,2026-02-10T11:42:00
M0200,2026-02-14T17:14:00
M0200,2026-02-15T09:38:00
M0200,2026-02-15T09:54:00
M0200,2026-02-17T06:38:00
M0200,2026-02-17T10:16:00
M0200,2026-02-17T15:17:00
M0200,2026-02-17T17:39:00
M0200,2026-02-18T16:37:00
M0200,2026-02-18T20:33:00
M0200,2026-02-19T10:01:00
M0200,2026-02-20T06:29:00
M0200,2026-02-22T08:27:00
M0200,2026-02-23T07:00:00
M0200,2026-02-23T07:11:00
M0200,2026-02-23T09:04:00
M0200,2026-02-26T16:35:00
M0200,2026-02-27T12:01:00
M0200,2026-02-27T16:25:00
M0200,2026-02-27T18:28:00
M0200,2026-02-28T11:31:00
M0200,2026-03-03T09:05:00
M0200,2026-03-07T06:34:00
M0200,2026-03-09T09:25:00
M0200,2026-03-09T10:26:00
M0200,2026-03-11T12:41:00
M0200,2026-03-12T19:02:00
M0200,2026-03-13T07:10:00
M0200,2026-03-14T12:59:00
M0200,2026-03-23T06:03:00
M0200,2026-03-23T13:18:00
M0200,2026-03-25T10:56:00
M0200,2026-03-25T12:29:00
M0200,2026-03-25T12:49:00
M0200,2026-03-30T14:16:00
M0200,2026-04-02T16:37:00
M0200,2026-04-03T14:37:00
M0200,2026-04-04T06:03:00
M0200,2026-04-04T18:04:00
M0200,2026-04-04T20:41:00
M0200,2026-04-05T12:51:00
M0200,2026-04-06T15:12:00
M0200,2026-04-07T11:36:00
M0200,2026-04-07T13:48:00
M0200,2026-04-07T18:29:00
M0200,2026-04-08T07:29:00
M0200,2026-04-10T09:41:00
M0200,2026-04-11T07:59:00
M0200,2026-04-11T13:06:00
M0200,2026-04-11T13:33:00
M0200,2026-04-15T17:48:00
M0200,2026-04-17T09:52:00
M0200,2026-04-18T08:59:00
M0200,2026-04-18T10:18:00
M0200,2026-04-18T10:39:00
M0200,2026-04-20T07:51:00
M0200,2026-04-20T11:54:00
M0200,2026-04-21T19:03:00
M0200,2026-04-26T16:42:00
M0200,2026-04-27T09:14:00
M0200,2026-04-29T10:42:00
M0200,2026-04-29T12:28:00
M0200,2026-05-04T08:14:00
M0200,2026-05-06T07:30:00
M0200,2026-05-06T17:26:00
M0200,2026-05-07T20:21:00
M0200,2026-05-09T20:59:00
M0200,2026-05-10T11:15:00
M0200,2026-05-12T16:25:00
M0200,2026-05-13T15:11:00
M0200,2026-05-13T17:51:00
M0200,2026-05-15T06:19:00
M0200,2026-05-15T09:46:00
M0200,2026-05-15T16:01:00
M0200,2026-05-17T07:29:00
M0200,2026-05-17T15:55:00
M0200,2026-05-18T09:46:00
M0200,2026-05-19T17:07:00
M0200,2026-05-21T15:30:00
M0200,2026-05-21T19:29:00
M0200,2026-05-25T14:31:00
M0200,2026-05-25T18:27:00
M0200,2026-05-28T17:09:00
M0200,2026-05-28T20:09:00
M0200,2026-05-31T18:47:00
M0200,2026-06-01T19:33:00
M0200,2026-06-02T16:51:00
M0200,2026-06-02T19:21:00
M0200,2026-06-03T08:55:00
M0200,2026-06-04T09:53:00
M0200,2026-06-05T14:52:00
M0200,2026-06-07T10:36:00
M0200,2026-06-07T18:07:00
M0200,2026-06-09T14:29:00
M0200,2026-06-11T07:16:00
M0200,2026-06-11T07:59:00
M0200,2026-06-13T12:00:00
M0200,2026-06-15T11:35:00
M0200,2026-06-17T12:28:00
M0200,2026-06-18T07:30:00
M0200,2026-06-19T13:58:00
M0200,2026-06-21T07:56:00
M0200,2026-06-22T13:38:00
M0200,2026-06-25T07:24:00
M0200,2026-06-26T09:52:00
M0200,2026-06-28T11:01:00
M0200,2026-06-28T19:37:00
M0200,2026-06-28T20:56:00
M0200,2026-06-29T18:16:00
M0200,2026-06-30T10:25:00
M0200,2026-06-30T17:51:00
M0200,2026-07-01T14:39:00
M0200,2026-07-06T16:40:00
M0200,2026-07-07T06:06:00
M0200,2026-07-07T06:54:00
M0200,2026-07-08T17:38:00
M0200,2026-07-09T09:16:00
M0200,2026-07-09T11:23:00
M0200,2026-07-10T09:38:00
M0200,2026-07-12T11:20:00
M0200,2026-07-14T17:37:00
M0200,2026-07-16T08:30:00
M0200,2026-07-16T14:25:00
M0200,2026-07-16T19:06:00
M0200,2026-07-19T15:53:00
M0200,2026-07-24T16:03:00
M0200,2026-07-25T06:42:00
M0200,2026-07-25T18:50:00
M0200,2026-07-26T12:03:00
M0200,2026-07-27T06:39:00
M0200,2026-07-31T07:42:00
M0200,2026-08-07T17:03:00
M0200,2026-08-08T19:20:00
M0200,2026-08-08T19:37:00
M0200,2026-08-11T07:26:00
M0200,2026-08-16T06:03:00
M0200,2026-08-16T07:54:00
M0200,2026-08-17T18:16:00
M0200,2026-08-18T09:35:00
M0200,2026-08-19T08:41:00
M0200,2026-08-20T14:05:00
M0200,2026-08-20T17:35:00
M0200,2026-08-21T09:33:00
M0200,2026-08-21T10:42:00
M0200,2026-08-21T17:39:00
M0200,2026-08-25T19:36:00
M0200,2026-08-26T06:48:00
M0200,2026-08-27T16:56:00
M0200,2026-08-27T19:35:00
M0200,2026-08-30T07:03:00
M0200,2026-08-30T09:43:00
M0200,2026-08-31T16:16:00
M0200,2026-09-02T07:31:00
M0200,2026-09-03T20:29:00
M0200,2026-09-04T12:30:00
M0200,2026-09-07T11:46:00
M0200,2026-09-08T19:57:00
M0200,2026-09-10T09:40:00
M0201,2025-05-15T13:24:00
M0201,2025-05-15T14:46:00
M0201,2025-05-15T16:40:00
M0201,2025-05-16T12:16:00
M0201,2025-05-18T09:48:00
M0201,2025-05-18T19:18:00
M0201,2025-05-20T12:38:00
M0201,2025-05-20T17:14:00
M0201,2025-05-21T06:09:00
M0201,2025-05-21T07:44:00
M0201,2025-05-22T12:54:00
M0201,2025-05-22T19:15:00
M0201,2025-05-23T11:58:00
M0201,2025-05-23T12:32:00
M0201,2025-05-25T12:17:00
M0201,2025-05-27T15:37:00
M0201,2025-05-30T09:50:00
M0201,2025-06-02T16:04:00
M0201,2025-06-03T15:46:00
M0201,2025-06-05T08:24:00
M0201,2025-06-06T16:11:00
M0201,2025-06-07T08:50:00
M0201,2025-06-09T08:56:00
M0201,2025-06-09T09:29:00
M0201,2025-06-10T18:25:00
M0201,2025-06-11T13:58:00
M0201,2025-06-13T20:11:00
M0201,2025-06-14T08:58:00
M0201,2025-06-14T10:19:00
M0201,2025-06-14T19:55:00
M0201,2025-06-16T10:38:00
M0201,2025-06-16T12:48:00
M0201,2025-06-17T14:17:00
M0201,2025-06-18T09:51:00
M0201,2025-06-18T15:36:00
M0201,2025-06-19T19:56:00
M0201,2025-06-23T12:32:00
M0201,2025-06-24T16:27:00
M0201,2025-06-25T17:46:00
M0201,2025-06-26T07:19:00
M0201,2025-06-26T12:16:00
M0201,2025-06-26T15:45:00
M0201,2025-07-02T09:14:00
M0201,2025-07-03T19:21:00
M0201,2025-07-04T18:30:00
M0201,2025-07-05T17:22:00
M0201,2025-07-06T17:56:00
M0201,2025-07-07T06:20:00
M0201,2025-07-07T13:30:00
M0201,2025-07-07T13:59:00
M0201,2025-07-07T16:42:00
M0201,2025-07-09T16:58:00
M0201,2025-07-09T17:03:00
M0201,2025-07-19T15:06:00
M0201,2025-07-21T06:10:00
M0201,2025-07-27T09:29:00
M0201,2025-07-29T08:01:00
M0201,2025-07-29T17:17:00
M0201,2025-08-01T07:26:00
M0201,2025-08-01T20:46:00
M0201,2025-08-07T09:09:00
M0201,2025-08-08T11:32:00
M0201,2025-08-09T07:34:00
M0201,2025-08-10T12:46:00
M0201,2025-08-17T20:50:00
M0201,2025-08-18T11:22:00
M0201,2025-08-18T13:29:00
M0201,2025-08-19T15:37:00
M0201,2025-08-20T06:11:00
M0201,2025-08-20T09:46:00
M0201,2025-08-25T09:38:00
M0201,2025-08-27T11:31:00
M0201,2025-08-28T07:04:00
M0201,2025-08-29T10:46:00
M0201,2025-08-31T10:43:00
M0201,2025-09-01T16:52:00
M0201,2025-09-03T11:04:00
M0201,2025-09-03T15:20:00
M0201,2025-09-04T09:45:00
M0201,2025-09-06T12:41:00
M0201,2025-09-07T16:13:00
M0201,2025-09-07T19:27:00
M0201,2025-09-07T20:29:00
M0201,2025-09-08T12:09:00
M0201,2025-09-11T07:10:00
M0201,2025-09-11T11:25:00
M0201,2025-09-12T06:47:00
M0201,2025-09-12T09:01:00
M0201,2025-09-13T14:18:00
M0201,2025-09-16T19:10:00
M0201,2025-09-17T06:34:00
M0201,2025-09-19T14:29:00
M0201,2025-09-19T20:53:00
M0201,2025-09-20T16:35:00
M0201,2025-09-22T08:40:00
M0201,2025-09-22T17:09:00
M0201,2025-09-25T06:56:00
M0201,2025-10-01T08:51:00
M0201,2025-10-05T16:45:00
M0201,2025-10-06T14:12:00
M0201,2025-10-09T08:40:00
M0201,2025-10-09T15:28:00
M0201,2025-10-10T08:00:00
M0201,2025-10-11T14:22:00
M0201,2025-10-12T08:00:00
M0201,2025-10-12T09:45:00
M0201,2025-10-12T11:48:00
M0201,2025-10-18T08:34:00
M0201,2025-10-19T10:53:00
M0201,2025-10-22T06:35:00
M0201,2025-10-24T16:25:00
M0201,2025-10-25T07:10:00
M0201,2025-10-25T11:21:00
M0201,2025-10-26T15:44:00
M0201,2025-10-26T18:56:00
M0201,2025-10-27T17:46:00
M0201,2025-10-28T07:27:00
M0201,2025-10-28T17:10:00
M0201,2025-10-30T06:23:00
M0201,2025-10-30T06:32:00
M0201,2025-10-30T16:45:00
M0201,2025-11-06T15:19:00
M0201,2025-11-08T17:08:00
M0201,2025-11-11T14:49:00
M0201,2025-11-13T06:13:00
M0201,2025-11-14T08:15:00
M0201,2025-11-14T09:44:00
M0201,2025-11-14T12:56:00
M0201,2025-11-15T06:09:00
M0201,2025-11-16T06:28:00
M0201,2025-11-21T06:45:00
M0201,2025-11-21T13:21:00
M0201,2025-11-21T16:17:00
M0201,2025-11-25T08:56:00
M0201,2025-11-25T16:33:00
M0201,2025-11-26T16:17:00
M0201,2025-11-27T12:49:00
M0201,2025-12-01T06:55:00
M0201,2025-12-01T08:54:00
M0201,2025-12-03T09:36:00
M0201,2025-12-05T07:27:00
M0201,2025-12-07T15:24:00
M0201,2025-12-07T17:25:00
M0201,2025-12-08T07:55:00
M0201,2025-12-10T20:50:00
M0201,2025-12-11T09:13:00
M0201,2025-12-13T07:01:00
M0201,2025-12-13T10:58:00
M0201,2025-12-14T07:27:00
M0201,2025-12-16T16:19:00
M0201,2025-12-17T06:16:00
M0201,2025-12-17T14:30:00
M0201,2025-12-20T14:01:00
M0201,2025-12-20T18:47:00
M0201,2025-12-21T06:01:00
M0201,2025-12-21T10:37:00
M0201,2025-12-23T14:18:00
M0201,2025-12-25T11:46:00
M0201,2025-12-28T10:09:00
M0201,2025-12-29T12:53:00
M0201,2025-12-30T07:31:00
M0201,2025-12-30T08:33:00
M0201,2026-01-01T15:08:00
M0201,2026-01-03T06:20:00
M0201,2026-01-03T07:07:00
M0201,2026-01-05T18:26:00
M0201,2026-01-07T06:41:00
M0201,2026-01-08T11:53:00
M0201,2026-01-09T17:21:00
M0201,2026-01-11T07:46:00
M0201,2026-01-12T15:45:00
M0201,2026-01-13T18:12:00
M0201,2026-01-16T16:50:00
M0201,2026-01-16T17:10:00
M0201,2026-01-17T08:44:00
M0201,2026-01-17T14:53:00
M0201,2026-01-19T20:03:00
M0201,2026-01-26T09:29:00
M0201,2026-01-27T13:40:00
M0201,2026-01-31T09:22:00
M0201,2026-01-31T13:25:00
M0201,2026-01-31T17:03:00
M0201,2026-02-03T19:45:00
M0201,2026-02-05T20:21:00
M0201,2026-02-06T11:47:00
M0201,2026-02-09T11:02:00
M0201,2026-02-11T07:05:00
M0201,2026-02-11T16:12:00
M0201,2026-02-12T09:05:00
M0201,2026-02-13T13:28:00
M0201,2026-02-14T11:32:00
M0201,2026-02-15T10:34:00
M0201,2026-02-16T08:25:00
M0201,2026-02-17T12:53:00
M0201,2026-02-17T14:35:00
M0201,2026-02-18T08:52:00
M0201,2026-02-19T10:58:00
M0201,2026-02-23T06:15:00
M0201,2026-02-26T19:34:00
M0201,2026-02-27T15:57:00
M0201,2026-02-28T18:57:00
M0201,2026-03-01T07:51:00
M0201,2026-03-02T06:45:00
M0201,2026-03-02T20:51:00
M0201,2026-03-04T15:30:00
M0201,2026-03-04T19:19:00
M0201,2026-03-04T20:08:00
M0201,2026-03-06T11:44:00
M0201,2026-03-07T17:49:00
M0201,2026-03-13T06:20:00
M0201,2026-03-14T15:56:00
M0201,2026-03-14T16:46:00
M0201,2026-03-19T07:43:00
M0201,2026-03-20T18:28:00
M0201,2026-03-21T13:31:00
M0201,2026-03-23T12:28:00
M0201,2026-03-23T15:54:00
M0201,2026-03-24T18:22:00
M0201,2026-03-27T06:45:00
M0201,2026-03-28T18:21:00
M0201,2026-03-29T12:09:00
M0201,2026-03-29T19:16:00
M0201,2026-03-30T18:35:00
M0201,2026-04-04T14:36:00
M0201,2026-04-04T18:55:00
M0201,2026-04-05T06:35:00
M0201,2026-04-05T20:02:00
M0201,2026-04-06T20:54:00
M0201,2026-04-07T07:05:00
M0201,2026-04-08T18:06:00
M0201,2026-04-10T08:07:00
M0201,2026-04-11T16:59:00
M0201,2026-04-16T06:58:00
M0201,2026-04-19T12:43:00
M0201,2026-04-19T17:33:00
M0201,2026-04-20T09:17:00
M0201,2026-04-20T18:24:00
M0201,2026-04-21T07:08:00
M0201,2026-04-21T14:40:00
M0201,2026-04-22T09:12:00
M0201,2026-04-23T17:07:00
M0201,2026-04-24T06:43:00
M0201,2026-04-26T10:24:00
M0201,2026-04-27T15:46:00
M0201,2026-04-27T20:33:00
M0201,2026-04-28T09:46:00
M0201,2026-04-29T15:38:00
M0201,2026-05-04T20:55:00
M0201,2026-05-06T16:30:00
M0201,2026-05-07T20:50:00
M0201,2026-05-08T14:43:00
M0201,2026-05-09T17:25:00
M0201,2026-05-10T07:40:00
M0201,2026-05-13T15:08:00
M0201,2026-05-13T19:14:00
M0201,2026-05-17T17:34:00
M0201,2026-05-18T16:22:00
M0201,2026-05-20T08:32:00
M0201,2026-05-23T17:41:00
M0201,2026-05-25T12:32:00
M0201,2026-05-25T19:39:00
M0201,2026-05-26T07:34:00
M0201,2026-05-29T06:45:00
M0201,2026-05-31T12:44:00
M0201,2026-06-01T06:41:00
M0201,2026-06-03T09:36:00
M0201,2026-06-03T18:16:00
M0201,2026-06-04T13:15:00
M0201,2026-06-07T15:18:00
M0201,2026-06-08T15:39:00
M0201,2026-06-10T18:46:00
M0201,2026-06-13T07:54:00
M0201,2026-06-14T16:57:00
M0201,2026-06-16T16:16:00
M0201,2026-06-16T19:19:00
M0201,2026-06-17T10:20:00
M0201,2026-06-17T18:19:00
M0201,2026-06-18T13:25:00
M0201,2026-06-19T12:40:00
M0201,2026-06-19T17:27:00
M0201,2026-06-22T20:53:00
M0201,2026-06-24T20:21:00
M0201,2026-06-25T17:25:00
M0201,2026-06-25T20:51:00
M0201,2026-06-27T16:14:00
M0201,2026-06-27T18:28:00
M0201,2026-06-30T10:15:00
M0201,2026-07-01T11:36:00
M0201,2026-07-04T15:41:00
M0201,2026-07-06T09:58:00
M0201,2026-07-06T14:21:00
M0201,2026-07-09T13:51:00
M0201,2026-07-13T17:50:00
M0201,2026-07-14T16:45:00
M0201,2026-07-15T15:47:00
M0201,2026-07-19T14:48:00
M0201,2026-07-20T12:23:00
M0201,2026-07-20T19:20:00
M0201,2026-07-23T12:30:00
M0201,2026-07-24T20:43:00
M0201,2026-07-26T11:26:00
M0201,2026-07-28T18:35:00
M0201,2026-07-30T13:53:00
M0201,2026-07-31T10:43:00
M0201,2026-08-03T10:52:00
M0201,2026-08-04T09:03:00
M0201,2026-08-06T18:43:00
M0201,2026-08-09T07:56:00
M0201,2026-08-09T16:42:00
M0201,2026-08-11T16:55:00
M0201,2026-08-12T13:29:00
M0201,2026-08-13T13:32:00
M0201,2026-08-13T16:40:00
M0201,2026-08-14T11:42:00
M0201,2026-08-17T09:24:00
M0201,2026-08-21T09:45:00
M0201,2026-08-21T12:37:00
M0201,2026-08-22T06:15:00
M0201,2026-08-24T08:09:00
M0201,2026-08-24T15:21:00
M0201,2026-08-25T14:20:00
M0201,2026-08-27T18:08:00
M0201,2026-08-28T14:21:00
M0201,2026-09-01T08:14:00
M0201,2026-09-01T18:02:00
M0201,2026-09-02T16:51:00
M0201,2026-09-03T10:39:00
M0201,2026-09-04T13:15:00
M0201,2026-09-05T17:42:00
M0201,2026-09-06T08:16:00
M0201,2026-09-06T11:12:00
M0201,2026-09-07T17:03:00
M0201,2026-09-08T11:51:00
M0201,2026-09-11T08:08:00
M0201,2026-09-11T10:30:00
M0202,2025-06-24T06:26:00
M0202,2025-07-08T13:16:00
M0202,2025-09-02T09:26:00
M0202,2025-10-16T10:59:00
M0202,2026-02-02T11:36:00
M0202,2026-02-12T18:30:00
M0202,2026-02-23T12:07:00
M0202,2026-03-09T08:06:00
M0202,2026-07-04T15:15:00
M0202,2026-08-23T15:05:00
M0202,2026-08-30T08:30:00
M0203,2025-12-31T19:09:00
M0203,2026-01-03T16:15:00
M0203,2026-01-06T11:24:00
M0203,2026-01-08T10:26:00
M0203,2026-01-10T17:22:00
M0203,2026-01-11T17:40:00
M0203,2026-01-14T16:00:00
M0203,2026-01-15T11:23:00
M0203,2026-01-15T18:21:00
M0203,2026-01-17T11:03:00
M0203,2026-01-21T12:13:00
M0203,2026-01-25T11:27:00
M0203,2026-01-27T13:31:00
M0203,2026-02-04T09:41:00
M0203,2026-02-05T20:50:00
M0203,2026-02-06T18:34:00
M0203,2026-02-07T18:43:00
M0203,2026-02-11T13:26:00
M0203,2026-02-12T16:52:00
M0203,2026-02-13T06:01:00
M0203,2026-02-15T15:03:00
M0203,2026-02-16T09:36:00
M0203,2026-02-20T15:24:00
M0203,2026-02-21T08:44:00
M0203,2026-02-22T16:52:00
M0203,2026-02-22T19:15:00
M0203,2026-02-23T08:27:00
M0203,2026-02-24T15:28:00
M0203,2026-02-28T06:11:00
M0203,2026-03-01T08:09:00
M0203,2026-03-05T11:43:00
M0203,2026-03-10T12:06:00
M0203,2026-03-10T12:41:00
M0203,2026-03-13T06:58:00
M0203,2026-03-13T18:38:00
M0203,2026-03-17T06:13:00
M0203,2026-03-22T07:11:00
M0203,2026-03-22T07:21:00
M0203,2026-03-28T19:13:00
M0203,2026-03-31T13:27:00
M0203,2026-04-02T10:39:00
M0203,2026-04-08T20:07:00
M0203,2026-04-10T08:46:00
M0203,2026-04-11T13:57:00
M0203,2026-04-14T14:41:00
M0203,2026-04-15T16:15:00
M0203,2026-04-20T16:52:00
M0203,2026-04-21T17:38:00
M0203,2026-04-22T15:47:00
M0203,2026-04-22T15:58:00
M0203,2026-04-24T18:41:00
M0203,2026-04-26T19:53:00
M0203,2026-04-28T08:11:00
M0203,2026-04-28T19:21:00
M0203,2026-04-29T06:30:00
M0203,2026-05-02T08:07:00
M0203,2026-05-05T20:35:00
M0203,2026-05-08T06:55:00
M0203,2026-05-13T20:09:00
M0203,2026-05-14T08:29:00
M0203,2026-05-15T13:47:00
M0203,2026-05-16T09:41:00
M0203,2026-05-25T06:20:00
M0203,2026-05-28T13:47:00
M0203,2026-05-28T15:35:00
M0203,2026-05-30T14:56:00
M0203,2026-06-02T12:12:00
M0203,2026-06-05T18:10:00
M0203,2026-06-06T20:09:00
M0203,2026-06-09T07:10:00
M0203,2026-06-09T20:18:00
M0203,2026-06-10T08:44:00
M0203,2026-06-11T12:45:00
M0203,2026-06-12T15:35:00
M0203,2026-06-14T14:53:00
M0203,2026-06-14T17:47:00
M0203,2026-06-19T11:32:00
M0203,2026-06-20T11:08:00
M0203,2026-06-21T20:17:00
M0203,2026-06-26T12:00:00
M0203,2026-06-29T15:26:00
M0203,2026-06-30T16:27:00
M0203,2026-07-01T17:40:00
M0203,2026-07-02T08:23:00
M0203,2026-07-02T20:52:00
M0203,2026-07-06T10:28:00
M0203,2026-07-06T17:52:00
M0203,2026-07-10T09:28:00
M0203,2026-07-16T13:31:00
M0203,2026-07-18T13:44:00
M0203,2026-07-21T18:44:00
M0203,2026-07-23T06:28:00
M0203,2026-07-25T20:34:00
M0203,2026-07-26T15:17:00
M0203,2026-07-28T08:57:00
M0203,2026-07-31T11:30:00
M0203,2026-07-31T13:49:00
M0203,2026-08-01T13:58:00
M0203,2026-08-01T14:32:00
M0203,2026-08-03T06:27:00
M0203,2026-08-05T12:33:00
M0203,2026-08-05T14:19:00
M0203,2026-08-11T18:38:00
M0203,2026-08-12T14:50:00
M0203,2026-08-12T20:25:00
M0203,2026-08-16T17:04:00
M0203,2026-08-21T10:07:00
M0203,2026-08-23T16:48:00
M0203,2026-08-27T09:55:00
M0203,2026-08-28T06:00:00
M0203,2026-08-28T07:41:00
M0203,2026-09-02T07:44:00
M0203,2026-09-03T12:46:00
M0203,2026-09-05T06:50:00
M0203,2026-09-05T12:02:00
M0203,2026-09-06T12:34:00
M0203,2026-09-11T10:30:00
M0204,2025-09-20T14:43:00
M0204,2025-09-28T09:23:00
M0204,2025-10-22T16:17:00
M0204,2025-10-31T19:25:00
M0204,2025-11-20T06:05:00
M0204,2026-02-03T15:05:00
M0204,2026-02-10T14:43:00
M0204,2026-03-01T14:01:00
M0204,2026-04-21T13:00:00
M0204,2026-07-29T07:30:00
M0204,2026-08-21T17:32:00
M0204,2026-08-27T17:43:00
M0204,2026-08-31T13:55:00
M0204,2026-09-11T11:10:00
M0205,2025-10-20T15:23:00
M0205,2025-10-21T13:38:00
M0205,2025-10-24T16:58:00
M0205,2025-10-25T12:05:00
M0205,2025-10-26T13:44:00
M0205,2025-11-06T07:02:00
M0205,2025-11-11T06:20:00
M0205,2025-11-12T15:59:00
M0205,2025-11-13T06:43:00
M0205,2025-11-13T13:35:00
M0205,2025-11-16T06:52:00
M0205,2025-11-22T06:09:00
M0205,2025-11-22T16:18:00
M0205,2025-11-24T13:10:00
M0205,2025-11-25T08:00:00
M0205,2025-11-25T09:45:00
M0205,2025-11-25T11:01:00
M0205,2025-11-25T18:59:00
M0205,2025-11-27T07:00:00
M0205,2025-12-02T08:39:00
M0205,2025-12-02T15:11:00
M0205,2025-12-07T11:57:00
M0205,2025-12-08T18:38:00
M0205,2025-12-20T16:14:00
M0205,2025-12-21T10:41:00
M0205,2025-12-21T16:44:00
M0205,2025-12-23T16:55:00
M0205,2025-12-24T15:27:00
M0205,2025-12-27T15:55:00
M0205,2025-12-30T13:47:00
M0205,2026-01-03T10:53:00
M0205,2026-01-07T08:22:00
M0205,2026-01-09T12:42:00
M0205,2026-01-13T16:39:00
M0205,2026-01-14T17:16:00
M0205,2026-01-15T10:05:00
M0205,2026-01-20T16:10:00
M0205,2026-01-25T10:07:00
M0205,2026-01-29T18:50:00
M0205,2026-01-29T20:57:00
M0205,2026-01-30T13:18:00
M0205,2026-01-31T18:46:00
M0205,2026-02-03T19:23:00
M0205,2026-02-06T09:29:00
M0205,2026-02-11T15:49:00
M0205,2026-02-13T19:28:00
M0205,2026-02-18T12:50:00
M0205,2026-02-22T14:07:00
M0205,2026-02-23T18:50:00
M0205,2026-02-24T15:28:00
M0205,2026-02-25T12:47:00
M0205,2026-03-03T16:57:00
M0205,2026-03-08T18:58:00
M0205,2026-03-12T19:33:00
M0205,2026-03-14T11:31:00
M0205,2026-03-18T07:51:00
M0205,2026-03-25T13:19:00
M0205,2026-03-30T16:02:00
M0205,2026-04-01T11:33:00
M0205,2026-04-02T10:17:00
M0205,2026-04-04T15:46:00
M0205,2026-04-05T14:32:00
M0205,2026-04-06T06:13:00
M0205,2026-04-06T15:02:00
M0205,2026-04-11T17:02:00
M0205,2026-04-13T12:10:00
M0205,2026-04-15T18:21:00
M0205,2026-04-18T10:21:00
M0205,2026-04-21T11:28:00
M0205,2026-04-23T15:39:00
M0205,2026-05-01T08:16:00
M0205,2026-05-02T08:28:00
M0205,2026-05-02T18:15:00
M0205,2026-05-04T14:27:00
M0205,2026-05-07T17:03:00
M0205,2026-05-07T20:07:00
M0205,2026-05-12T14:23:00
M0205,2026-05-12T15:06:00
M0205,2026-05-13T17:55:00
M0205,2026-05-14T14:16:00
M0205,2026-05-17T16:27:00
M0205,2026-05-18T15:35:00
M0205,2026-05-22T07:15:00
M0205,2026-05-23T19:36:00
M0205,2026-05-24T07:32:00
M0205,2026-05-25T09:52:00
M0205,2026-05-26T09:03:00
M0205,2026-05-26T17:20:00
M0205,2026-06-02T10:44:00
M0205,2026-06-02T17:12:00
M0205,2026-06-03T06:56:00
M0205,2026-06-03T14:00:00
M0205,2026-06-03T16:29:00
M0205,2026-06-05T08:42:00
M0205,2026-06-05T11:39:00
M0205,2026-06-07T16:59:00
M0205,2026-06-10T12:16:00
M0205,2026-06-12T06:21:00
M0205,2026-06-15T19:10:00
M0205,2026-06-17T11:18:00
M0205,2026-06-17T15:33:00
M0205,2026-06-21T20:50:00
M0205,2026-06-24T20:59:00
M0205,2026-06-25T19:48:00
M0205,2026-06-29T19:06:00
M0205,2026-06-30T15:09:00
M0205,2026-07-02T10:11:00
M0205,2026-07-05T10:24:00
M0205,2026-07-07T10:38:00
M0205,2026-07-07T14:17:00
M0205,2026-07-08T10:30:00
M0205,2026-07-13T09:59:00
M0205,2026-07-18T16:30:00
M0205,2026-07-19T07:30:00
M0205,2026-07-21T14:58:00
M0205,2026-07-23T10:27:00
M0205,2026-07-23T13:11:00
M0205,2026-07-23T18:17:00
M0205,2026-07-25T18:09:00
M0205,2026-07-26T11:34:00
M0205,2026-07-29T20:11:00
M0205,2026-07-31T12:28:00
M0205,2026-08-03T19:57:00
M0205,2026-08-05T19:27:00
M0205,2026-08-10T20:32:00
M0205,2026-08-16T15:34:00
M0205,2026-08-17T16:39:00
M0205,2026-08-22T10:17:00
M0205,2026-08-24T13:30:00
M0205,2026-08-29T14:16:00
M0205,2026-09-03T07:58:00
M0205,2026-09-03T09:17:00
M0205,2026-09-06T18:18:00
M0205,2026-09-07T20:08:00
M0205,2026-09-10T17:21:00
M0206,2025-08-07T06:07:00
M0206,2025-09-15T19:17:00
M0206,2025-09-27T14:18:00
M0206,2025-10-04T10:30:00
M0206,2025-10-30T09:27:00
M0206,2025-11-21T18:42:00
M0206,2026-02-03T12:07:00
M0206,2026-03-08T11:26:00
M0206,2026-04-09T18:25:00
M0206,2026-04-13T17:08:00
M0206,2026-04-17T20:15:00
M0206,2026-05-09T20:03:00
M0206,2026-06-06T13:01:00
M0206,2026-08-14T12:21:00
M0206,2026-09-03T10:33:00
M0206,2026-09-06T19:20:00
M0206,2026-09-07T07:24:00
M0207,2026-03-02T17:48:00
M0207,2026-03-03T20:58:00
M0207,2026-04-04T07:34:00
M0207,2026-06-13T16:41:00
M0207,2026-07-02T10:19:00
M0207,2026-08-21T12:12:00
M0207,2026-08-22T19:55:00
M0208,2025-07-10T18:51:00
M0208,2025-07-13T20:25:00
M0208,2025-07-16T07:20:00
M0208,2025-10-17T20:19:00
M0208,2025-11-25T15:55:00
M0208,2025-12-25T11:32:00
M0208,2025-12-31T12:14:00
M0208,2026-01-27T12:20:00
M0208,2026-02-13T19:18:00
M0208,2026-03-22T14:59:00
M0208,2026-03-29T08:40:00
M0208,2026-04-25T14:43:00
M0208,2026-05-11T07:10:00
M0208,2026-05-14T08:21:00
M0208,2026-06-05T14:45:00
M0208,2026-06-18T12:27:00
M0208,2026-08-20T06:58:00
M0209,2025-09-18T09:05:00
M0209,2025-09-18T11:09:00
M0209,2025-09-20T13:56:00
M0209,2025-09-22T14:35:00
M0209,2025-09-23T08:52:00
M0209,2025-09-23T09:53:00
M0209,2025-09-23T19:34:00
M0209,2025-09-25T18:46:00
M0209,2025-09-26T17:10:00
M0209,2025-10-01T19:10:00
M0209,2025-10-01T20:29:00
M0209,2025-10-02T09:55:00
M0209,2025-10-05T10:08:00
M0209,2025-10-05T12:33:00
M0209,2025-10-06T12:08:00
M0209,2025-10-08T13:59:00
M0209,2025-10-08T17:30:00
M0209,2025-10-12T14:44:00
M0209,2025-10-14T18:21:00
M0209,2025-10-17T08:00:00
M0209,2025-10-17T13:09:00
M0209,2025-10-19T06:46:00
M0209,2025-10-19T14:14:00
M0209,2025-10-20T13:47:00
M0209,2025-10-20T20:30:00
M0209,2025-10-23T17:00:00
M0209,2025-10-26T08:42:00
M0209,2025-10-27T09:52:00
M0209,2025-10-29T10:28:00
M0209,2025-10-31T10:40:00
M0209,2025-11-04T11:52:00
M0209,2025-11-04T17:23:00
M0209,2025-11-05T18:48:00
M0209,2025-11-09T08:12:00
M0209,2025-11-09T09:21:00
M0209,2025-11-11T08:54:00
M0209,2025-11-13T10:21:00
M0209,2025-11-14T11:33:00
M0209,2025-11-16T13:41:00
M0209,2025-11-18T18:02:00
M0209,2025-11-19T19:53:00
M0209,2025-11-22T17:37:00
M0209,2025-11-23T09:03:00
M0209,2025-11-28T14:22:00
M0209,2025-11-28T17:40:00
M0209,2025-11-28T18:29:00
M0209,2025-12-02T19:08:00
M0209,2025-12-10T20:51:00
M0209,2025-12-11T10:45:00
M0209,2025-12-11T18:46:00
M0209,2025-12-12T18:16:00
M0209,2025-12-14T20:58:00
M0209,2025-12-19T11:21:00
M0209,2025-12-20T10:58:00
M0209,2025-12-21T14:38:00
M0209,2025-12-23T09:37:00
M0209,2025-12-23T18:44:00
M0209,2025-12-27T07:06:00
M0209,2025-12-27T18:37:00
M0209,2025-12-28T13:35:00
M0209,2025-12-28T16:02:00
M0209,2025-12-28T16:50:00
M0209,2025-12-29T19:04:00
M0209,2025-12-31T13:57:00
M0209,2026-01-07T10:25:00
M0209,2026-01-07T16:29:00
M0209,2026-01-09T14:25:00
M0209,2026-01-14T18:55:00
M0209,2026-01-15T10:17:00
M0209,2026-01-17T12:38:00
M0209,2026-01-23T09:11:00
M0209,2026-01-24T17:42:00
M0209,2026-01-25T13:47:00
M0209,2026-01-26T16:59:00
M0209,2026-01-27T08:39:00
M0209,2026-01-30T10:34:00
M0209,2026-02-02T11:22:00
M0209,2026-02-02T13:58:00
M0209,2026-02-03T13:01:00
M0209,2026-02-04T07:44:00
M0209,2026-02-05T16:54:00
M0209,2026-02-06T16:39:00
M0209,2026-02-07T11:37:00
M0209,2026-02-08T20:10:00
M0209,2026-02-11T10:10:00
M0209,2026-02-11T15:43:00
M0209,2026-02-14T09:03:00
M0209,2026-02-15T10:02:00
M0209,2026-02-15T12:01:00
M0209,2026-02-17T14:38:00
M0209,2026-02-19T08:45:00
M0209,2026-02-19T09:55:00
M0209,2026-02-20T15:32:00
M0209,2026-02-26T17:07:00
M0209,2026-02-27T17:32:00
M0209,2026-03-01T07:55:00
M0209,2026-03-04T12:09:00
M0209,2026-03-07T12:35:00
M0209,2026-03-09T09:15:00
M0209,2026-03-12T07:23:00
M0209,2026-03-12T14:43:00
M0209,2026-03-16T06:20:00
M0209,2026-03-16T18:04:00
M0209,2026-03-20T16:41:00
M0209,2026-03-22T10:53:00
M0209,2026-03-22T13:01:00
M0209,2026-03-22T13:10:00
M0209,2026-03-25T09:13:00
M0209,2026-03-25T09:20:00
M0209,2026-03-26T11:59:00
M0209,2026-03-29T11:38:00
M0209,2026-03-29T16:39:00
M0209,2026-03-30T18:29:00
M0209,2026-04-04T11:31:00
M0209,2026-04-04T13:44:00
M0209,2026-04-06T16:57:00
M0209,2026-04-11T06:57:00
M0209,2026-04-11T15:21:00
M0209,2026-04-13T15:23:00
M0209,2026-04-18T11:57:00
M0209,2026-04-21T09:44:00
M0209,2026-04-21T12:08:00
M0209,2026-04-23T13:07:00
M0209,2026-04-25T14:23:00
M0209,2026-04-27T17:40:00
M0209,2026-04-29T10:57:00
M0209,2026-05-07T14:14:00
M0209,2026-05-11T11:10:00
M0209,2026-05-12T11:08:00
M0209,2026-05-14T13:57:00
M0209,2026-05-16T08:51:00
M0209,2026-05-19T19:42:00
M0209,2026-05-21T19:04:00
M0209,2026-05-24T16:20:00
M0209,2026-05-25T16:45:00
M0209,2026-05-26T14:10:00
M0209,2026-05-26T18:33:00
M0209,2026-05-27T18:04:00
M0209,2026-05-28T18:13:00
M0209,2026-05-28T18:51:00
M0209,2026-05-29T07:19:00
M0209,2026-05-30T11:09:00
M0209,2026-05-31T10:45:00
M0209,2026-06-03T20:23:00
M0209,2026-06-07T09:01:00
M0209,2026-06-08T20:16:00
M0209,2026-06-09T08:30:00
M0209,2026-06-09T12:48:00
M0209,2026-06-11T09:52:00
M0209,2026-06-15T08:19:00
M0209,2026-06-15T17:49:00
M0209,2026-06-16T11:43:00
M0209,2026-06-17T09:11:00
M0209,2026-06-18T17:44:00
M0209,2026-06-19T15:12:00
M0209,2026-06-20T20:18:00
M0209,2026-06-23T20:05:00
M0209,2026-06-24T08:47:00
M0209,2026-06-24T12:14:00
M0209,2026-07-03T18:45:00
M0209,2026-07-04T16:53:00
M0209,2026-07-06T10:05:00
M0209,2026-07-08T18:01:00
M0209,2026-07-09T11:45:00
M0209,2026-07-09T19:35:00
M0209,2026-07-15T16:10:00
M0209,2026-07-18T13:36:00
M0209,2026-07-18T15:36:00
M0209,2026-07-23T07:35:00
M0209,2026-07-23T17:01:00
M0209,2026-07-24T20:09:00
M0209,2026-07-25T07:08:00
M0209,2026-07-25T10:26:00
M0209,2026-07-25T20:52:00
M0209,2026-07-26T15:58:00
M0209,2026-07-29T20:41:00
M0209,2026-07-30T09:51:00
M0209,2026-08-03T07:50:00
M0209,2026-08-08T17:46:00
M0209,2026-08-14T10:51:00
M0209,2026-08-23T07:12:00
M0209,2026-08-24T17:23:00
M0209,2026-08-28T15:49:00
M0209,2026-09-01T15:27:00
M0209,2026-09-06T07:11:00
M0209,2026-09-06T09:18:00
M0209,2026-09-06T12:34:00
M0209,2026-09-08T08:57:00
M0209,2026-09-10T18:10:00
M0210,2026-06-07T10:51:00
M0210,2026-06-08T12:43:00
M0210,2026-06-27T08:12:00
M0210,2026-07-09T19:36:00
M0210,2026-07-16T16:36:00
M0210,2026-08-12T15:02:00
M0210,2026-08-17T08:04:00
M0210,2026-08-18T09:12:00
M0210,2026-08-29T12:35:00
M0211,2026-02-15T06:54:00
M0211,2026-02-15T10:59:00
M0211,2026-02-15T20:30:00
M0211,2026-02-20T09:44:00
M0211,2026-02-20T20:44:00
M0211,2026-02-22T15:07:00
M0211,2026-02-24T19:55:00
M0211,2026-02-25T10:02:00
M0211,2026-02-26T18:48:00
M0211,2026-02-26T20:36:00
M0211,2026-03-01T07:15:00
M0211,2026-03-01T10:57:00
M0211,2026-03-02T06:48:00
M0211,2026-03-02T10:51:00
M0211,2026-03-03T15:23:00
M0211,2026-03-04T06:31:00
M0211,2026-03-05T13:49:00
M0211,2026-03-06T09:50:00
M0211,2026-03-11T11:03:00
M0211,2026-03-11T11:48:00
M0211,2026-03-13T08:22:00
M0211,2026-03-14T17:31:00
M0211,2026-03-15T12:01:00
M0211,2026-03-15T19:24:00
M0211,2026-03-18T08:14:00
M0211,2026-03-18T16:32:00
M0211,2026-03-20T19:41:00
M0211,2026-03-21T09:42:00
M0211,2026-03-21T17:13:00
M0211,2026-03-24T18:56:00
M0211,2026-03-27T07:05:00
M0211,2026-03-27T18:03:00
M0211,2026-03-27T19:42:00
M0211,2026-04-02T12:55:00
M0211,2026-04-03T18:28:00
M0211,2026-04-04T06:12:00
M0211,2026-04-04T19:36:00
M0211,2026-04-07T15:38:00
M0211,2026-04-08T06:00:00
M0211,2026-04-08T12:55:00
M0211,2026-04-11T09:03:00
M0211,2026-04-14T12:58:00
M0211,2026-04-15T12:43:00
M0211,2026-04-16T19:53:00
M0211,2026-04-19T15:31:00
M0211,2026-04-20T09:44:00
M0211,2026-04-22T06:01:00
M0211,2026-04-22T07:47:00
M0211,2026-04-23T09:55:00
M0211,2026-04-24T08:49:00
M0211,2026-04-24T11:33:00
M0211,2026-04-25T06:50:00
M0211,2026-04-27T08:13:00
M0211,2026-04-28T16:03:00
M0211,2026-04-30T12:12:00
M0211,2026-05-02T20:04:00
M0211,2026-05-03T18:48:00
M0211,2026-05-05T09:54:00
M0211,2026-05-06T11:56:00
M0211,2026-05-12T10:56:00
M0211,2026-05-14T14:12:00
M0211,2026-05-14T18:31:00
M0211,2026-05-15T14:44:00
M0211,2026-05-17T19:36:00
M0211,2026-05-18T09:29:00
M0211,2026-05-19T15:46:00
M0211,2026-05-21T20:41:00
M0211,2026-05-26T20:34:00
M0211,2026-05-27T08:09:00
M0211,2026-05-28T19:56:00
M0211,2026-05-31T09:39:00
M0211,2026-06-02T11:55:00
M0211,2026-06-02T17:17:00
M0211,2026-06-04T12:50:00
M0211,2026-06-05T11:35:00
M0211,2026-06-06T07:57:00
M0211,2026-06-06T17:09:00
M0211,2026-06-07T09:58:00
M0211,2026-06-08T12:31:00
M0211,2026-06-08T18:48:00
M0211,2026-06-09T14:55:00
M0211,2026-06-11T14:58:00
M0211,2026-06-15T08:15:00
M0211,2026-06-15T14:45:00
M0211,2026-06-17T09:25:00
M0211,2026-06-18T19:40:00
M0211,2026-06-23T17:15:00
M0211,2026-06-24T10:28:00
M0211,2026-06-25T06:02:00
M0211,2026-06-30T14:19:00
M0211,2026-07-01T12:57:00
M0211,2026-07-01T17:30:00
M0211,2026-07-03T10:06:00
M0211,2026-07-04T10:33:00
M0211,2026-07-05T12:14:00
M0211,2026-07-05T13:21:00
M0211,2026-07-08T09:31:00
M0211,2026-07-11T07:08:00
M0211,2026-07-12T07:47:00
M0211,2026-07-14T06:32:00
M0211,2026-07-14T11:32:00
M0211,2026-07-14T20:10:00
M0211,2026-07-15T06:07:00
M0211,2026-07-16T13:30:00
M0211,2026-07-22T08:34:00
M0211,2026-07-25T07:23:00
M0211,2026-07-25T10:16:00
M0211,2026-07-26T12:34:00
M0211,2026-07-26T17:19:00
M0211,2026-07-28T12:58:00
M0211,2026-07-29T07:06:00
M0211,2026-07-29T20:04:00
M0211,2026-07-31T09:44:00
M0211,2026-08-02T19:12:00
M0211,2026-08-05T07:05:00
M0211,2026-08-09T18:21:00
M0211,2026-08-11T11:45:00
M0211,2026-08-12T17:47:00
M0211,2026-08-13T15:10:00
M0211,2026-08-14T10:24:00
M0211,2026-08-17T17:25:00
M0211,2026-08-18T20:16:00
M0211,2026-08-20T09:24:00
M0211,2026-08-27T18:16:00
M0211,2026-08-30T09:18:00
M0211,2026-08-30T10:51:00
M0211,2026-08-31T13:28:00
M0211,2026-09-05T18:54:00
M0211,2026-09-08T11:54:00
M0211,2026-09-10T11:43:00
M0211,2026-09-11T16:20:00
M0212,2025-04-06T09:33:00
M0212,2025-04-06T13:49:00
M0212,2025-04-08T18:37:00
M0212,2025-04-08T20:17:00
M0212,2025-04-12T16:54:00
M0212,2025-04-17T08:44:00
M0212,2025-04-20T12:51:00
M0212,2025-04-24T18:28:00
M0212,2025-04-24T19:51:00
M0212,2025-04-30T09:34:00
M0212,2025-05-05T16:50:00
M0212,2025-05-16T06:37:00
M0212,2025-05-19T19:43:00
M0212,2025-05-22T13:01:00
M0212,2025-06-06T15:12:00
M0212,2025-06-14T12:43:00
M0212,2025-06-16T06:34:00
M0212,2025-06-16T06:49:00
M0212,2025-06-19T15:36:00
M0212,2025-06-28T07:12:00
M0212,2025-07-08T18:44:00
M0212,2025-07-11T10:54:00
M0212,2025-07-18T18:01:00
M0212,2025-08-10T10:52:00
M0212,2025-08-13T16:16:00
M0212,2025-08-20T10:12:00
M0212,2025-08-22T17:30:00
M0212,2025-08-23T17:26:00
M0212,2025-08-29T13:02:00
M0212,2025-08-31T18:31:00
M0212,2025-09-03T11:45:00
M0212,2025-09-11T15:21:00
M0212,2025-09-18T07:19:00
M0212,2025-09-19T08:38:00
M0212,2025-09-22T10:18:00
M0212,2025-10-01T17:24:00
M0212,2025-10-04T17:48:00
M0212,2025-10-06T08:53:00
M0212,2025-10-07T15:21:00
M0212,2025-10-09T13:53:00
M0212,2025-10-14T11:10:00
M0212,2025-10-16T17:22:00
M0212,2025-10-17T12:08:00
M0212,2025-10-22T06:00:00
M0212,2025-10-25T12:59:00
M0212,2025-11-06T19:04:00
M0212,2025-11-06T20:56:00
M0212,2025-11-10T10:29:00
M0212,2025-11-12T16:50:00
M0212,2025-11-13T13:13:00
M0212,2025-11-16T11:43:00
M0212,2025-11-17T15:11:00
M0212,2025-11-17T17:48:00
M0212,2025-11-22T19:26:00
M0212,2025-11-27T09:35:00
M0212,2025-12-07T19:10:00
M0212,2025-12-16T10:58:00
M0212,2025-12-18T14:38:00
M0212,2025-12-27T06:05:00
M0212,2025-12-30T06:29:00
M0212,2025-12-30T17:05:00
M0212,2026-01-01T16:54:00
M0212,2026-01-07T07:08:00
M0212,2026-01-12T13:25:00
M0212,2026-01-12T16:41:00
M0212,2026-01-15T17:39:00
M0212,2026-01-17T17:47:00
M0212,2026-01-25T06:54:00
M0212,2026-01-26T19:49:00
M0212,2026-01-28T10:35:00
M0212,2026-02-02T07:44:00
M0212,2026-02-12T17:57:00
M0212,2026-02-13T10:11:00
M0212,2026-02-19T11:49:00
M0212,2026-02-19T19:56:00
M0212,2026-02-20T09:20:00
M0212,2026-02-22T18:56:00
M0212,2026-02-27T20:34:00
M0212,2026-03-01T16:13:00
M0212,2026-03-03T08:43:00
M0212,2026-03-11T18:30:00
M0212,2026-03-12T11:55:00
M0212,2026-03-17T16:31:00
M0212,2026-03-22T12:56:00
M0212,2026-03-25T14:07:00
M0212,2026-03-26T09:03:00
M0212,2026-03-30T12:17:00
M0212,2026-03-31T07:52:00
M0212,2026-04-02T13:45:00
M0212,2026-04-11T11:33:00
M0212,2026-04-22T08:56:00
M0212,2026-04-30T17:04:00
M0212,2026-05-05T06:43:00
M0212,2026-05-08T14:55:00
M0212,2026-05-11T07:59:00
M0212,2026-05-13T18:38:00
M0212,2026-05-21T20:00:00
M0212,2026-05-23T07:19:00
M0212,2026-05-23T07:26:00
M0212,2026-05-26T17:36:00
M0212,2026-06-02T10:16:00
M0212,2026-06-02T17:41:00
M0212,2026-06-06T07:37:00
M0212,2026-06-13T18:36:00
M0212,2026-06-19T14:15:00
M0212,2026-06-22T08:46:00
M0212,2026-06-23T09:46:00
M0212,2026-06-23T11:51:00
M0212,2026-06-26T10:55:00
M0212,2026-07-03T18:42:00
M0212,2026-07-08T20:34:00
M0212,2026-07-10T16:48:00
M0212,2026-07-12T13:46:00
M0212,2026-07-13T17:11:00
M0212,2026-07-16T13:18:00
M0212,2026-07-22T16:53:00
M0212,2026-07-23T13:29:00
M0212,2026-07-25T06:30:00
M0212,2026-07-29T14:56:00
M0212,2026-08-01T16:09:00
M0212,2026-08-03T09:11:00
M0212,2026-08-10T20:06:00
M0212,2026-08-16T07:48:00
M0212,2026-08-19T19:01:00
M0212,2026-08-20T17:49:00
M0212,2026-08-22T08:34:00
M0212,2026-08-23T12:30:00
M0212,2026-08-25T12:46:00
M0212,2026-08-26T08:48:00
M0212,2026-08-26T12:42:00
M0212,2026-08-26T15:03:00
M0212,2026-08-31T12:48:00
M0212,2026-09-01T07:26:00
M0212,2026-09-01T11:58:00
M0212,2026-09-02T09:53:00
M0212,2026-09-02T16:23:00
M0212,2026-09-03T19:13:00
M0213,2025-04-22T18:47:00
M0213,2025-05-18T19:01:00
M0213,2025-05-24T06:51:00
M0213,2025-05-29T13:33:00
M0213,2025-06-17T06:33:00
M0213,2025-08-25T14:48:00
M0213,2025-09-01T12:58:00
M0213,2025-10-13T17:48:00
M0213,2025-10-18T18:51:00
M0213,2025-10-19T09:10:00
M0213,2025-11-19T13:51:00
M0213,2025-11-25T18:48:00
M0213,2026-01-12T06:36:00
M0213,2026-01-25T09:17:00
M0213,2026-02-05T16:44:00
M0213,2026-02-08T10:38:00
M0213,2026-02-23T12:31:00
M0213,2026-03-16T10:34:00
M0213,2026-03-21T19:26:00
M0213,2026-04-06T08:39:00
M0213,2026-04-25T11:03:00
M0213,2026-06-30T13:51:00
M0213,2026-07-10T16:55:00
M0213,2026-07-31T18:21:00
M0213,2026-08-08T11:28:00
M0213,2026-08-27T12:30:00
M0214,2025-10-13T13:36:00
M0214,2025-11-09T06:54:00
M0214,2025-11-20T06:12:00
M0214,2025-11-30T11:48:00
M0214,2026-01-24T18:09:00
M0214,2026-05-15T08:27:00
M0214,2026-06-20T12:39:00
M0214,2026-08-01T06:13:00
M0215,2025-12-09T09:21:00
M0215,2025-12-09T18:49:00
M0215,2025-12-12T06:46:00
M0215,2025-12-12T10:49:00
M0215,2025-12-13T06:46:00
M0215,2025-12-13T12:32:00
M0215,2025-12-14T10:29:00
M0215,2025-12-14T13:48:00
M0215,2025-12-15T07:08:00
M0215,2025-12-15T08:41:00
M0215,2025-12-15T17:35:00
M0215,2025-12-16T17:30:00
M0215,2025-12-18T15:37:00
M0215,2025-12-19T11:53:00
M0215,2025-12-26T20:13:00
M0215,2025-12-30T17:59:00
M0215,2026-01-04T09:08:00
M0215,2026-01-04T10:08:00
M0215,2026-01-04T14:22:00
M0215,2026-01-06T12:14:00
M0215,2026-01-09T12:38:00
M0215,2026-01-11T13:08:00
M0215,2026-01-15T08:11:00
M0215,2026-01-15T12:10:00
M0215,2026-01-16T09:31:00
M0215,2026-01-16T18:33:00
M0215,2026-01-16T19:54:00
M0215,2026-01-18T07:02:00
M0215,2026-01-18T18:14:00
M0215,2026-01-19T18:37:00
M0215,2026-01-22T13:52:00
M0215,2026-01-23T17:44:00
M0215,2026-01-24T14:44:00
M0215,2026-01-29T20:03:00
M0215,2026-01-31T09:47:00
M0215,2026-02-01T09:14:00
M0215,2026-02-03T06:17:00
M0215,2026-02-04T10:09:00
M0215,2026-02-05T09:16:00
M0215,2026-02-07T16:40:00
M0215,2026-02-11T09:34:00
M0215,2026-02-11T20:51:00
M0215,2026-02-13T09:43:00
M0215,2026-02-15T11:41:00
M0215,2026-02-16T11:25:00
M0215,2026-02-17T20:35:00
M0215,2026-02-19T18:05:00
M0215,2026-02-19T20:00:00
M0215,2026-02-23T13:14:00
M0215,2026-02-24T07:37:00
M0215,2026-03-04T18:45:00
M0215,2026-03-05T16:23:00
M0215,2026-03-13T20:43:00
M0215,2026-03-16T11:54:00
M0215,2026-03-16T17:53:00
M0215,2026-03-17T14:01:00
M0215,2026-03-17T15:42:00
M0215,2026-03-19T07:30:00
M0215,2026-03-19T11:19:00
M0215,2026-03-19T16:24:00
M0215,2026-03-23T13:42:00
M0215,2026-03-26T08:06:00
M0215,2026-03-26T14:50:00
M0215,2026-03-29T13:39:00
M0215,2026-04-05T16:38:00
M0215,2026-04-05T17:09:00
M0215,2026-04-06T06:20:00
M0215,2026-04-07T14:33:00
M0215,2026-04-09T08:27:00
M0215,2026-04-09T19:28:00
M0215,2026-04-13T15:13:00
M0215,2026-04-13T17:08:00
M0215,2026-04-15T14:13:00
M0215,2026-04-16T18:36:00
M0215,2026-04-18T09:38:00
M0215,2026-04-19T07:44:00
M0215,2026-04-21T15:58:00
M0215,2026-04-22T13:58:00
M0215,2026-04-23T16:33:00
M0215,2026-04-24T09:43:00
M0215,2026-05-03T07:38:00
M0215,2026-05-04T06:15:00
M0215,2026-05-04T18:05:00
M0215,2026-05-05T11:51:00
M0215,2026-05-06T11:48:00
M0215,2026-05-06T19:43:00
M0215,2026-05-09T08:21:00
M0215,2026-05-09T12:27:00
M0215,2026-05-12T20:58:00
M0215,2026-05-14T16:46:00
M0215,2026-05-19T16:42:00
M0215,2026-05-21T16:33:00
M0215,2026-05-25T13:26:00
M0215,2026-05-28T13:14:00
M0215,2026-05-29T06:25:00
M0215,2026-06-01T19:36:00
M0215,2026-06-02T07:55:00
M0215,2026-06-02T09:09:00
M0215,2026-06-03T15:22:00
M0215,2026-06-03T16:34:00
M0215,2026-06-10T11:11:00
M0215,2026-06-11T06:14:00
M0215,2026-06-11T15:05:00
M0215,2026-06-14T07:20:00
M0215,2026-06-15T08:54:00
M0215,2026-06-15T15:48:00
M0215,2026-06-16T12:10:00
M0215,2026-06-21T15:43:00
M0215,2026-06-23T09:58:00
M0215,2026-06-25T13:18:00
M0215,2026-06-29T06:12:00
M0215,2026-06-29T12:23:00
M0215,2026-06-29T18:47:00
M0215,2026-06-29T20:38:00
M0215,2026-06-30T09:38:00
M0215,2026-06-30T18:42:00
M0215,2026-07-01T10:39:00
M0215,2026-07-01T15:22:00
M0215,2026-07-02T11:12:00
M0215,2026-07-04T06:09:00
M0215,2026-07-04T13:03:00
M0215,2026-07-08T13:13:00
M0215,2026-07-11T16:09:00
M0215,2026-07-16T19:05:00
M0215,2026-07-19T12:42:00
M0215,2026-07-21T09:43:00
M0215,2026-07-23T08:22:00
M0215,2026-07-23T12:42:00
M0215,2026-07-23T18:29:00
M0215,2026-07-26T08:46:00
M0215,2026-07-30T17:52:00
M0215,2026-07-31T13:13:00
M0215,2026-08-01T12:42:00
M0215,2026-08-02T10:58:00
M0215,2026-08-05T09:38:00
M0215,2026-08-05T13:17:00
M0215,2026-08-08T15:00:00
M0215,2026-08-08T15:07:00
M0215,2026-08-10T14:33:00
M0215,2026-08-11T06:51:00
M0215,2026-08-11T12:46:00
M0215,2026-08-13T06:47:00
M0215,2026-08-24T10:59:00
M0215,2026-08-25T09:54:00
M0215,2026-08-27T08:26:00
M0215,2026-08-28T13:49:00
M0215,2026-08-28T14:56:00
M0215,2026-09-02T16:44:00
M0215,2026-09-05T13:27:00
M0215,2026-09-05T15:12:00
M0215,2026-09-06T16:30:00
M0215,2026-09-07T16:17:00
M0215,2026-09-08T07:58:00
M0215,2026-09-09T11:39:00
M0215,2026-09-11T06:50:00
M0215,2026-09-11T15:42:00
M0216,2025-07-29T09:45:00
M0216,2025-07-31T14:28:00
M0216,2025-08-01T12:27:00
M0216,2025-08-01T20:31:00
M0216,2025-08-03T19:19:00
M0216,2025-08-05T09:44:00
M0216,2025-08-06T17:49:00
M0216,2025-08-12T14:56:00
M0216,2025-08-15T08:32:00
M0216,2025-08-19T20:45:00
M0216,2025-08-22T12:27:00
M0216,2025-08-22T20:05:00
M0216,2025-08-24T06:42:00
M0216,2025-08-31T09:28:00
M0216,2025-08-31T18:57:00
M0216,2025-09-05T17:28:00
M0216,2025-09-06T07:37:00
M0216,2025-09-20T10:15:00
M0216,2025-09-21T14:15:00
M0216,2025-09-21T20:48:00
M0216,2025-09-30T10:22:00
M0216,2025-10-01T12:10:00
M0216,2025-10-01T15:52:00
M0216,2025-10-04T14:20:00
M0216,2025-10-05T09:32:00
M0216,2025-10-09T09:02:00
M0216,2025-10-12T19:36:00
M0216,2025-10-13T11:03:00
M0216,2025-10-18T18:38:00
M0216,2025-10-20T12:17:00
M0216,2025-10-20T15:53:00
M0216,2025-10-23T10:49:00
M0216,2025-10-27T08:16:00
M0216,2025-10-28T09:22:00
M0216,2025-10-31T14:25:00
M0216,2025-11-02T11:11:00
M0216,2025-11-05T08:52:00
M0216,2025-11-12T06:33:00
M0216,2025-11-12T16:22:00
M0216,2025-11-13T14:28:00
M0216,2025-11-15T06:52:00
M0216,2025-11-23T06:13:00
M0216,2025-11-28T19:19:00
M0216,2025-12-03T09:30:00
M0216,2025-12-05T15:51:00
M0216,2025-12-06T12:00:00
M0216,2025-12-06T15:18:00
M0216,2025-12-12T13:27:00
M0216,2025-12-13T10:28:00
M0216,2025-12-15T20:37:00
M0216,2025-12-17T12:05:00
M0216,2025-12-17T16:47:00
M0216,2025-12-25T08:07:00
M0216,2025-12-30T09:46:00
M0216,2025-12-30T11:02:00
M0216,2026-01-04T19:43:00
M0216,2026-01-09T14:50:00
M0216,2026-01-10T17:20:00
M0216,2026-01-10T17:32:00
M0216,2026-01-19T20:44:00
M0216,2026-01-21T11:33:00
M0216,2026-01-21T16:36:00
M0216,2026-01-26T06:02:00
M0216,2026-01-27T19:19:00
M0216,2026-01-29T11:08:00
M0216,2026-01-31T06:06:00
M0216,2026-02-01T09:13:00
M0216,2026-02-02T17:42:00
M0216,2026-02-03T09:32:00
M0216,2026-02-03T14:26:00
M0216,2026-02-04T08:37:00
M0216,2026-02-04T18:55:00
M0216,2026-02-06T11:47:00
M0216,2026-02-20T18:54:00
M0216,2026-02-21T09:50:00
M0216,2026-02-22T06:06:00
M0216,2026-03-04T07:11:00
M0216,2026-03-06T19:29:00
M0216,2026-03-10T10:51:00
M0216,2026-03-11T14:05:00
M0216,2026-03-13T14:03:00
M0216,2026-03-18T09:58:00
M0216,2026-03-21T17:58:00
M0216,2026-03-22T10:38:00
M0216,2026-03-22T18:37:00
M0216,2026-03-23T18:05:00
M0216,2026-03-28T16:50:00
M0216,2026-04-06T11:02:00
M0216,2026-04-10T11:07:00
M0216,2026-04-12T07:42:00
M0216,2026-04-14T17:51:00
M0216,2026-04-19T09:53:00
M0216,2026-04-19T12:34:00
M0216,2026-04-25T07:32:00
M0216,2026-04-25T18:42:00
M0216,2026-05-02T07:30:00
M0216,2026-05-06T14:00:00
M0216,2026-05-11T10:39:00
M0216,2026-05-14T15:54:00
M0216,2026-05-14T17:10:00
M0216,2026-05-24T20:45:00
M0216,2026-05-26T19:54:00
M0216,2026-05-26T19:59:00
M0216,2026-05-29T06:31:00
M0216,2026-06-01T07:38:00
M0216,2026-06-06T07:09:00
M0216,2026-06-14T09:13:00
M0216,2026-06-21T11:10:00
M0216,2026-06-23T08:04:00
M0216,2026-06-23T09:17:00
M0216,2026-06-25T06:36:00
M0216,2026-06-30T19:49:00
M0216,2026-07-14T10:02:00
M0216,2026-07-16T13:55:00
M0216,2026-07-18T13:23:00
M0216,2026-07-20T06:52:00
M0216,2026-07-20T07:59:00
M0216,2026-07-26T14:22:00
M0216,2026-08-01T08:45:00
M0216,2026-08-08T10:34:00
M0216,2026-08-12T07:44:00
M0216,2026-08-12T12:25:00
M0216,2026-08-13T20:26:00
M0216,2026-08-24T06:41:00
M0216,2026-08-25T17:08:00
M0216,2026-08-27T20:03:00
M0216,2026-09-04T07:27:00
M0216,2026-09-05T15:53:00
M0216,2026-09-11T13:43:00
M0217,2025-04-21T16:45:00
M0217,2025-04-27T18:14:00
M0217,2025-04-28T16:39:00
M0217,2025-04-30T09:03:00
M0217,2025-04-30T11:22:00
M0217,2025-05-05T15:59:00
M0217,2025-05-10T19:47:00
M0217,2025-05-17T18:31:00
M0217,2025-05-24T17:58:00
M0217,2025-05-27T18:18:00
M0217,2025-05-28T06:27:00
M0217,2025-06-02T08:14:00
M0217,2025-06-02T16:21:00
M0217,2025-06-07T12:35:00
M0217,2025-06-08T17:32:00
M0217,2025-06-15T15:54:00
M0217,2025-06-16T07:54:00
M0217,2025-06-17T20:37:00
M0217,2025-06-22T12:40:00
M0217,2025-06-24T15:48:00
M0217,2025-06-27T19:35:00
M0217,2025-07-01T10:22:00
M0217,2025-07-22T07:09:00
M0217,2025-07-22T11:10:00
M0217,2025-07-28T06:53:00
M0217,2025-07-30T18:27:00
M0217,2025-08-05T14:07:00
M0217,2025-08-22T18:17:00
M0217,2025-08-30T18:00:00
M0217,2025-09-01T07:44:00
M0217,2025-09-04T10:47:00
M0217,2025-09-08T06:56:00
M0217,2025-09-08T18:26:00
M0217,2025-09-13T17:04:00
M0217,2025-09-16T10:02:00
M0217,2025-09-21T15:31:00
M0217,2025-09-22T09:17:00
M0217,2025-09-22T18:35:00
M0217,2025-09-26T15:20:00
M0217,2025-10-02T06:52:00
M0217,2025-10-02T10:36:00
M0217,2025-10-03T06:37:00
M0217,2025-10-12T18:54:00
M0217,2025-10-18T06:26:00
M0217,2025-10-19T11:53:00
M0217,2025-10-27T08:44:00
M0217,2025-10-31T10:21:00
M0217,2025-10-31T12:38:00
M0217,2025-11-01T09:43:00
M0217,2025-11-08T16:34:00
M0217,2025-11-13T08:38:00
M0217,2025-11-16T06:31:00
M0217,2025-11-17T11:36:00
M0217,2025-12-03T16:39:00
M0217,2025-12-04T07:19:00
M0217,2025-12-07T06:18:00
M0217,2025-12-13T11:29:00
M0217,2025-12-15T16:28:00
M0217,2025-12-19T08:20:00
M0217,2025-12-22T09:43:00
M0217,2025-12-23T20:38:00
M0217,2025-12-25T13:25:00
M0217,2025-12-29T11:12:00
M0217,2025-12-29T12:38:00
M0217,2025-12-29T16:34:00
M0217,2026-01-06T07:25:00
M0217,2026-01-07T14:40:00
M0217,2026-01-09T07:30:00
M0217,2026-01-12T10:31:00
M0217,2026-01-15T16:45:00
M0217,2026-01-20T08:50:00
M0217,2026-01-22T15:58:00
M0217,2026-01-23T07:07:00
M0217,2026-01-23T20:33:00
M0217,2026-01-24T18:28:00
M0217,2026-01-25T12:08:00
M0217,2026-01-28T18:46:00
M0217,2026-02-02T12:24:00
M0217,2026-02-03T18:12:00
M0217,2026-02-07T12:27:00
M0217,2026-02-12T15:33:00
M0217,2026-02-25T10:51:00
M0217,2026-02-27T20:35:00
M0217,2026-02-28T20:40:00
M0217,2026-03-02T16:26:00
M0217,2026-03-03T12:23:00
M0217,2026-03-06T16:02:00
M0217,2026-03-10T08:04:00
M0217,2026-03-13T08:53:00
M0217,2026-03-13T17:31:00
M0217,2026-03-16T16:18:00
M0217,2026-03-17T17:09:00
M0217,2026-03-19T08:17:00
M0217,2026-03-19T19:59:00
M0217,2026-03-20T08:13:00
M0217,2026-04-01T09:21:00
M0217,2026-04-08T11:52:00
M0217,2026-04-14T06:33:00
M0217,2026-04-16T17:53:00
M0217,2026-04-19T12:53:00
M0217,2026-04-23T15:24:00
M0217,2026-04-25T19:39:00
M0217,2026-04-28T11:49:00
M0217,2026-04-28T11:54:00
M0217,2026-04-28T13:11:00
M0217,2026-04-29T06:40:00
M0217,2026-05-07T20:46:00
M0217,2026-05-13T11:12:00
M0217,2026-05-21T11:58:00
M0217,2026-05-22T06:21:00
M0217,2026-05-24T07:32:00
M0217,2026-05-25T07:12:00
M0217,2026-05-27T09:09:00
M0217,2026-05-27T10:42:00
M0217,2026-05-27T17:45:00
M0217,2026-05-30T19:39:00
M0217,2026-05-31T07:00:00
M0217,2026-06-03T20:56:00
M0217,2026-06-06T07:56:00
M0217,2026-06-11T20:47:00
M0217,2026-06-13T10:58:00
M0217,2026-06-17T17:06:00
M0217,2026-06-22T19:17:00
M0217,2026-06-28T16:51:00
M0217,2026-06-30T10:55:00
M0217,2026-06-30T18:57:00
M0217,2026-07-03T14:14:00
M0217,2026-07-04T20:50:00
M0217,2026-07-09T17:58:00
M0217,2026-07-13T19:12:00
M0217,2026-07-17T20:53:00
M0217,2026-07-19T19:40:00
M0217,2026-07-24T15:48:00
M0217,2026-07-25T08:44:00
M0217,2026-07-27T10:02:00
M0217,2026-08-10T08:06:00
M0217,2026-08-11T09:31:00
M0217,2026-08-11T12:59:00
M0217,2026-08-15T08:14:00
M0217,2026-08-22T15:55:00
M0217,2026-09-06T20:47:00
M0217,2026-09-08T16:00:00
M0217,2026-09-08T18:43:00
M0218,2025-09-24T18:55:00
M0218,2025-09-24T19:08:00
M0218,2025-09-26T13:28:00
M0218,2025-09-27T11:23:00
M0218,2025-09-30T11:19:00
M0218,2025-09-30T17:48:00
M0218,2025-10-01T17:11:00
M0218,2025-10-02T09:49:00
M0218,2025-10-02T19:40:00
M0218,2025-10-03T14:09:00
M0218,2025-10-04T10:32:00
M0218,2025-10-06T20:29:00
M0218,2025-10-07T11:07:00
M0218,2025-10-07T16:20:00
M0218,2025-10-13T11:02:00
M0218,2025-10-17T16:35:00
M0218,2025-10-19T08:35:00
M0218,2025-10-21T10:21:00
M0218,2025-10-22T09:35:00
M0218,2025-10-25T14:11:00
M0218,2025-10-27T10:28:00
M0218,2025-10-30T13:27:00
M0218,2025-10-30T20:24:00
M0218,2025-10-31T13:10:00
M0218,2025-11-01T06:34:00
M0218,2025-11-04T14:34:00
M0218,2025-11-06T10:20:00
M0218,2025-11-14T13:05:00
M0218,2025-11-15T16:08:00
M0218,2025-11-15T17:52:00
M0218,2025-11-17T16:30:00
M0218,2025-11-18T17:58:00
M0218,2025-11-19T09:04:00
M0218,2025-11-22T19:52:00
M0218,2025-11-26T18:48:00
M0218,2025-11-27T14:23:00
M0218,2025-11-28T09:06:00
M0218,2025-12-02T07:42:00
M0218,2025-12-06T06:30:00
M0218,2025-12-06T08:25:00
M0218,2025-12-08T10:50:00
M0218,2025-12-10T09:00:00
M0218,2025-12-14T10:45:00
M0218,2025-12-29T18:24:00
M0218,2026-01-03T19:07:00
M0218,2026-01-05T10:59:00
M0218,2026-01-06T09:04:00
M0218,2026-01-07T11:09:00
M0218,2026-01-07T11:45:00
M0218,2026-01-08T10:17:00
M0218,2026-01-09T12:59:00
M0218,2026-01-09T18:55:00
M0218,2026-01-13T19:15:00
M0218,2026-01-14T18:37:00
M0218,2026-01-16T18:39:00
M0218,2026-01-18T07:43:00
M0218,2026-01-18T11:14:00
M0218,2026-01-18T13:06:00
M0218,2026-01-22T08:39:00
M0218,2026-01-22T19:39:00
M0218,2026-01-26T18:02:00
M0218,2026-01-28T10:38:00
M0218,2026-01-29T06:05:00
M0218,2026-01-31T09:50:00
M0218,2026-01-31T10:14:00
M0218,2026-02-06T13:23:00
M0218,2026-02-07T17:34:00
M0218,2026-02-13T17:26:00
M0218,2026-02-14T07:46:00
M0218,2026-02-14T11:52:00
M0218,2026-02-23T19:59:00
M0218,2026-02-27T14:32:00
M0218,2026-03-02T11:36:00
M0218,2026-03-02T17:59:00
M0218,2026-03-05T14:25:00
M0218,2026-03-08T20:08:00
M0218,2026-03-12T12:58:00
M0218,2026-03-13T08:31:00
M0218,2026-03-13T10:13:00
M0218,2026-03-17T08:11:00
M0218,2026-03-17T09:07:00
M0218,2026-03-17T14:08:00
M0218,2026-03-19T20:18:00
M0218,2026-03-20T19:02:00
M0218,2026-03-23T20:56:00
M0218,2026-03-24T19:38:00
M0218,2026-03-25T10:35:00
M0218,2026-03-26T06:18:00
M0218,2026-03-26T09:43:00
M0218,2026-03-30T10:46:00
M0218,2026-04-02T14:29:00
M0218,2026-04-03T09:51:00
M0218,2026-04-04T20:57:00
M0218,2026-04-06T09:25:00
M0218,2026-04-08T06:29:00
M0218,2026-04-08T13:30:00
M0218,2026-04-09T12:55:00
M0218,2026-04-11T19:31:00
M0218,2026-04-13T06:43:00
M0218,2026-04-14T08:54:00
M0218,2026-04-16T12:45:00
M0218,2026-04-19T11:25:00
M0218,2026-04-24T19:09:00
M0218,2026-04-27T19:11:00
M0218,2026-05-01T08:07:00
M0218,2026-05-01T19:59:00
M0218,2026-05-03T16:41:00
M0218,2026-05-05T19:54:00
M0218,2026-05-08T12:55:00
M0218,2026-05-15T08:30:00
M0218,2026-05-15T18:16:00
M0218,2026-05-17T13:08:00
M0218,2026-05-18T20:19:00
M0218,2026-05-19T09:54:00
M0218,2026-05-21T10:45:00
M0218,2026-05-23T18:23:00
M0218,2026-05-24T09:38:00
M0218,2026-05-28T15:10:00
M0218,2026-05-30T15:53:00
M0218,2026-06-04T06:56:00
M0218,2026-06-04T12:42:00
M0218,2026-06-06T18:02:00
M0218,2026-06-09T07:11:00
M0218,2026-06-10T14:22:00
M0218,2026-06-16T10:41:00
M0218,2026-06-17T09:21:00
M0218,2026-06-17T15:56:00
M0218,2026-06-19T07:07:00
M0218,2026-06-19T16:19:00
M0218,2026-06-19T18:46:00
M0218,2026-06-28T18:27:00
M0218,2026-07-01T07:09:00
M0218,2026-07-01T08:07:00
M0218,2026-07-06T19:24:00
M0218,2026-07-10T16:05:00
M0218,2026-07-11T09:29:00
M0218,2026-07-13T10:35:00
M0218,2026-07-16T18:45:00
M0218,2026-07-18T17:14:00
M0218,2026-07-19T12:16:00
M0218,2026-07-25T14:06:00
M0218,2026-07-27T17:26:00
M0218,2026-08-01T11:37:00
M0218,2026-08-05T20:23:00
M0218,2026-08-08T19:35:00
M0218,2026-08-12T15:59:00
M0218,2026-08-16T16:45:00
M0218,2026-08-19T08:04:00
M0218,2026-08-21T09:31:00
M0218,2026-08-21T18:12:00
M0218,2026-08-24T09:48:00
M0218,2026-08-29T12:21:00
M0218,2026-08-30T12:12:00
M0218,2026-09-10T12:29:00
M0218,2026-09-10T13:23:00
M0218,2026-09-10T14:31:00
M0218,2026-09-11T09:23:00
M0218,2026-09-11T13:11:00
M0219,2026-05-01T18:52:00
M0219,2026-05-11T06:35:00
M0219,2026-05-12T14:51:00
M0219,2026-05-16T08:27:00
M0219,2026-06-03T13:54:00
M0219,2026-06-05T09:12:00
M0219,2026-06-22T15:00:00
M0219,2026-06-23T18:31:00
M0219,2026-07-08T12:07:00
M0219,2026-08-01T19:01:00
M0219,2026-08-13T07:04:00
M0219,2026-08-20T09:39:00
M0219,2026-08-20T11:19:00
M0219,2026-08-31T06:19:00
M0219,2026-09-05T08:47:00
M0219,2026-09-11T12:16:00
M0220,2025-10-25T18:59:00
M0220,2025-11-25T18:52:00
M0220,2025-11-28T10:52:00
M0220,2026-01-13T17:38:00
M0220,2026-03-21T10:53:00
M0220,2026-07-16T18:42:00
M0221,2026-06-01T16:14:00
M0221,2026-07-17T15:43:00
M0221,2026-07-20T13:11:00
M0221,2026-08-24T07:02:00
M0222,2025-08-09T20:17:00
M0222,2025-08-17T15:30:00
M0222,2025-09-05T16:54:00
M0222,2025-09-11T16:23:00
M0222,2025-09-21T20:43:00
M0222,2025-09-29T15:12:00
M0222,2025-10-04T18:56:00
M0222,2025-10-20T13:00:00
M0222,2025-11-21T07:43:00
M0222,2025-11-23T10:43:00
M0222,2025-12-02T07:53:00
M0222,2025-12-08T16:31:00
M0222,2025-12-13T16:51:00
M0222,2026-01-31T17:53:00
M0222,2026-02-05T12:00:00
M0222,2026-02-17T11:26:00
M0222,2026-02-19T15:27:00
M0222,2026-03-03T14:44:00
M0222,2026-03-17T19:41:00
M0222,2026-04-01T14:26:00
M0222,2026-04-09T07:02:00
M0222,2026-04-23T14:21:00
M0222,2026-04-29T15:30:00
M0222,2026-05-09T11:32:00
M0222,2026-05-11T13:55:00
M0222,2026-05-14T19:58:00
M0222,2026-06-04T09:44:00
M0222,2026-06-04T15:18:00
M0222,2026-06-20T19:26:00
M0222,2026-06-28T10:56:00
M0222,2026-07-20T06:10:00
M0222,2026-07-27T09:09:00
M0222,2026-07-27T12:53:00
M0222,2026-08-10T16:27:00
M0222,2026-08-23T15:25:00
M0222,2026-08-27T18:55:00
M0222,2026-09-10T19:51:00
M0223,2025-12-01T19:40:00
M0223,2025-12-04T07:22:00
M0223,2025-12-05T17:15:00
M0223,2025-12-15T19:20:00
M0223,2025-12-15T19:28:00
M0223,2025-12-18T06:45:00
M0223,2025-12-20T18:23:00
M0223,2025-12-25T08:16:00
M0223,2025-12-28T13:31:00
M0223,2026-01-03T14:46:00
M0223,2026-01-04T15:41:00
M0223,2026-01-05T16:53:00
M0223,2026-01-08T14:39:00
M0223,2026-01-10T09:28:00
M0223,2026-01-11T16:39:00
M0223,2026-01-12T11:56:00
M0223,2026-01-12T14:55:00
M0223,2026-01-13T11:56:00
M0223,2026-01-16T19:22:00
M0223,2026-01-17T18:30:00
M0223,2026-01-21T06:23:00
M0223,2026-01-25T14:13:00
M0223,2026-02-08T17:34:00
M0223,2026-02-09T20:25:00
M0223,2026-02-18T09:11:00
M0223,2026-02-22T12:38:00
M0223,2026-02-26T15:07:00
M0223,2026-03-03T10:47:00
M0223,2026-03-04T06:44:00
M0223,2026-03-07T13:14:00
M0223,2026-03-09T18:49:00
M0223,2026-03-17T09:03:00
M0223,2026-03-21T11:00:00
M0223,2026-03-26T20:24:00
M0223,2026-03-27T20:17:00
M0223,2026-03-28T11:06:00
M0223,2026-03-29T08:51:00
M0223,2026-04-02T10:53:00
M0223,2026-04-04T18:47:00
M0223,2026-04-12T12:23:00
M0223,2026-04-15T09:55:00
M0223,2026-04-15T13:40:00
M0223,2026-04-19T20:18:00
M0223,2026-04-21T13:17:00
M0223,2026-04-22T12:13:00
M0223,2026-04-30T12:17:00
M0223,2026-04-30T18:57:00
M0223,2026-05-05T19:27:00
M0223,2026-05-07T06:15:00
M0223,2026-05-10T19:50:00
M0223,2026-05-10T19:54:00
M0223,2026-05-10T20:31:00
M0223,2026-05-13T15:30:00
M0223,2026-05-16T17:48:00
M0223,2026-05-18T07:21:00
M0223,2026-05-20T08:50:00
M0223,2026-05-20T10:52:00
M0223,2026-05-23T06:11:00
M0223,2026-05-23T13:51:00
M0223,2026-05-27T07:43:00
M0223,2026-05-28T13:27:00
M0223,2026-05-29T07:03:00
M0223,2026-05-29T15:20:00
M0223,2026-05-30T12:19:00
M0223,2026-06-03T10:37:00
M0223,2026-06-09T13:36:00
M0223,2026-06-11T13:12:00
M0223,2026-06-17T09:15:00
M0223,2026-06-30T07:16:00
M0223,2026-07-03T19:01:00
M0223,2026-07-06T09:56:00
M0223,2026-07-20T13:55:00
M0223,2026-07-23T11:17:00
M0223,2026-07-27T06:51:00
M0223,2026-07-29T09:54:00
M0223,2026-07-30T13:33:00
M0223,2026-08-02T12:02:00
M0223,2026-08-02T18:29:00
M0223,2026-08-03T16:48:00
M0223,2026-08-07T16:43:00
M0223,2026-08-08T17:25:00
M0223,2026-08-10T12:48:00
M0223,2026-08-14T14:30:00
M0223,2026-08-22T16:54:00
M0223,2026-08-25T06:30:00
M0223,2026-08-29T08:38:00
M0223,2026-09-03T14:43:00
M0223,2026-09-05T19:13:00
M0223,2026-09-06T09:56:00
M0223,2026-09-09T07:08:00
M0223,2026-09-10T12:59:00
M0224,2025-09-22T13:26:00
M0224,2025-09-25T13:00:00
M0224,2025-09-30T20:44:00
M0224,2025-10-15T15:04:00
M0224,2025-10-16T18:00:00
M0224,2025-10-25T06:40:00
M0224,2025-10-25T18:25:00
M0224,2025-11-01T16:23:00
M0224,2025-11-09T13:02:00
M0224,2025-11-09T20:01:00
M0224,2025-11-12T14:13:00
M0224,2025-11-15T12:17:00
M0224,2025-11-22T14:43:00
M0224,2025-11-27T17:17:00
M0224,2025-11-28T10:28:00
M0224,2025-11-30T09:16:00
M0224,2025-12-02T13:13:00
M0224,2025-12-04T09:51:00
M0224,2025-12-04T19:49:00
M0224,2025-12-10T20:55:00
M0224,2025-12-16T16:18:00
M0224,2025-12-23T15:08:00
M0224,2025-12-26T16:00:00
M0224,2025-12-27T10:56:00
M0224,2025-12-28T15:00:00
M0224,2025-12-31T08:32:00
M0224,2026-01-05T07:55:00
M0224,2026-01-07T14:55:00
M0224,2026-01-10T14:15:00
M0224,2026-01-14T18:16:00
M0224,2026-01-17T16:50:00
M0224,2026-01-19T17:05:00
M0224,2026-01-21T13:47:00
M0224,2026-01-29T11:47:00
M0224,2026-01-29T14:53:00
M0224,2026-02-01T14:35:00
M0224,2026-02-03T10:17:00
M0224,2026-02-03T17:37:00
M0224,2026-02-06T15:57:00
M0224,2026-02-09T06:12:00
M0224,2026-02-16T16:02:00
M0224,2026-02-18T16:56:00
M0224,2026-02-24T12:00:00
M0224,2026-03-10T08:27:00
M0224,2026-03-14T17:52:00
M0224,2026-03-15T07:47:00
M0224,2026-03-15T20:08:00
M0224,2026-03-17T08:13:00
M0224,2026-03-19T15:49:00
M0224,2026-03-21T20:41:00
M0224,2026-03-23T09:01:00
M0224,2026-03-26T12:24:00
M0224,2026-03-26T15:42:00
M0224,2026-03-30T20:15:00
M0224,2026-04-02T19:57:00
M0224,2026-04-06T06:28:00
M0224,2026-04-07T10:00:00
M0224,2026-04-07T19:25:00
M0224,2026-04-12T18:22:00
M0224,2026-04-14T18:50:00
M0224,2026-04-16T16:37:00
M0224,2026-04-20T16:29:00
M0224,2026-04-20T20:10:00
M0224,2026-04-25T06:51:00
M0224,2026-04-26T07:09:00
M0224,2026-04-28T09:05:00
M0224,2026-05-02T16:38:00
M0224,2026-05-03T06:18:00
M0224,2026-05-07T20:20:00
M0224,2026-05-18T09:05:00
M0224,2026-05-22T06:48:00
M0224,2026-05-22T14:08:00
M0224,2026-05-22T19:24:00
M0224,2026-05-31T10:33:00
M0224,2026-06-04T08:51:00
M0224,2026-06-06T07:50:00
M0224,2026-06-08T20:03:00
M0224,2026-06-12T06:36:00
M0224,2026-06-15T20:33:00
M0224,2026-06-16T10:33:00
M0224,2026-06-16T13:48:00
M0224,2026-06-16T17:28:00
M0224,2026-07-01T20:13:00
M0224,2026-07-04T13:38:00
M0224,2026-07-09T18:33:00
M0224,2026-07-10T08:17:00
M0224,2026-07-10T16:20:00
M0224,2026-07-11T17:21:00
M0224,2026-07-13T14:53:00
M0224,2026-07-19T11:54:00
M0224,2026-07-19T14:10:00
M0224,2026-07-22T08:55:00
M0224,2026-07-30T19:08:00
M0224,2026-07-31T09:48:00
M0224,2026-08-12T20:17:00
M0224,2026-08-15T08:37:00
M0224,2026-08-18T19:06:00
M0224,2026-08-20T11:11:00
M0224,2026-08-26T18:33:00
M0224,2026-08-28T07:21:00
M0224,2026-08-28T13:43:00
M0224,2026-08-29T11:23:00
M0224,2026-08-29T14:42:00
M0224,2026-08-31T06:59:00
M0224,2026-09-01T15:02:00
M0224,2026-09-03T07:36:00
M0224,2026-09-08T17:32:00
M0224,2026-09-08T19:19:00
M0224,2026-09-09T12:06:00
M0224,2026-09-09T17:46:00
M0225,2025-09-30T06:32:00
M0225,2025-10-13T08:41:00
M0225,2025-10-18T10:26:00
M0225,2025-11-18T10:02:00
M0225,2025-12-26T20:21:00
M0225,2026-01-15T13:59:00
M0225,2026-05-23T11:50:00
M0225,2026-05-27T12:38:00
M0225,2026-06-13T15:44:00
M0225,2026-07-15T18:59:00
M0225,2026-09-11T11:55:00
M0226,2025-05-25T11:36:00
M0226,2025-05-25T13:49:00
M0226,2025-05-26T20:31:00
M0226,2025-05-29T13:40:00
M0226,2025-05-30T08:13:00
M0226,2025-06-01T20:45:00
M0226,2025-06-05T08:23:00
M0226,2025-06-10T13:09:00
M0226,2025-06-17T18:51:00
M0226,2025-06-19T10:47:00
M0226,2025-06-20T13:03:00
M0226,2025-06-21T13:38:00
M0226,2025-06-23T15:02:00
M0226,2025-06-29T20:23:00
M0226,2025-07-01T10:35:00
M0226,2025-07-02T10:55:00
M0226,2025-07-16T17:26:00
M0226,2025-07-17T10:36:00
M0226,2025-07-21T20:16:00
M0226,2025-07-25T12:27:00
M0226,2025-07-26T09:43:00
M0226,2025-07-30T19:57:00
M0226,2025-08-04T16:54:00
M0226,2025-08-05T11:50:00
M0226,2025-08-09T11:57:00
M0226,2025-08-10T11:37:00
M0226,2025-08-11T07:09:00
M0226,2025-08-15T20:10:00
M0226,2025-08-18T10:39:00
M0226,2025-08-21T13:27:00
M0226,2025-08-25T10:07:00
M0226,2025-08-27T18:01:00
M0226,2025-09-11T08:31:00
M0226,2025-09-11T08:58:00
M0226,2025-09-13T16:30:00
M0226,2025-09-22T11:12:00
M0226,2025-09-24T16:12:00
M0226,2025-09-25T07:18:00
M0226,2025-09-25T11:07:00
M0226,2025-09-26T11:18:00
M0226,2025-09-28T07:31:00
M0226,2025-09-28T11:35:00
M0226,2025-10-01T19:03:00
M0226,2025-10-04T18:18:00
M0226,2025-10-05T11:39:00
M0226,2025-10-05T20:53:00
M0226,2025-10-11T09:23:00
M0226,2025-10-12T20:27:00
M0226,2025-10-13T14:42:00
M0226,2025-10-16T08:07:00
M0226,2025-10-16T20:42:00
M0226,2025-10-20T17:55:00
M0226,2025-10-30T12:26:00
M0226,2025-11-04T06:35:00
M0226,2025-11-06T18:39:00
M0226,2025-11-07T11:58:00
M0226,2025-11-08T07:30:00
M0226,2025-11-09T16:30:00
M0226,2025-11-09T18:00:00
M0226,2025-11-09T18:47:00
M0226,2025-11-11T07:01:00
M0226,2025-11-11T12:48:00
M0226,2025-11-12T06:18:00
M0226,2025-11-18T11:49:00
M0226,2025-11-21T18:39:00
M0226,2025-11-22T07:40:00
M0226,2025-11-24T14:24:00
M0226,2025-11-25T09:14:00
M0226,2025-11-26T15:29:00
M0226,2025-11-28T16:43:00
M0226,2025-12-01T06:33:00
M0226,2025-12-03T09:55:00
M0226,2025-12-09T14:22:00
M0226,2025-12-09T20:33:00
M0226,2025-12-10T16:01:00
M0226,2025-12-12T06:23:00
M0226,2025-12-14T18:48:00
M0226,2025-12-19T07:06:00
M0226,2025-12-23T09:38:00
M0226,2025-12-27T06:10:00
M0226,2025-12-28T19:13:00
M0226,2026-01-02T15:45:00
M0226,2026-01-03T16:43:00
M0226,2026-01-05T10:03:00
M0226,2026-01-10T15:27:00
M0226,2026-01-14T09:45:00
M0226,2026-01-16T08:58:00
M0226,2026-01-16T16:42:00
M0226,2026-01-17T13:37:00
M0226,2026-01-17T14:35:00
M0226,2026-01-21T13:33:00
M0226,2026-01-24T14:19:00
M0226,2026-01-24T16:04:00
M0226,2026-01-27T14:39:00
M0226,2026-01-30T18:48:00
M0226,2026-02-01T13:33:00
M0226,2026-02-09T12:15:00
M0226,2026-02-09T18:28:00
M0226,2026-02-11T20:17:00
M0226,2026-02-19T18:08:00
M0226,2026-02-25T06:34:00
M0226,2026-02-28T10:32:00
M0226,2026-02-28T17:52:00
M0226,2026-03-01T08:47:00
M0226,2026-03-01T13:17:00
M0226,2026-03-02T10:17:00
M0226,2026-03-04T07:11:00
M0226,2026-03-05T12:27:00
M0226,2026-03-12T06:16:00
M0226,2026-03-14T18:43:00
M0226,2026-03-16T15:52:00
M0226,2026-03-16T16:35:00
M0226,2026-03-19T08:48:00
M0226,2026-03-20T16:44:00
M0226,2026-03-23T12:15:00
M0226,2026-03-23T15:50:00
M0226,2026-03-24T13:28:00
M0226,2026-03-25T11:33:00
M0226,2026-04-04T10:24:00
M0226,2026-04-05T15:36:00
M0226,2026-04-09T19:19:00
M0226,2026-04-10T10:59:00
M0226,2026-04-12T12:52:00
M0226,2026-04-14T13:42:00
M0226,2026-04-19T09:05:00
M0226,2026-04-21T09:50:00
M0226,2026-04-21T15:45:00
M0226,2026-04-30T11:21:00
M0226,2026-04-30T12:25:00
M0226,2026-05-02T15:17:00
M0226,2026-05-03T16:09:00
M0226,2026-05-08T08:40:00
M0226,2026-05-11T18:50:00
M0226,2026-05-12T18:00:00
M0226,2026-05-14T12:17:00
M0226,2026-05-14T14:36:00
M0226,2026-05-14T15:24:00
M0226,2026-05-22T16:34:00
M0226,2026-05-25T12:42:00
M0226,2026-05-28T14:04:00
M0226,2026-05-30T19:08:00
M0226,2026-06-13T09:42:00
M0226,2026-06-16T18:50:00
M0226,2026-06-17T08:17:00
M0226,2026-06-18T16:40:00
M0226,2026-06-19T09:29:00
M0226,2026-06-20T08:57:00
M0226,2026-06-20T09:31:00
M0226,2026-06-22T14:31:00
M0226,2026-06-24T14:49:00
M0226,2026-06-28T06:24:00
M0226,2026-07-08T17:04:00
M0226,2026-07-11T14:26:00
M0226,2026-07-13T20:19:00
M0226,2026-07-15T20:33:00
M0226,2026-07-19T13:32:00
M0226,2026-07-25T06:59:00
M0226,2026-08-02T15:24:00
M0226,2026-08-02T16:49:00
M0226,2026-08-02T18:21:00
M0226,2026-08-05T18:58:00
M0226,2026-08-10T16:25:00
M0226,2026-08-14T06:56:00
M0226,2026-08-17T14:43:00
M0226,2026-08-19T19:42:00
M0226,2026-08-20T11:52:00
M0226,2026-08-20T13:32:00
M0226,2026-08-30T11:04:00
M0226,2026-09-03T17:08:00
M0227,2025-11-04T06:18:00
M0227,2025-11-12T07:43:00
M0227,2025-11-22T12:28:00
M0227,2025-12-25T13:45:00
M0227,2026-01-20T19:23:00
M0227,2026-01-28T06:15:00
M0227,2026-02-26T07:40:00
M0227,2026-04-04T07:36:00
M0227,2026-04-11T11:42:00
M0227,2026-06-18T12:23:00
M0227,2026-06-21T06:51:00
M0227,2026-08-16T07:15:00
M0228,2025-09-13T14:55:00
M0228,2025-09-15T08:45:00
M0228,2025-09-19T20:27:00
M0228,2025-09-24T19:31:00
M0228,2025-09-26T17:13:00
M0228,2025-10-05T06:49:00
M0228,2025-10-05T15:44:00
M0228,2025-10-08T14:06:00
M0228,2025-10-09T08:13:00
M0228,2025-10-14T12:02:00
M0228,2025-10-18T07:47:00
M0228,2025-10-19T18:32:00
M0228,2025-10-27T13:02:00
M0228,2025-10-28T11:09:00
M0228,2025-11-19T15:05:00
M0228,2025-11-22T10:22:00
M0228,2025-11-28T20:53:00
M0228,2025-12-07T18:53:00
M0228,2025-12-11T15:53:00
M0228,2025-12-15T12:23:00
M0228,2025-12-27T15:01:00
M0228,2026-01-01T19:08:00
M0228,2026-01-07T11:39:00
M0228,2026-01-09T06:45:00
M0228,2026-01-13T18:18:00
M0228,2026-01-14T11:57:00
M0228,2026-01-17T12:06:00
M0228,2026-01-17T19:12:00
M0228,2026-01-20T10:55:00
M0228,2026-01-20T16:30:00
M0228,2026-01-27T09:02:00
M0228,2026-01-30T17:57:00
M0228,2026-02-01T17:23:00
M0228,2026-02-06T07:00:00
M0228,2026-02-07T18:09:00
M0228,2026-02-18T07:25:00
M0228,2026-02-21T15:29:00
M0228,2026-02-26T11:51:00
M0228,2026-03-03T10:15:00
M0228,2026-03-03T10:28:00
M0228,2026-03-04T19:09:00
M0228,2026-03-04T19:29:00
M0228,2026-03-17T15:08:00
M0228,2026-03-20T10:15:00
M0228,2026-03-24T08:14:00
M0228,2026-03-26T12:54:00
M0228,2026-03-27T12:26:00
M0228,2026-03-30T07:11:00
M0228,2026-04-01T12:05:00
M0228,2026-04-03T11:21:00
M0228,2026-04-04T06:26:00
M0228,2026-04-06T08:16:00
M0228,2026-04-16T08:26:00
M0228,2026-04-17T11:21:00
M0228,2026-05-01T08:57:00
M0228,2026-05-05T16:15:00
M0228,2026-05-22T16:57:00
M0228,2026-05-22T17:03:00
M0228,2026-05-27T13:46:00
M0228,2026-05-28T07:00:00
M0228,2026-06-02T20:22:00
M0228,2026-06-07T19:53:00
M0228,2026-06-14T20:27:00
M0228,2026-06-16T17:33:00
M0228,2026-06-16T19:24:00
M0228,2026-06-18T13:04:00
M0228,2026-06-19T15:00:00
M0228,2026-06-19T19:44:00
M0228,2026-06-20T13:02:00
M0228,2026-06-22T07:11:00
M0228,2026-06-24T09:23:00
M0228,2026-06-27T09:51:00
M0228,2026-06-29T18:12:00
M0228,2026-07-01T06:40:00
M0228,2026-07-04T18:14:00
M0228,2026-07-06T11:17:00
M0228,2026-07-06T17:58:00
M0228,2026-07-07T19:55:00
M0228,2026-07-10T11:30:00
M0228,2026-07-11T10:46:00
M0228,2026-07-11T17:20:00
M0228,2026-07-17T15:18:00
M0228,2026-07-20T06:57:00
M0228,2026-07-22T08:55:00
M0228,2026-07-28T17:33:00
M0228,2026-08-05T06:09:00
M0228,2026-08-06T08:25:00
M0228,2026-08-09T10:26:00
M0228,2026-08-09T14:50:00
M0228,2026-08-13T16:59:00
M0228,2026-08-25T15:01:00
M0228,2026-08-30T11:47:00
M0228,2026-09-02T17:02:00
M0228,2026-09-10T07:54:00
M0229,2026-01-01T18:23:00
M0229,2026-01-10T09:14:00
M0229,2026-05-21T09:48:00
M0230,2025-07-07T07:25:00
M0230,2025-07-09T19:34:00
M0230,2025-07-15T20:28:00
M0230,2025-07-18T10:14:00
M0230,2025-07-19T16:41:00
M0230,2025-07-27T07:50:00
M0230,2025-08-19T06:53:00
M0230,2025-08-21T10:28:00
M0230,2025-08-23T07:52:00
M0230,2025-08-24T11:45:00
M0230,2025-08-28T19:39:00
M0230,2025-08-31T14:57:00
M0230,2025-09-07T19:13:00
M0230,2025-09-11T19:51:00
M0230,2025-09-18T13:05:00
M0230,2025-09-18T19:36:00
M0230,2025-09-23T16:53:00
M0230,2025-09-26T14:23:00
M0230,2025-09-30T14:06:00
M0230,2025-10-06T15:06:00
M0230,2025-10-07T11:02:00
M0230,2025-10-07T12:38:00
M0230,2025-10-19T06:48:00
M0230,2025-10-21T17:15:00
M0230,2025-10-23T18:36:00
M0230,2025-10-30T07:03:00
M0230,2025-10-30T11:46:00
M0230,2025-11-03T20:52:00
M0230,2025-11-12T07:49:00
M0230,2025-11-18T15:49:00
M0230,2025-11-19T09:15:00
M0230,2025-11-27T16:04:00
M0230,2025-12-02T10:41:00
M0230,2025-12-02T15:13:00
M0230,2025-12-08T17:19:00
M0230,2025-12-09T06:33:00
M0230,2025-12-10T17:52:00
M0230,2025-12-13T12:22:00
M0230,2025-12-25T10:59:00
M0230,2025-12-25T17:51:00
M0230,2025-12-28T17:21:00
M0230,2025-12-31T09:59:00
M0230,2026-01-02T11:52:00
M0230,2026-01-03T16:31:00
M0230,2026-01-09T11:29:00
M0230,2026-01-09T12:55:00
M0230,2026-01-12T06:36:00
M0230,2026-01-12T12:11:00
M0230,2026-01-14T20:41:00
M0230,2026-01-16T06:30:00
M0230,2026-01-19T12:09:00
M0230,2026-01-27T07:37:00
M0230,2026-01-29T17:11:00
M0230,2026-02-01T20:53:00
M0230,2026-02-03T06:48:00
M0230,2026-02-05T19:10:00
M0230,2026-02-12T16:24:00
M0230,2026-03-14T07:35:00
M0230,2026-03-17T14:55:00
M0230,2026-03-20T06:47:00
M0230,2026-03-20T17:52:00
M0230,2026-03-21T06:38:00
M0230,2026-04-03T06:37:00
M0230,2026-04-03T09:27:00
M0230,2026-04-13T19:36:00
M0230,2026-04-16T07:37:00
M0230,2026-04-18T19:35:00
M0230,2026-04-25T16:29:00
M0230,2026-05-16T06:55:00
M0230,2026-05-24T08:31:00
M0230,2026-05-24T14:01:00
M0230,2026-05-28T12:42:00
M0230,2026-06-08T20:54:00
M0230,2026-06-19T16:42:00
M0230,2026-06-27T07:17:00
M0230,2026-06-28T17:24:00
M0230,2026-06-30T19:31:00
M0230,2026-07-02T14:29:00
M0230,2026-07-02T15:29:00
M0230,2026-07-03T13:50:00
M0230,2026-07-04T07:36:00
M0230,2026-07-08T08:56:00
M0230,2026-07-13T12:41:00
M0230,2026-07-16T18:47:00
M0230,2026-07-20T12:01:00
M0230,2026-07-22T20:25:00
M0230,2026-07-28T13:12:00
M0230,2026-07-30T11:38:00
M0230,2026-08-03T12:44:00
M0230,2026-08-07T15:43:00
M0230,2026-08-08T15:52:00
M0230,2026-08-09T08:02:00
M0230,2026-08-10T19:52:00
M0230,2026-08-14T07:13:00
M0230,2026-08-17T12:15:00
M0230,2026-08-21T20:46:00
M0230,2026-08-28T15:59:00
M0230,2026-09-03T16:29:00
M0230,2026-09-09T08:22:00
M0230,2026-09-09T18:42:00
M0230,2026-09-11T10:46:00
M0231,2025-05-29T11:34:00
M0231,2025-06-04T14:08:00
M0231,2025-06-09T07:31:00
M0231,2025-06-16T13:16:00
M0231,2025-07-03T11:55:00
M0231,2025-07-05T13:38:00
M0231,2025-07-06T13:18:00
M0231,2025-07-13T20:39:00
M0231,2025-07-14T16:21:00
M0231,2025-07-17T14:15:00
M0231,2025-07-21T14:19:00
M0231,2025-07-25T12:38:00
M0231,2025-07-27T15:30:00
M0231,2025-07-30T19:05:00
M0231,2025-08-01T08:49:00
M0231,2025-08-03T09:03:00
M0231,2025-08-05T07:11:00
M0231,2025-08-15T12:40:00
M0231,2025-08-18T12:57:00
M0231,2025-08-23T18:31:00
M0231,2025-08-24T07:09:00
M0231,2025-08-27T15:05:00
M0231,2025-09-05T09:43:00
M0231,2025-09-07T09:13:00
M0231,2025-09-07T12:37:00
M0231,2025-09-10T09:40:00
M0231,2025-09-24T09:48:00
M0231,2025-10-02T06:20:00
M0231,2025-10-05T13:35:00
M0231,2025-10-20T12:33:00
M0231,2025-10-23T14:51:00
M0231,2025-10-27T17:50:00
M0231,2025-10-30T11:53:00
M0231,2025-10-31T08:27:00
M0231,2025-11-01T11:14:00
M0231,2025-11-10T08:03:00
M0231,2025-11-13T15:43:00
M0231,2025-11-14T18:35:00
M0231,2025-11-27T14:10:00
M0231,2025-11-29T10:30:00
M0231,2025-11-29T15:54:00
M0231,2025-11-30T07:07:00
M0231,2025-12-05T17:23:00
M0231,2025-12-08T15:12:00
M0231,2025-12-10T13:14:00
M0231,2025-12-21T08:51:00
M0231,2025-12-25T08:37:00
M0231,2026-01-01T07:28:00
M0231,2026-01-07T18:15:00
M0231,2026-01-10T11:57:00
M0231,2026-01-12T13:32:00
M0231,2026-01-18T16:17:00
M0231,2026-01-19T06:20:00
M0231,2026-01-19T17:51:00
M0231,2026-01-20T13:23:00
M0231,2026-01-20T18:41:00
M0231,2026-01-23T09:04:00
M0231,2026-01-23T13:44:00
M0231,2026-01-24T18:54:00
M0231,2026-01-25T07:29:00
M0231,2026-01-26T13:46:00
M0231,2026-01-29T10:41:00
M0231,2026-01-29T14:59:00
M0231,2026-01-29T16:19:00
M0231,2026-01-30T09:22:00
M0231,2026-02-02T07:04:00
M0231,2026-02-09T11:31:00
M0231,2026-02-11T17:50:00
M0231,2026-02-13T06:54:00
M0231,2026-02-14T08:03:00
M0231,2026-02-15T08:57:00
M0231,2026-02-15T10:32:00
M0231,2026-02-19T12:37:00
M0231,2026-02-23T19:23:00
M0231,2026-02-28T08:56:00
M0231,2026-02-28T16:22:00
M0231,2026-03-01T10:12:00
M0231,2026-03-05T15:06:00
M0231,2026-03-07T14:24:00
M0231,2026-03-11T18:33:00
M0231,2026-03-17T18:29:00
M0231,2026-03-22T11:20:00
M0231,2026-03-25T12:36:00
M0231,2026-04-07T10:14:00
M0231,2026-04-07T20:37:00
M0231,2026-04-15T06:19:00
M0231,2026-04-15T18:45:00
M0231,2026-04-16T19:31:00
M0231,2026-04-17T18:06:00
M0231,2026-04-20T20:17:00
M0231,2026-04-21T17:37:00
M0231,2026-04-23T11:17:00
M0231,2026-04-25T10:39:00
M0231,2026-04-29T20:00:00
M0231,2026-05-05T15:09:00
M0231,2026-05-06T19:33:00
M0231,2026-05-31T12:39:00
M0231,2026-05-31T20:40:00
M0231,2026-06-02T07:32:00
M0231,2026-06-04T08:48:00
M0231,2026-06-07T09:23:00
M0231,2026-06-07T16:07:00
M0231,2026-06-09T19:40:00
M0231,2026-06-13T11:13:00
M0231,2026-06-14T10:50:00
M0231,2026-06-14T20:40:00
M0231,2026-07-01T07:05:00
M0231,2026-07-03T17:31:00
M0231,2026-07-08T19:12:00
M0231,2026-07-10T13:23:00
M0231,2026-07-15T19:53:00
M0231,2026-07-18T06:41:00
M0231,2026-07-18T10:53:00
M0231,2026-07-20T08:24:00
M0231,2026-08-06T10:53:00
M0231,2026-08-14T20:20:00
M0231,2026-08-21T12:10:00
M0231,2026-08-26T19:14:00
M0231,2026-08-26T20:11:00
M0231,2026-08-28T17:16:00
M0231,2026-09-01T12:39:00
M0231,2026-09-03T16:15:00
M0231,2026-09-06T10:00:00
M0231,2026-09-07T17:10:00
M0231,2026-09-09T18:28:00
M0232,2026-05-17T06:50:00
M0232,2026-05-17T16:03:00
M0232,2026-05-19T16:03:00
M0232,2026-05-20T09:59:00
M0232,2026-05-21T06:28:00
M0232,2026-05-21T12:12:00
M0232,2026-05-23T08:04:00
M0232,2026-05-25T14:54:00
M0232,2026-05-25T18:22:00
M0232,2026-05-29T06:58:00
M0232,2026-05-29T08:18:00
M0232,2026-05-30T12:04:00
M0232,2026-05-30T16:48:00
M0232,2026-05-31T14:02:00
M0232,2026-06-02T07:31:00
M0232,2026-06-02T07:47:00
M0232,2026-06-06T16:53:00
M0232,2026-06-08T11:27:00
M0232,2026-06-11T14:46:00
M0232,2026-06-12T09:43:00
M0232,2026-06-12T12:25:00
M0232,2026-06-13T10:07:00
M0232,2026-06-20T17:51:00
M0232,2026-06-25T08:33:00
M0232,2026-06-25T11:57:00
M0232,2026-06-27T15:51:00
M0232,2026-06-28T17:48:00
M0232,2026-07-04T14:07:00
M0232,2026-07-12T16:39:00
M0232,2026-07-16T16:23:00
M0232,2026-07-17T15:03:00
M0232,2026-07-21T11:11:00
M0232,2026-07-21T13:35:00
M0232,2026-07-23T19:37:00
M0232,2026-07-27T08:10:00
M0232,2026-07-28T07:41:00
M0232,2026-07-28T18:19:00
M0232,2026-07-29T07:41:00
M0232,2026-07-30T18:05:00
M0232,2026-07-31T19:32:00
M0232,2026-08-01T07:18:00
M0232,2026-08-01T08:36:00
M0232,2026-08-01T14:07:00
M0232,2026-08-01T17:45:00
M0232,2026-08-03T20:38:00
M0232,2026-08-09T20:36:00
M0232,2026-08-10T09:37:00
M0232,2026-08-13T10:54:00
M0232,2026-08-14T06:57:00
M0232,2026-08-14T12:20:00
M0232,2026-08-20T13:19:00
M0232,2026-08-20T19:10:00
M0232,2026-08-26T17:01:00
M0232,2026-08-27T08:03:00
M0232,2026-08-27T17:34:00
M0232,2026-08-29T12:39:00
M0232,2026-08-30T12:23:00
M0232,2026-08-31T10:34:00
M0232,2026-08-31T14:33:00
M0232,2026-08-31T20:32:00
M0232,2026-09-01T10:44:00
M0232,2026-09-04T13:11:00
M0232,2026-09-04T16:24:00
M0232,2026-09-05T15:06:00
M0232,2026-09-06T20:42:00
M0232,2026-09-09T15:07:00
M0232,2026-09-10T20:20:00
M0232,2026-09-11T18:09:00
M0233,2026-02-24T08:56:00
M0233,2026-02-24T10:11:00
M0233,2026-02-27T10:59:00
M0233,2026-02-28T06:46:00
M0233,2026-03-02T16:15:00
M0233,2026-03-04T12:11:00
M0233,2026-03-05T13:53:00
M0233,2026-03-07T20:47:00
M0233,2026-03-10T11:15:00
M0233,2026-03-15T08:00:00
M0233,2026-03-15T18:56:00
M0233,2026-03-18T08:15:00
M0233,2026-03-19T13:24:00
M0233,2026-03-20T12:28:00
M0233,2026-03-22T06:52:00
M0233,2026-03-23T10:49:00
M0233,2026-03-24T15:58:00
M0233,2026-03-28T09:41:00
M0233,2026-03-28T20:42:00
M0233,2026-04-03T13:40:00
M0233,2026-04-04T15:48:00
M0233,2026-04-04T20:57:00
M0233,2026-04-06T06:15:00
M0233,2026-04-06T13:41:00
M0233,2026-04-08T08:50:00
M0233,2026-04-08T19:44:00
M0233,2026-04-09T10:03:00
M0233,2026-04-09T17:25:00
M0233,2026-04-10T17:56:00
M0233,2026-04-12T08:04:00
M0233,2026-04-12T09:44:00
M0233,2026-04-12T13:31:00
M0233,2026-04-13T17:43:00
M0233,2026-04-13T20:50:00
M0233,2026-04-15T19:04:00
M0233,2026-04-22T08:27:00
M0233,2026-04-22T10:56:00
M0233,2026-04-22T18:29:00
M0233,2026-04-23T20:09:00
M0233,2026-04-24T17:55:00
M0233,2026-04-26T08:22:00
M0233,2026-04-26T18:48:00
M0233,2026-04-27T12:47:00
M0233,2026-04-28T09:35:00
M0233,2026-05-01T08:31:00
M0233,2026-05-01T11:44:00
M0233,2026-05-01T16:13:00
M0233,2026-05-02T09:37:00
M0233,2026-05-02T18:45:00
M0233,2026-05-03T12:48:00
M0233,2026-05-03T16:34:00
M0233,2026-05-08T08:50:00
M0233,2026-05-09T07:51:00
M0233,2026-05-14T16:12:00
M0233,2026-05-15T06:30:00
M0233,2026-05-15T15:12:00
M0233,2026-05-15T16:27:00
M0233,2026-05-16T16:10:00
M0233,2026-05-16T20:02:00
M0233,2026-05-17T19:29:00
M0233,2026-05-19T11:57:00
M0233,2026-05-20T08:41:00
M0233,2026-05-21T18:41:00
M0233,2026-05-25T16:12:00
M0233,2026-05-26T07:33:00
M0233,2026-05-27T09:19:00
M0233,2026-05-28T16:37:00
M0233,2026-05-29T08:43:00
M0233,2026-05-29T09:04:00
M0233,2026-05-29T15:23:00
M0233,2026-05-31T07:46:00
M0233,2026-06-01T11:00:00
M0233,2026-06-04T11:00:00
M0233,2026-06-05T10:42:00
M0233,2026-06-06T06:31:00
M0233,2026-06-06T13:46:00
M0233,2026-06-06T14:35:00
M0233,2026-06-07T13:54:00
M0233,2026-06-07T20:19:00
M0233,2026-06-09T18:22:00
M0233,2026-06-11T12:32:00
M0233,2026-06-12T15:39:00
M0233,2026-06-14T20:25:00
M0233,2026-06-15T18:20:00
M0233,2026-06-16T14:59:00
M0233,2026-06-16T18:04:00
M0233,2026-06-18T17:26:00
M0233,2026-06-19T11:04:00
M0233,2026-06-19T18:52:00
M0233,2026-06-24T14:17:00
M0233,2026-06-24T15:21:00
M0233,2026-06-27T08:10:00
M0233,2026-06-27T11:17:00
M0233,2026-06-30T17:02:00
M0233,2026-07-01T07:12:00
M0233,2026-07-04T11:39:00
M0233,2026-07-05T19:52:00
M0233,2026-07-06T11:18:00
M0233,2026-07-06T15:26:00
M0233,2026-07-07T16:44:00
M0233,2026-07-08T07:58:00
M0233,2026-07-11T17:59:00
M0233,2026-07-13T06:38:00
M0233,2026-07-14T19:51:00
M0233,2026-07-15T07:43:00
M0233,2026-07-16T09:25:00
M0233,2026-07-16T13:19:00
M0233,2026-07-21T08:15:00
M0233,2026-07-21T13:56:00
M0233,2026-07-22T07:31:00
M0233,2026-07-22T08:26:00
M0233,2026-07-22T17:01:00
M0233,2026-07-24T06:54:00
M0233,2026-07-26T11:46:00
M0233,2026-08-02T13:55:00
M0233,2026-08-02T14:50:00
M0233,2026-08-02T17:31:00
M0233,2026-08-03T17:12:00
M0233,2026-08-04T16:52:00
M0233,2026-08-09T16:11:00
M0233,2026-08-14T07:08:00
M0233,2026-08-14T07:28:00
M0233,2026-08-17T20:50:00
M0233,2026-08-21T16:46:00
M0233,2026-08-23T14:52:00
M0233,2026-08-26T19:19:00
M0233,2026-08-28T18:14:00
M0233,2026-08-29T13:47:00
M0233,2026-09-01T13:47:00
M0233,2026-09-02T20:08:00
M0233,2026-09-05T19:47:00
M0233,2026-09-06T07:04:00
M0233,2026-09-08T18:54:00
M0233,2026-09-09T15:27:00
M0233,2026-09-10T20:52:00
M0234,2026-02-12T19:27:00
M0234,2026-02-15T08:15:00
M0234,2026-02-17T18:21:00
M0234,2026-02-18T15:56:00
M0234,2026-02-19T06:15:00
M0234,2026-02-19T09:45:00
M0234,2026-02-19T14:51:00
M0234,2026-02-21T16:53:00
M0234,2026-02-22T10:35:00
M0234,2026-02-25T20:34:00
M0234,2026-02-26T08:04:00
M0234,2026-02-26T14:05:00
M0234,2026-02-26T17:16:00
M0234,2026-02-28T17:05:00
M0234,2026-03-01T06:08:00
M0234,2026-03-02T08:19:00
M0234,2026-03-03T06:58:00
M0234,2026-03-05T12:40:00
M0234,2026-03-08T16:50:00
M0234,2026-03-08T19:58:00
M0234,2026-03-09T10:27:00
M0234,2026-03-09T13:34:00
M0234,2026-03-09T15:36:00
M0234,2026-03-10T09:11:00
M0234,2026-03-11T07:18:00
M0234,2026-03-14T09:41:00
M0234,2026-03-14T16:31:00
M0234,2026-03-17T08:01:00
M0234,2026-03-18T06:13:00
M0234,2026-03-20T07:02:00
M0234,2026-03-20T10:19:00
M0234,2026-03-21T09:46:00
M0234,2026-03-22T11:04:00
M0234,2026-03-26T09:07:00
M0234,2026-03-26T10:53:00
M0234,2026-03-26T16:18:00
M0234,2026-03-29T06:04:00
M0234,2026-04-01T06:51:00
M0234,2026-04-02T17:30:00
M0234,2026-04-03T11:23:00
M0234,2026-04-04T17:29:00
M0234,2026-04-06T10:08:00
M0234,2026-04-07T08:43:00
M0234,2026-04-08T08:43:00
M0234,2026-04-09T17:33:00
M0234,2026-04-10T15:22:00
M0234,2026-04-12T18:49:00
M0234,2026-04-12T18:55:00
M0234,2026-04-14T07:31:00
M0234,2026-04-14T13:08:00
M0234,2026-04-15T18:38:00
M0234,2026-04-19T13:47:00
M0234,2026-04-19T20:23:00
M0234,2026-04-20T13:29:00
M0234,2026-04-20T13:45:00
M0234,2026-04-20T20:54:00
M0234,2026-04-21T07:08:00
M0234,2026-04-22T07:13:00
M0234,2026-04-22T09:38:00
M0234,2026-04-22T13:31:00
M0234,2026-04-22T14:37:00
M0234,2026-04-26T16:40:00
M0234,2026-04-27T07:34:00
M0234,2026-04-27T09:39:00
M0234,2026-05-01T06:17:00
M0234,2026-05-02T14:30:00
M0234,2026-05-06T08:02:00
M0234,2026-05-09T07:37:00
M0234,2026-05-09T11:21:00
M0234,2026-05-11T18:53:00
M0234,2026-05-12T14:26:00
M0234,2026-05-14T16:47:00
M0234,2026-05-20T13:53:00
M0234,2026-05-26T09:17:00
M0234,2026-05-28T14:35:00
M0234,2026-06-01T16:25:00
M0234,2026-06-02T06:31:00
M0234,2026-06-03T10:46:00
M0234,2026-06-04T11:56:00
M0234,2026-06-05T20:36:00
M0234,2026-06-07T18:20:00
M0234,2026-06-08T11:39:00
M0234,2026-06-09T06:15:00
M0234,2026-06-09T16:50:00
M0234,2026-06-11T18:34:00
M0234,2026-06-12T06:23:00
M0234,2026-06-16T11:15:00
M0234,2026-06-16T12:46:00
M0234,2026-06-18T12:14:00
M0234,2026-06-19T15:11:00
M0234,2026-06-20T19:19:00
M0234,2026-06-21T07:43:00
M0234,2026-06-22T09:49:00
M0234,2026-06-22T11:16:00
M0234,2026-06-25T08:03:00
M0234,2026-06-25T18:22:00
M0234,2026-06-28T20:29:00
M0234,2026-06-29T11:54:00
M0234,2026-06-30T13:40:00
M0234,2026-07-02T16:57:00
M0234,2026-07-03T13:35:00
M0234,2026-07-07T10:11:00
M0234,2026-07-11T11:43:00
M0234,2026-07-11T18:14:00
M0234,2026-07-11T20:48:00
M0234,2026-07-14T11:17:00
M0234,2026-07-14T11:46:00
M0234,2026-07-15T06:28:00
M0234,2026-07-16T18:59:00
M0234,2026-07-17T16:45:00
M0234,2026-07-19T13:29:00
M0234,2026-07-20T14:51:00
M0234,2026-07-20T20:56:00
M0234,2026-07-21T08:51:00
M0234,2026-07-21T14:55:00
M0234,2026-07-21T15:43:00
M0234,2026-07-22T20:33:00
M0234,2026-07-23T17:02:00
M0234,2026-07-26T18:08:00
M0234,2026-07-30T18:11:00
M0234,2026-08-01T06:49:00
M0234,2026-08-01T12:06:00
M0234,2026-08-02T18:04:00
M0234,2026-08-04T13:23:00
M0234,2026-08-04T13:34:00
M0234,2026-08-04T16:00:00
M0234,2026-08-05T15:19:00
M0234,2026-08-06T17:19:00
M0234,2026-08-08T07:56:00
M0234,2026-08-10T12:26:00
M0234,2026-08-11T06:57:00
M0234,2026-08-14T12:08:00
M0234,2026-08-16T07:33:00
M0234,2026-08-16T10:17:00
M0234,2026-08-18T10:36:00
M0234,2026-08-19T10:19:00
M0234,2026-08-19T13:03:00
M0234,2026-08-20T07:51:00
M0234,2026-08-24T12:30:00
M0234,2026-08-27T07:32:00
M0234,2026-08-27T09:15:00
M0234,2026-08-28T11:29:00
M0234,2026-08-30T13:49:00
M0234,2026-09-03T13:15:00
M0234,2026-09-04T10:53:00
M0234,2026-09-04T18:48:00
M0234,2026-09-05T16:18:00
M0234,2026-09-06T16:27:00
M0234,2026-09-09T06:44:00
M0234,2026-09-09T14:36:00
M0234,2026-09-10T10:51:00
M0234,2026-09-11T16:49:00
M0235,2025-08-15T12:53:00
M0235,2025-08-24T08:18:00
M0235,2025-09-06T06:18:00
M0235,2025-09-09T14:07:00
M0235,2025-09-10T20:59:00
M0235,2025-09-22T09:03:00
M0235,2025-09-24T14:27:00
M0235,2025-09-30T10:15:00
M0235,2025-10-02T09:05:00
M0235,2025-10-07T10:59:00
M0235,2025-10-17T17:24:00
M0235,2025-10-19T18:07:00
M0235,2025-10-21T11:06:00
M0235,2025-10-23T13:23:00
M0235,2025-10-26T07:57:00
M0235,2025-10-29T09:17:00
M0235,2025-10-30T20:48:00
M0235,2025-11-01T10:12:00
M0235,2025-11-04T13:03:00
M0235,2025-11-07T20:24:00
M0235,2025-11-10T19:09:00
M0235,2025-12-09T16:30:00
M0235,2025-12-19T06:52:00
M0235,2026-01-20T18:44:00
M0235,2026-01-23T09:24:00
M0235,2026-02-05T11:05:00
M0235,2026-02-23T16:09:00
M0235,2026-02-26T07:04:00
M0235,2026-03-04T15:53:00
M0235,2026-03-04T16:04:00
M0235,2026-03-10T11:16:00
M0235,2026-03-11T16:08:00
M0235,2026-04-01T12:00:00
M0235,2026-04-04T07:15:00
M0235,2026-04-06T12:41:00
M0235,2026-04-08T16:19:00
M0235,2026-04-10T08:41:00
M0235,2026-04-12T09:03:00
M0235,2026-04-14T06:23:00
M0235,2026-04-14T08:11:00
M0235,2026-04-14T12:50:00
M0235,2026-04-18T16:15:00
M0235,2026-04-20T18:23:00
M0235,2026-04-28T09:35:00
M0235,2026-05-01T16:08:00
M0235,2026-05-08T18:27:00
M0235,2026-05-13T07:53:00
M0235,2026-05-22T16:48:00
M0235,2026-05-23T07:43:00
M0235,2026-05-24T15:45:00
M0235,2026-06-07T10:17:00
M0235,2026-06-15T08:26:00
M0235,2026-06-16T17:05:00
M0235,2026-06-18T13:48:00
M0235,2026-06-21T08:25:00
M0235,2026-06-21T10:54:00
M0235,2026-06-23T11:20:00
M0235,2026-06-23T20:20:00
M0235,2026-06-24T14:06:00
M0235,2026-06-28T08:46:00
M0235,2026-06-29T15:23:00
M0235,2026-07-03T19:39:00
M0235,2026-07-19T19:54:00
M0235,2026-07-20T10:02:00
M0235,2026-07-30T18:12:00
M0235,2026-08-13T09:22:00
M0235,2026-08-27T19:22:00
M0235,2026-08-30T11:37:00
M0235,2026-09-06T06:44:00
M0235,2026-09-10T16:47:00
M0236,2026-05-02T18:50:00
M0236,2026-05-06T09:23:00
M0236,2026-05-06T10:58:00
M0236,2026-05-08T11:11:00
M0236,2026-05-09T17:44:00
M0236,2026-05-10T13:31:00
M0236,2026-05-17T10:18:00
M0236,2026-05-20T20:17:00
M0236,2026-05-25T12:16:00
M0236,2026-05-27T15:15:00
M0236,2026-05-28T10:27:00
M0236,2026-06-06T18:03:00
M0236,2026-07-09T12:00:00
M0236,2026-07-12T15:34:00
M0236,2026-07-29T14:59:00
M0236,2026-07-31T12:19:00
M0236,2026-08-03T12:08:00
M0236,2026-08-04T16:29:00
M0236,2026-08-08T18:23:00
M0236,2026-08-12T09:31:00
M0236,2026-08-16T15:14:00
M0236,2026-09-02T20:52:00
M0237,2026-06-04T07:48:00
M0237,2026-06-04T13:10:00
M0237,2026-06-05T15:27:00
M0237,2026-06-10T11:16:00
M0237,2026-06-10T11:46:00
M0237,2026-06-14T06:36:00
M0237,2026-06-17T15:54:00
M0237,2026-06-20T13:01:00
M0237,2026-06-21T15:09:00
M0237,2026-06-24T09:09:00
M0237,2026-06-24T16:47:00
M0237,2026-06-28T08:23:00
M0237,2026-06-30T20:50:00
M0237,2026-07-09T17:30:00
M0237,2026-07-11T09:07:00
M0237,2026-07-21T12:49:00
M0237,2026-07-23T09:08:00
M0237,2026-08-01T06:41:00
M0237,2026-08-05T09:47:00
M0237,2026-08-11T17:49:00
M0237,2026-08-17T10:15:00
M0237,2026-08-17T20:33:00
M0237,2026-08-18T16:38:00
M0237,2026-08-22T10:09:00
M0237,2026-08-23T14:36:00
M0237,2026-09-05T08:43:00
M0237,2026-09-11T12:05:00
M0238,2025-05-08T13:46:00
M0238,2025-05-13T20:07:00
M0238,2025-05-31T13:46:00
M0238,2025-05-31T17:06:00
M0238,2025-06-02T17:55:00
M0238,2025-06-08T16:46:00
M0238,2025-06-26T16:51:00
M0238,2025-07-12T13:46:00
M0238,2025-07-25T14:14:00
M0238,2025-08-16T19:09:00
M0238,2025-10-08T10:57:00
M0238,2025-10-10T08:13:00
M0238,2025-11-04T09:25:00
M0238,2025-11-13T16:58:00
M0238,2026-02-07T13:24:00
M0238,2026-02-13T13:26:00
M0238,2026-04-16T10:45:00
M0238,2026-04-24T18:42:00
M0238,2026-05-10T06:17:00
M0238,2026-07-08T20:24:00
M0238,2026-07-12T16:23:00
M0238,2026-07-24T07:10:00
M0238,2026-08-25T12:14:00
M0239,2026-06-11T13:49:00
M0239,2026-06-16T10:43:00
M0239,2026-06-20T08:50:00
M0239,2026-06-21T13:30:00
M0239,2026-06-21T18:59:00
M0239,2026-06-22T17:08:00
M0239,2026-06-23T11:37:00
M0239,2026-06-24T10:11:00
M0239,2026-06-26T15:13:00
M0239,2026-06-26T19:40:00
M0239,2026-06-26T20:48:00
M0239,2026-06-27T17:16:00
M0239,2026-06-28T09:46:00
M0239,2026-07-01T08:45:00
M0239,2026-07-12T14:13:00
M0239,2026-07-20T12:49:00
M0239,2026-07-23T19:22:00
M0239,2026-07-28T15:11:00
M0239,2026-07-30T06:00:00
M0239,2026-07-31T12:00:00
M0239,2026-08-02T13:48:00
M0239,2026-08-07T07:16:00
M0239,2026-08-14T20:40:00
M0239,2026-08-17T12:56:00
M0239,2026-08-17T16:50:00
M0239,2026-08-18T10:44:00
M0239,2026-08-27T11:11:00
M0239,2026-08-29T20:22:00
M0239,2026-08-30T09:07:00
M0239,2026-08-30T18:59:00
M0239,2026-09-02T11:13:00
M0239,2026-09-02T13:04:00
M0239,2026-09-10T14:36:00
M0240,2026-01-25T19:53:00
M0240,2026-03-13T07:08:00
M0240,2026-04-13T13:12:00
M0240,2026-06-20T07:47:00
M0240,2026-08-01T14:21:00
M0241,2025-08-18T14:45:00
M0241,2025-09-12T06:38:00
M0241,2025-09-26T13:09:00
M0241,2025-10-04T06:35:00
M0241,2025-10-24T19:10:00
M0241,2025-10-29T16:30:00
M0241,2025-11-04T19:48:00
M0241,2025-11-06T07:33:00
M0241,2025-11-23T11:11:00
M0241,2026-01-17T15:41:00
M0241,2026-02-18T11:36:00
M0241,2026-03-23T18:02:00
M0241,2026-03-28T09:13:00
M0241,2026-04-17T19:20:00
M0241,2026-05-14T15:58:00
M0241,2026-05-21T20:39:00
M0241,2026-05-26T17:29:00
M0241,2026-05-31T07:29:00
M0241,2026-06-14T13:50:00
M0241,2026-06-23T06:12:00
M0241,2026-06-27T09:00:00
M0241,2026-07-09T20:35:00
M0241,2026-07-21T14:03:00
M0241,2026-09-03T12:55:00
M0241,2026-09-11T20:38:00
M0242,2026-04-16T16:22:00
M0242,2026-04-17T17:50:00
M0242,2026-04-18T14:27:00
M0242,2026-04-20T15:21:00
M0242,2026-04-23T11:21:00
M0242,2026-04-25T14:21:00
M0242,2026-04-27T10:49:00
M0242,2026-04-28T12:26:00
M0242,2026-04-28T14:27:00
M0242,2026-04-29T07:34:00
M0242,2026-04-29T11:02:00
M0242,2026-04-29T15:53:00
M0242,2026-04-30T08:28:00
M0242,2026-04-30T08:57:00
M0242,2026-05-01T10:43:00
M0242,2026-05-01T18:06:00
M0242,2026-05-02T08:02:00
M0242,2026-05-05T16:35:00
M0242,2026-05-06T18:58:00
M0242,2026-05-13T16:12:00
M0242,2026-05-13T18:42:00
M0242,2026-05-13T20:02:00
M0242,2026-05-14T08:06:00
M0242,2026-05-14T20:24:00
M0242,2026-05-16T17:16:00
M0242,2026-05-19T19:36:00
M0242,2026-05-20T07:27:00
M0242,2026-05-20T15:55:00
M0242,2026-05-24T20:58:00
M0242,2026-05-25T13:35:00
M0242,2026-05-28T13:16:00
M0242,2026-05-30T14:43:00
M0242,2026-05-30T18:56:00
M0242,2026-06-03T13:17:00
M0242,2026-06-05T07:48:00
M0242,2026-06-05T17:53:00
M0242,2026-06-06T12:36:00
M0242,2026-06-07T11:34:00
M0242,2026-06-07T20:44:00
M0242,2026-06-08T06:25:00
M0242,2026-06-18T13:41:00
M0242,2026-06-20T18:59:00
M0242,2026-06-22T14:28:00
M0242,2026-06-23T12:18:00
M0242,2026-06-26T09:41:00
M0242,2026-06-26T13:34:00
M0242,2026-06-29T07:10:00
M0242,2026-06-30T13:30:00
M0242,2026-07-01T15:13:00
M0242,2026-07-03T20:20:00
M0242,2026-07-05T07:27:00
M0242,2026-07-08T09:59:00
M0242,2026-07-09T14:00:00
M0242,2026-07-10T08:59:00
M0242,2026-07-11T10:22:00
M0242,2026-07-11T16:38:00
M0242,2026-07-15T06:30:00
M0242,2026-07-15T13:00:00
M0242,2026-07-23T11:04:00
M0242,2026-07-23T11:25:00
M0242,2026-07-25T15:12:00
M0242,2026-07-26T14:53:00
M0242,2026-07-30T20:44:00
M0242,2026-08-02T15:11:00
M0242,2026-08-03T19:49:00
M0242,2026-08-07T08:48:00
M0242,2026-08-15T08:30:00
M0242,2026-08-16T09:42:00
M0242,2026-08-18T11:49:00
M0242,2026-08-19T12:57:00
M0242,2026-08-20T07:09:00
M0242,2026-08-24T06:35:00
M0242,2026-08-25T19:15:00
M0242,2026-08-27T08:04:00
M0242,2026-08-28T11:50:00
M0242,2026-08-29T14:55:00
M0242,2026-08-30T11:29:00
M0242,2026-09-01T08:45:00
M0242,2026-09-04T07:23:00
M0242,2026-09-09T08:21:00
M0243,2025-03-23T09:57:00
M0243,2025-03-23T17:13:00
M0243,2025-03-25T07:52:00
M0243,2025-03-26T16:38:00
M0243,2025-03-31T19:40:00
M0243,2025-04-07T08:37:00
M0243,2025-04-08T15:56:00
M0243,2025-04-09T11:41:00
M0243,2025-04-10T11:27:00
M0243,2025-04-11T20:34:00
M0243,2025-04-23T19:46:00
M0243,2025-04-25T15:54:00
M0243,2025-04-26T13:52:00
M0243,2025-04-27T06:31:00
M0243,2025-04-27T17:31:00
M0243,2025-04-29T12:06:00
M0243,2025-05-03T06:27:00
M0243,2025-05-12T09:55:00
M0243,2025-05-14T06:03:00
M0243,2025-05-17T10:46:00
M0243,2025-05-17T10:50:00
M0243,2025-05-20T20:18:00
M0243,2025-05-22T07:46:00
M0243,2025-05-24T16:31:00
M0243,2025-05-26T12:35:00
M0243,2025-05-28T07:42:00
M0243,2025-05-30T16:52:00
M0243,2025-06-02T14:58:00
M0243,2025-06-07T20:24:00
M0243,2025-06-09T19:05:00
M0243,2025-06-13T13:27:00
M0243,2025-06-17T19:00:00
M0243,2025-06-17T20:30:00
M0243,2025-06-20T13:51:00
M0243,2025-06-24T19:32:00
M0243,2025-06-25T12:07:00
M0243,2025-06-27T11:16:00
M0243,2025-07-03T08:18:00
M0243,2025-07-16T10:04:00
M0243,2025-07-19T14:46:00
M0243,2025-07-21T16:04:00
M0243,2025-07-22T07:46:00
M0243,2025-07-22T08:31:00
M0243,2025-07-24T11:56:00
M0243,2025-07-25T15:32:00
M0243,2025-07-30T09:45:00
M0243,2025-07-31T13:11:00
M0243,2025-08-04T07:40:00
M0243,2025-08-04T08:13:00
M0243,2025-08-05T16:36:00
M0243,2025-08-15T09:36:00
M0243,2025-08-23T15:53:00
M0243,2025-08-30T14:57:00
M0243,2025-09-01T07:20:00
M0243,2025-09-06T19:58:00
M0243,2025-09-07T13:44:00
M0243,2025-09-11T18:01:00
M0243,2025-09-12T06:18:00
M0243,2025-09-13T07:13:00
M0243,2025-09-13T08:42:00
M0243,2025-09-19T10:32:00
M0243,2025-09-23T20:49:00
M0243,2025-09-30T12:29:00
M0243,2025-09-30T19:52:00
M0243,2025-10-04T13:04:00
M0243,2025-10-10T10:07:00
M0243,2025-10-10T13:41:00
M0243,2025-10-12T10:20:00
M0243,2025-10-17T12:24:00
M0243,2025-10-22T14:37:00
M0243,2025-10-25T09:36:00
M0243,2025-10-26T20:06:00
M0243,2025-10-29T16:52:00
M0243,2025-10-31T10:23:00
M0243,2025-11-05T16:25:00
M0243,2025-11-05T20:50:00
M0243,2025-11-15T16:28:00
M0243,2025-11-15T19:25:00
M0243,2025-11-18T19:30:00
M0243,2025-11-19T19:16:00
M0243,2025-11-21T12:24:00
M0243,2025-11-26T12:02:00
M0243,2025-11-27T11:08:00
M0243,2025-11-30T14:42:00
M0243,2025-12-05T20:21:00
M0243,2025-12-06T16:08:00
M0243,2025-12-08T07:31:00
M0243,2025-12-09T20:20:00
M0243,2025-12-11T12:19:00
M0243,2025-12-16T06:18:00
M0243,2025-12-22T15:35:00
M0243,2025-12-25T13:33:00
M0243,2025-12-25T15:34:00
M0243,2025-12-29T06:27:00
M0243,2025-12-31T11:19:00
M0243,2026-01-01T13:09:00
M0243,2026-01-02T10:09:00
M0243,2026-01-04T16:44:00
M0243,2026-01-08T11:44:00
M0243,2026-01-11T12:56:00
M0243,2026-01-15T08:38:00
M0243,2026-01-17T14:29:00
M0243,2026-01-23T14:27:00
M0243,2026-01-24T16:14:00
M0243,2026-01-25T06:24:00
M0243,2026-01-31T13:08:00
M0243,2026-01-31T16:17:00
M0243,2026-02-01T09:10:00
M0243,2026-02-02T07:34:00
M0243,2026-02-03T09:03:00
M0243,2026-02-03T12:55:00
M0243,2026-02-04T09:37:00
M0243,2026-02-07T19:05:00
M0243,2026-02-08T07:58:00
M0243,2026-02-09T19:01:00
M0243,2026-02-13T09:36:00
M0243,2026-02-14T20:15:00
M0243,2026-02-15T18:55:00
M0243,2026-02-19T10:42:00
M0243,2026-02-22T12:22:00
M0243,2026-03-03T11:33:00
M0243,2026-03-03T14:34:00
M0243,2026-03-04T11:23:00
M0243,2026-03-09T17:18:00
M0243,2026-03-10T08:36:00
M0243,2026-03-25T07:21:00
M0243,2026-03-29T10:12:00
M0243,2026-03-31T11:29:00
M0243,2026-04-01T15:29:00
M0243,2026-04-07T07:59:00
M0243,2026-04-10T14:13:00
M0243,2026-04-15T15:56:00
M0243,2026-05-07T09:41:00
M0243,2026-05-07T13:45:00
M0243,2026-05-10T16:15:00
M0243,2026-05-19T11:25:00
M0243,2026-05-20T20:15:00
M0243,2026-05-20T20:39:00
M0243,2026-05-22T09:51:00
M0243,2026-05-30T14:45:00
M0243,2026-05-30T15:22:00
M0243,2026-06-01T11:43:00
M0243,2026-06-02T07:29:00
M0243,2026-06-04T12:42:00
M0243,2026-06-05T14:59:00
M0243,2026-06-05T20:47:00
M0243,2026-06-10T20:02:00
M0243,2026-06-14T18:52:00
M0243,2026-06-16T19:27:00
M0243,2026-06-18T17:37:00
M0243,2026-06-19T07:38:00
M0243,2026-06-19T12:08:00
M0243,2026-06-22T15:12:00
M0243,2026-06-24T12:45:00
M0243,2026-06-24T18:56:00
M0243,2026-06-25T10:40:00
M0243,2026-07-07T08:27:00
M0243,2026-07-10T20:34:00
M0243,2026-07-15T13:36:00
M0243,2026-07-16T13:12:00
M0243,2026-07-16T19:23:00
M0243,2026-07-17T19:38:00
M0243,2026-07-18T07:31:00
M0243,2026-07-19T07:52:00
M0243,2026-07-26T08:41:00
M0243,2026-08-01T19:31:00
M0243,2026-08-08T06:43:00
M0243,2026-08-08T07:38:00
M0243,2026-08-08T15:20:00
M0243,2026-08-14T19:08:00
M0243,2026-08-15T17:47:00
M0243,2026-08-17T07:49:00
M0243,2026-08-17T07:58:00
M0243,2026-08-20T16:29:00
M0243,2026-08-21T07:36:00
M0243,2026-08-22T06:12:00
M0243,2026-08-22T18:23:00
M0243,2026-08-23T16:17:00
M0243,2026-08-25T12:44:00
M0243,2026-08-25T17:50:00
M0243,2026-08-25T19:46:00
M0243,2026-08-26T08:52:00
M0243,2026-08-31T08:02:00
M0243,2026-09-06T12:21:00
M0243,2026-09-09T12:13:00
M0244,2026-05-28T11:15:00
M0244,2026-06-15T14:05:00
M0245,2026-01-05T16:17:00
M0245,2026-01-06T06:09:00
M0245,2026-01-06T18:22:00
M0245,2026-01-07T14:19:00
M0245,2026-01-12T13:17:00
M0245,2026-01-14T06:48:00
M0245,2026-01-17T15:13:00
M0245,2026-01-20T14:03:00
M0245,2026-01-24T19:15:00
M0245,2026-01-25T15:40:00
M0245,2026-01-27T07:01:00
M0245,2026-01-28T10:00:00
M0245,2026-01-28T20:50:00
M0245,2026-01-29T06:08:00
M0245,2026-01-30T15:50:00
M0245,2026-02-05T07:42:00
M0245,2026-02-06T06:29:00
M0245,2026-02-06T08:15:00
M0245,2026-02-07T11:44:00
M0245,2026-02-10T18:55:00
M0245,2026-02-14T09:59:00
M0245,2026-02-16T13:08:00
M0245,2026-02-18T13:25:00
M0245,2026-02-19T11:21:00
M0245,2026-02-19T11:30:00
M0245,2026-02-19T13:40:00
M0245,2026-02-21T09:31:00
M0245,2026-02-23T08:58:00
M0245,2026-02-23T10:29:00
M0245,2026-02-23T11:57:00
M0245,2026-02-24T11:20:00
M0245,2026-02-25T14:59:00
M0245,2026-02-26T12:27:00
M0245,2026-02-28T09:37:00
M0245,2026-03-03T13:45:00
M0245,2026-03-03T15:17:00
M0245,2026-03-03T18:49:00
M0245,2026-03-06T17:55:00
M0245,2026-03-09T11:03:00
M0245,2026-03-09T19:08:00
M0245,2026-03-11T19:54:00
M0245,2026-03-14T07:13:00
M0245,2026-03-17T16:15:00
M0245,2026-03-24T13:39:00
M0245,2026-03-27T06:27:00
M0245,2026-03-29T17:34:00
M0245,2026-04-01T14:11:00
M0245,2026-04-03T16:56:00
M0245,2026-04-07T15:55:00
M0245,2026-04-08T18:28:00
M0245,2026-04-09T09:13:00
M0245,2026-04-10T07:53:00
M0245,2026-04-11T20:53:00
M0245,2026-04-13T08:28:00
M0245,2026-04-13T17:38:00
M0245,2026-04-14T13:58:00
M0245,2026-04-15T11:29:00
M0245,2026-04-15T15:15:00
M0245,2026-04-17T17:50:00
M0245,2026-04-17T19:02:00
M0245,2026-04-20T12:43:00
M0245,2026-04-20T18:47:00
M0245,2026-04-21T08:02:00
M0245,2026-04-22T18:11:00
M0245,2026-04-25T20:05:00
M0245,2026-04-26T20:45:00
M0245,2026-04-27T17:17:00
M0245,2026-04-30T19:41:00
M0245,2026-05-01T07:02:00
M0245,2026-05-02T16:20:00
M0245,2026-05-07T10:56:00
M0245,2026-05-10T10:12:00
M0245,2026-05-12T12:17:00
M0245,2026-05-13T10:13:00
M0245,2026-05-17T08:47:00
M0245,2026-05-18T10:09:00
M0245,2026-05-19T17:48:00
M0245,2026-05-24T12:37:00
M0245,2026-05-24T15:51:00
M0245,2026-05-25T13:40:00
M0245,2026-05-25T19:40:00
M0245,2026-05-26T08:58:00
M0245,2026-05-26T13:32:00
M0245,2026-05-28T12:45:00
M0245,2026-05-29T09:20:00
M0245,2026-05-30T06:40:00
M0245,2026-06-01T06:38:00
M0245,2026-06-02T09:34:00
M0245,2026-06-03T16:30:00
M0245,2026-06-04T20:34:00
M0245,2026-06-05T20:56:00
M0245,2026-06-08T06:02:00
M0245,2026-06-08T16:27:00
M0245,2026-06-09T16:08:00
M0245,2026-06-10T14:46:00
M0245,2026-06-12T06:57:00
M0245,2026-06-14T11:13:00
M0245,2026-06-17T10:25:00
M0245,2026-06-17T14:26:00
M0245,2026-06-18T20:28:00
M0245,2026-06-21T12:41:00
M0245,2026-06-22T13:10:00
M0245,2026-06-23T10:17:00
M0245,2026-06-25T16:01:00
M0245,2026-06-26T16:19:00
M0245,2026-06-28T12:40:00
M0245,2026-06-30T09:11:00
M0245,2026-07-02T11:41:00
M0245,2026-07-04T10:52:00
M0245,2026-07-05T18:42:00
M0245,2026-07-09T19:55:00
M0245,2026-07-10T10:52:00
M0245,2026-07-12T07:21:00
M0245,2026-07-13T13:20:00
M0245,2026-07-15T17:26:00
M0245,2026-07-16T09:20:00
M0245,2026-07-16T12:36:00
M0245,2026-07-17T11:06:00
M0245,2026-07-18T09:21:00
M0245,2026-07-19T07:52:00
M0245,2026-07-19T17:53:00
M0245,2026-07-22T20:37:00
M0245,2026-07-23T06:02:00
M0245,2026-07-23T11:50:00
M0245,2026-07-25T12:22:00
M0245,2026-07-25T19:36:00
M0245,2026-07-28T08:36:00
M0245,2026-07-28T17:14:00
M0245,2026-07-29T14:16:00
M0245,2026-07-30T17:20:00
M0245,2026-08-01T08:05:00
M0245,2026-08-02T12:47:00
M0245,2026-08-02T20:40:00
M0245,2026-08-02T20:59:00
M0245,2026-08-03T15:10:00
M0245,2026-08-04T20:08:00
M0245,2026-08-05T07:46:00
M0245,2026-08-12T11:22:00
M0245,2026-08-13T12:26:00
M0245,2026-08-13T20:37:00
M0245,2026-08-15T08:14:00
M0245,2026-08-15T09:29:00
M0245,2026-08-15T11:53:00
M0245,2026-08-17T08:39:00
M0245,2026-08-17T10:04:00
M0245,2026-08-19T08:59:00
M0245,2026-08-20T10:13:00
M0245,2026-08-23T13:02:00
M0245,2026-08-25T07:01:00
M0245,2026-08-25T15:35:00
M0245,2026-08-28T07:14:00
M0245,2026-08-30T13:09:00
M0245,2026-09-01T08:38:00
M0245,2026-09-01T10:57:00
M0245,2026-09-02T16:48:00
M0245,2026-09-04T18:12:00
M0245,2026-09-05T09:38:00
M0245,2026-09-07T17:43:00
M0246,2025-10-23T15:03:00
M0246,2025-10-23T16:42:00
M0246,2025-10-24T18:31:00
M0246,2025-10-25T13:43:00
M0246,2025-10-26T06:03:00
M0246,2025-10-26T13:34:00
M0246,2025-10-31T10:25:00
M0246,2025-11-01T12:24:00
M0246,2025-11-01T14:09:00
M0246,2025-11-02T09:27:00
M0246,2025-11-02T10:44:00
M0246,2025-11-03T19:00:00
M0246,2025-11-10T15:40:00
M0246,2025-11-14T09:33:00
M0246,2025-11-14T11:37:00
M0246,2025-11-15T14:10:00
M0246,2025-11-17T06:33:00
M0246,2025-11-17T17:22:00
M0246,2025-11-20T11:50:00
M0246,2025-11-27T09:51:00
M0246,2025-11-27T12:24:00
M0246,2025-11-30T13:50:00
M0246,2025-11-30T18:54:00
M0246,2025-12-01T12:10:00
M0246,2025-12-02T08:20:00
M0246,2025-12-11T09:49:00
M0246,2025-12-11T13:15:00
M0246,2025-12-13T06:46:00
M0246,2025-12-13T17:52:00
M0246,2025-12-14T17:10:00
M0246,2025-12-14T19:45:00
M0246,2025-12-15T10:29:00
M0246,2025-12-15T10:45:00
M0246,2025-12-16T20:26:00
M0246,2025-12-17T06:22:00
M0246,2025-12-17T20:19:00
M0246,2025-12-19T16:16:00
M0246,2025-12-20T12:25:00
M0246,2025-12-21T17:47:00
M0246,2025-12-22T16:15:00
M0246,2025-12-24T12:55:00
M0246,2025-12-27T07:34:00
M0246,2025-12-28T12:10:00
M0246,2025-12-28T19:35:00
M0246,2026-01-03T18:47:00
M0246,2026-01-05T14:44:00
M0246,2026-01-08T10:16:00
M0246,2026-01-11T13:39:00
M0246,2026-01-11T20:16:00
M0246,2026-01-14T18:15:00
M0246,2026-01-18T11:05:00
M0246,2026-01-19T20:50:00
M0246,2026-01-20T16:43:00
M0246,2026-01-21T19:35:00
M0246,2026-01-25T09:44:00
M0246,2026-01-25T12:39:00
M0246,2026-01-26T10:17:00
M0246,2026-01-26T11:26:00
M0246,2026-01-27T07:14:00
M0246,2026-01-28T14:15:00
M0246,2026-02-02T09:55:00
M0246,2026-02-07T15:47:00
M0246,2026-02-08T06:07:00
M0246,2026-02-12T10:30:00
M0246,2026-02-14T15:04:00
M0246,2026-02-17T08:41:00
M0246,2026-02-19T13:31:00
M0246,2026-02-22T18:15:00
M0246,2026-02-23T15:35:00
M0246,2026-02-24T18:58:00
M0246,2026-03-03T06:05:00
M0246,2026-03-05T08:59:00
M0246,2026-03-10T06:04:00
M0246,2026-03-10T16:56:00
M0246,2026-03-12T06:00:00
M0246,2026-03-14T09:06:00
M0246,2026-03-15T18:23:00
M0246,2026-03-22T07:23:00
M0246,2026-03-23T08:15:00
M0246,2026-03-26T09:04:00
M0246,2026-03-26T09:52:00
M0246,2026-03-29T08:05:00
M0246,2026-03-30T07:18:00
M0246,2026-03-31T06:37:00
M0246,2026-03-31T12:40:00
M0246,2026-03-31T16:13:00
M0246,2026-04-02T09:07:00
M0246,2026-04-02T13:02:00
M0246,2026-04-08T19:07:00
M0246,2026-04-09T15:22:00
M0246,2026-04-11T13:11:00
M0246,2026-04-11T16:20:00
M0246,2026-04-12T06:57:00
M0246,2026-04-12T15:58:00
M0246,2026-04-13T18:29:00
M0246,2026-04-14T09:06:00
M0246,2026-04-15T17:00:00
M0246,2026-04-18T20:36:00
M0246,2026-04-19T16:48:00
M0246,2026-04-20T07:41:00
M0246,2026-04-20T17:00:00
M0246,2026-04-23T18:55:00
M0246,2026-04-24T19:19:00
M0246,2026-04-25T19:21:00
M0246,2026-04-26T09:16:00
M0246,2026-04-27T07:29:00
M0246,2026-04-28T18:11:00
M0246,2026-04-28T20:13:00
M0246,2026-05-03T20:49:00
M0246,2026-05-06T11:18:00
M0246,2026-05-09T07:23:00
M0246,2026-05-13T13:40:00
M0246,2026-05-13T20:45:00
M0246,2026-05-16T15:07:00
M0246,2026-05-18T13:19:00
M0246,2026-05-18T14:28:00
M0246,2026-05-20T06:39:00
M0246,2026-05-20T08:30:00
M0246,2026-05-20T19:16:00
M0246,2026-05-21T14:11:00
M0246,2026-05-21T16:46:00
M0246,2026-05-25T14:00:00
M0246,2026-06-01T07:11:00
M0246,2026-06-01T09:18:00
M0246,2026-06-01T17:36:00
M0246,2026-06-02T09:10:00
M0246,2026-06-02T19:34:00
M0246,2026-06-03T12:42:00
M0246,2026-06-12T19:38:00
M0246,2026-06-15T06:01:00
M0246,2026-06-17T14:14:00
M0246,2026-06-18T10:44:00
M0246,2026-06-23T17:13:00
M0246,2026-06-25T11:09:00
M0246,2026-06-25T16:47:00
M0246,2026-06-29T13:24:00
M0246,2026-06-29T19:02:00
M0246,2026-06-30T11:11:00
M0246,2026-07-01T07:27:00
M0246,2026-07-02T07:14:00
M0246,2026-07-04T15:22:00
M0246,2026-07-05T20:47:00
M0246,2026-07-06T10:10:00
M0246,2026-07-09T08:56:00
M0246,2026-07-11T13:43:00
M0246,2026-07-15T07:47:00
M0246,2026-07-18T14:07:00
M0246,2026-07-21T07:25:00
M0246,2026-07-22T08:20:00
M0246,2026-07-22T11:12:00
M0246,2026-07-22T18:27:00
M0246,2026-07-25T18:53:00
M0246,2026-07-26T12:55:00
M0246,2026-07-27T08:38:00
M0246,2026-07-27T14:26:00
M0246,2026-07-30T06:39:00
M0246,2026-07-31T18:10:00
M0246,2026-08-01T13:14:00
M0246,2026-08-04T06:10:00
M0246,2026-08-07T09:41:00
M0246,2026-08-08T16:51:00
M0246,2026-08-09T10:05:00
M0246,2026-08-09T14:17:00
M0246,2026-08-10T06:23:00
M0246,2026-08-11T06:18:00
M0246,2026-08-11T07:03:00
M0246,2026-08-11T09:04:00
M0246,2026-08-14T06:33:00
M0246,2026-08-14T14:20:00
M0246,2026-08-15T11:50:00
M0246,2026-08-17T11:01:00
M0246,2026-08-20T14:18:00
M0246,2026-08-22T06:14:00
M0246,2026-08-22T20:31:00
M0246,2026-08-28T12:28:00
M0246,2026-08-30T13:03:00
M0246,2026-08-31T06:35:00
M0246,2026-08-31T17:14:00
M0246,2026-09-01T13:32:00
M0246,2026-09-02T13:57:00
M0246,2026-09-02T16:28:00
M0246,2026-09-03T11:20:00
M0246,2026-09-04T19:02:00
M0246,2026-09-04T20:32:00
M0246,2026-09-05T10:42:00
M0246,2026-09-07T20:00:00
M0246,2026-09-10T13:10:00
M0246,2026-09-10T15:01:00
M0247,2025-12-14T06:27:00
M0247,2025-12-27T19:24:00
M0247,2026-02-03T06:04:00
M0247,2026-03-10T15:02:00
M0247,2026-05-03T06:11:00
M0247,2026-05-31T06:25:00
M0248,2025-04-02T16:25:00
M0248,2025-04-04T14:22:00
M0248,2025-04-20T12:58:00
M0248,2025-04-20T14:25:00
M0248,2025-04-22T19:28:00
M0248,2025-04-23T08:57:00
M0248,2025-04-24T16:42:00
M0248,2025-05-06T06:28:00
M0248,2025-05-06T18:16:00
M0248,2025-05-07T10:40:00
M0248,2025-05-12T16:38:00
M0248,2025-05-14T07:48:00
M0248,2025-05-14T09:34:00
M0248,2025-05-16T14:43:00
M0248,2025-05-18T06:58:00
M0248,2025-05-19T14:07:00
M0248,2025-05-23T17:26:00
M0248,2025-05-24T13:28:00
M0248,2025-05-24T18:44:00
M0248,2025-05-27T10:52:00
M0248,2025-05-31T20:04:00
M0248,2025-06-01T19:21:00
M0248,2025-06-04T13:02:00
M0248,2025-06-04T13:27:00
M0248,2025-06-05T10:36:00
M0248,2025-06-07T17:01:00
M0248,2025-06-08T08:50:00
M0248,2025-06-13T11:04:00
M0248,2025-06-21T19:29:00
M0248,2025-06-26T20:09:00
M0248,2025-07-01T18:02:00
M0248,2025-07-02T10:45:00
M0248,2025-07-07T09:35:00
M0248,2025-07-18T09:19:00
M0248,2025-07-19T14:55:00
M0248,2025-07-24T13:29:00
M0248,2025-08-04T08:20:00
M0248,2025-08-05T09:46:00
M0248,2025-08-14T06:39:00
M0248,2025-08-15T16:37:00
M0248,2025-08-18T17:11:00
M0248,2025-08-24T10:33:00
M0248,2025-08-24T14:30:00
M0248,2025-08-26T09:23:00
M0248,2025-08-28T13:10:00
M0248,2025-09-01T14:31:00
M0248,2025-09-14T15:56:00
M0248,2025-09-18T09:40:00
M0248,2025-09-20T20:43:00
M0248,2025-09-22T11:44:00
M0248,2025-09-29T06:10:00
M0248,2025-10-01T20:52:00
M0248,2025-10-05T09:36:00
M0248,2025-10-05T12:42:00
M0248,2025-10-06T20:16:00
M0248,2025-10-11T09:45:00
M0248,2025-10-19T18:33:00
M0248,2025-10-24T14:18:00
M0248,2025-10-24T18:24:00
M0248,2025-10-31T08:43:00
M0248,2025-11-01T09:37:00
M0248,2025-11-09T09:20:00
M0248,2025-11-10T18:25:00
M0248,2025-11-13T17:15:00
M0248,2025-11-16T07:35:00
M0248,2025-11-18T16:22:00
M0248,2025-11-20T18:09:00
M0248,2025-11-24T13:25:00
M0248,2025-11-24T14:26:00
M0248,2025-11-29T09:21:00
M0248,2025-12-11T19:19:00
M0248,2025-12-16T09:53:00
M0248,2025-12-17T12:40:00
M0248,2025-12-25T06:54:00
M0248,2025-12-31T12:27:00
M0248,2026-01-15T09:17:00
M0248,2026-01-20T06:07:00
M0248,2026-01-22T07:23:00
M0248,2026-01-23T17:56:00
M0248,2026-01-24T17:12:00
M0248,2026-01-30T08:55:00
M0248,2026-01-30T20:44:00
M0248,2026-01-31T09:25:00
M0248,2026-02-05T11:29:00
M0248,2026-02-05T18:55:00
M0248,2026-02-05T20:13:00
M0248,2026-02-08T14:26:00
M0248,2026-02-11T10:17:00
M0248,2026-02-13T11:23:00
M0248,2026-02-17T17:07:00
M0248,2026-02-23T10:13:00
M0248,2026-02-23T20:56:00
M0248,2026-02-25T13:21:00
M0248,2026-02-26T07:04:00
M0248,2026-02-27T10:36:00
M0248,2026-02-27T13:41:00
M0248,2026-02-27T19:18:00
M0248,2026-02-27T20:36:00
M0248,2026-03-06T08:48:00
M0248,2026-03-08T14:45:00
M0248,2026-03-10T07:40:00
M0248,2026-03-13T08:54:00
M0248,2026-03-21T09:32:00
M0248,2026-03-23T18:19:00
M0248,2026-03-25T07:58:00
M0248,2026-03-25T08:39:00
M0248,2026-03-25T20:23:00
M0248,2026-03-28T10:48:00
M0248,2026-04-04T16:39:00
M0248,2026-04-09T20:16:00
M0248,2026-04-13T12:18:00
M0248,2026-04-23T15:38:00
M0248,2026-05-10T13:11:00
M0248,2026-05-15T13:46:00
M0248,2026-05-21T11:13:00
M0248,2026-05-23T11:48:00
M0248,2026-05-24T14:56:00
M0248,2026-05-25T15:51:00
M0248,2026-05-25T20:39:00
M0248,2026-05-27T11:15:00
M0248,2026-06-06T11:51:00
M0248,2026-06-09T06:03:00
M0248,2026-06-10T10:23:00
M0248,2026-06-19T13:56:00
M0248,2026-06-21T08:58:00
M0248,2026-06-21T09:54:00
M0248,2026-06-22T07:51:00
M0248,2026-06-29T20:15:00
M0248,2026-07-01T11:29:00
M0248,2026-07-07T20:35:00
M0248,2026-07-09T10:20:00
M0248,2026-07-20T09:04:00
M0248,2026-07-22T08:16:00
M0248,2026-07-22T17:32:00
M0248,2026-07-23T17:30:00
M0248,2026-07-25T10:57:00
M0248,2026-07-31T09:47:00
M0248,2026-08-02T16:43:00
M0248,2026-08-04T12:10:00
M0248,2026-08-26T19:40:00
M0248,2026-09-02T20:17:00
M0249,2025-08-02T20:31:00
M0249,2025-08-04T08:51:00
M0249,2025-08-04T18:04:00
M0249,2025-08-05T12:04:00
M0249,2025-08-05T12:21:00
M0249,2025-08-08T07:22:00
M0249,2025-08-09T06:06:00
M0249,2025-08-09T17:40:00
M0249,2025-08-11T18:17:00
M0249,2025-08-12T20:10:00
M0249,2025-08-14T06:08:00
M0249,2025-08-17T09:05:00
M0249,2025-08-20T20:30:00
M0249,2025-08-21T18:03:00
M0249,2025-08-22T06:00:00
M0249,2025-08-27T07:59:00
M0249,2025-08-27T14:59:00
M0249,2025-08-29T18:55:00
M0249,2025-08-30T09:40:00
M0249,2025-09-01T15:34:00
M0249,2025-09-03T06:35:00
M0249,2025-09-04T17:44:00
M0249,2025-09-05T20:05:00
M0249,2025-09-10T11:02:00
M0249,2025-09-13T14:18:00
M0249,2025-09-19T18:24:00
M0249,2025-09-22T13:39:00
M0249,2025-09-27T15:52:00
M0249,2025-09-27T20:16:00
M0249,2025-09-28T18:28:00
M0249,2025-09-30T16:04:00
M0249,2025-10-01T06:59:00
M0249,2025-10-02T07:17:00
M0249,2025-10-09T12:00:00
M0249,2025-10-12T13:14:00
M0249,2025-10-13T10:08:00
M0249,2025-10-13T13:10:00
M0249,2025-10-15T17:54:00
M0249,2025-10-21T17:22:00
M0249,2025-10-25T11:10:00
M0249,2025-10-25T17:59:00
M0249,2025-10-25T20:27:00
M0249,2025-10-30T16:30:00
M0249,2025-11-01T10:29:00
M0249,2025-11-01T17:55:00
M0249,2025-11-03T11:47:00
M0249,2025-11-05T06:21:00
M0249,2025-11-06T13:30:00
M0249,2025-11-08T08:37:00
M0249,2025-11-08T13:42:00
M0249,2025-11-09T12:13:00
M0249,2025-11-09T18:38:00
M0249,2025-11-10T15:41:00
M0249,2025-11-10T20:31:00
M0249,2025-11-11T06:23:00
M0249,2025-11-12T12:28:00
M0249,2025-11-13T17:40:00
M0249,2025-11-14T06:30:00
M0249,2025-11-15T19:53:00
M0249,2025-11-18T18:17:00
M0249,2025-11-20T17:43:00
M0249,2025-11-22T07:20:00
M0249,2025-11-22T09:38:00
M0249,2025-11-24T19:14:00
M0249,2025-11-27T18:27:00
M0249,2025-11-29T06:15:00
M0249,2025-11-30T06:55:00
M0249,2025-12-02T19:39:00
M0249,2025-12-03T14:22:00
M0249,2025-12-04T16:29:00
M0249,2025-12-05T09:22:00
M0249,2025-12-05T12:45:00
M0249,2025-12-05T15:40:00
M0249,2025-12-08T14:40:00
M0249,2025-12-09T06:05:00
M0249,2025-12-09T18:10:00
M0249,2025-12-12T06:58:00
M0249,2025-12-12T11:54:00
M0249,2025-12-16T14:01:00
M0249,2025-12-17T12:19:00
M0249,2025-12-19T08:42:00
M0249,2025-12-20T10:08:00
M0249,2025-12-22T16:18:00
M0249,2025-12-25T06:32:00
M0249,2025-12-25T11:37:00
M0249,2025-12-29T08:54:00
M0249,2026-01-01T08:51:00
M0249,2026-01-01T16:15:00
M0249,2026-01-01T18:38:00
M0249,2026-01-02T11:15:00
M0249,2026-01-04T09:20:00
M0249,2026-01-08T06:52:00
M0249,2026-01-09T17:57:00
M0249,2026-01-09T18:29:00
M0249,2026-01-09T20:43:00
M0249,2026-01-12T17:37:00
M0249,2026-01-14T13:56:00
M0249,2026-01-15T13:57:00
M0249,2026-01-15T18:49:00
M0249,2026-01-19T10:35:00
M0249,2026-01-20T08:10:00
M0249,2026-01-22T19:47:00
M0249,2026-01-24T19:18:00
M0249,2026-01-25T08:21:00
M0249,2026-01-25T11:46:00
M0249,2026-01-26T17:51:00
M0249,2026-01-27T07:42:00
M0249,2026-01-28T19:30:00
M0249,2026-01-30T13:50:00
M0249,2026-01-30T18:20:00
M0249,2026-01-31T19:40:00
M0249,2026-02-02T08:54:00
M0249,2026-02-04T15:17:00
M0249,2026-02-07T16:48:00
M0249,2026-02-07T18:40:00
M0249,2026-02-11T09:50:00
M0249,2026-02-12T16:55:00
M0249,2026-02-14T12:31:00
M0249,2026-02-14T20:36:00
M0249,2026-02-16T12:20:00
M0249,2026-02-17T19:14:00
M0249,2026-02-19T06:28:00
M0249,2026-02-21T06:09:00
M0249,2026-02-22T14:21:00
M0249,2026-02-24T06:35:00
M0249,2026-02-24T08:18:00
M0249,2026-02-25T12:36:00
M0249,2026-02-26T15:45:00
M0249,2026-02-26T18:05:00
M0249,2026-03-01T11:30:00
M0249,2026-03-03T10:08:00
M0249,2026-03-03T17:12:00
M0249,2026-03-04T11:10:00
M0249,2026-03-05T09:53:00
M0249,2026-03-06T12:45:00
M0249,2026-03-07T10:26:00
M0249,2026-03-08T14:21:00
M0249,2026-03-08T15:55:00
M0249,2026-03-10T14:22:00
M0249,2026-03-11T06:17:00
M0249,2026-03-11T06:25:00
M0249,2026-03-15T12:47:00
M0249,2026-03-16T09:13:00
M0249,2026-03-17T07:33:00
M0249,2026-03-19T20:26:00
M0249,2026-03-21T13:33:00
M0249,2026-03-25T14:11:00
M0249,2026-03-26T15:57:00
M0249,2026-03-27T09:28:00
M0249,2026-03-29T12:57:00
M0249,2026-03-30T09:42:00
M0249,2026-03-31T10:06:00
M0249,2026-04-01T17:32:00
M0249,2026-04-03T07:51:00
M0249,2026-04-05T15:04:00
M0249,2026-04-06T12:03:00
M0249,2026-04-08T06:32:00
M0249,2026-04-08T09:53:00
M0249,2026-04-12T18:43:00
M0249,2026-04-13T11:18:00
M0249,2026-04-16T07:33:00
M0249,2026-04-17T16:51:00
M0249,2026-04-19T10:15:00
M0249,2026-04-20T12:03:00
M0249,2026-04-21T16:38:00
M0249,2026-04-26T08:43:00
M0249,2026-04-29T07:14:00
M0249,2026-04-29T16:58:00
M0249,2026-05-01T20:35:00
M0249,2026-05-02T06:46:00
M0249,2026-05-05T06:37:00
M0249,2026-05-06T20:26:00
M0249,2026-05-13T19:26:00
M0249,2026-05-15T13:29:00
M0249,2026-05-15T17:46:00
M0249,2026-05-18T13:29:00
M0249,2026-05-21T10:21:00
M0249,2026-05-21T18:29:00
M0249,2026-05-22T10:22:00
M0249,2026-05-23T20:03:00
M0249,2026-05-27T10:57:00
M0249,2026-05-28T18:47:00
M0249,2026-05-28T18:55:00
M0249,2026-05-30T07:39:00
M0249,2026-05-31T10:12:00
M0249,2026-06-02T08:24:00
M0249,2026-06-03T19:03:00
M0249,2026-06-04T11:13:00
M0249,2026-06-06T09:36:00
M0249,2026-06-06T15:46:00
M0249,2026-06-07T07:06:00
M0249,2026-06-10T11:43:00
M0249,2026-06-11T17:50:00
M0249,2026-06-14T07:19:00
M0249,2026-06-14T09:12:00
M0249,2026-06-14T14:20:00
M0249,2026-06-14T20:05:00
M0249,2026-06-15T08:12:00
M0249,2026-06-16T13:01:00
M0249,2026-06-17T12:16:00
M0249,2026-06-23T12:08:00
M0249,2026-06-23T12:28:00
M0249,2026-06-29T18:27:00
M0249,2026-07-02T16:07:00
M0249,2026-07-02T17:06:00
M0249,2026-07-05T19:19:00
M0249,2026-07-07T20:59:00
M0249,2026-07-08T17:16:00
M0249,2026-07-09T19:32:00
M0249,2026-07-10T10:35:00
M0249,2026-07-10T12:10:00
M0249,2026-07-14T08:14:00
M0249,2026-07-14T08:37:00
M0249,2026-07-16T06:27:00
M0249,2026-07-16T08:42:00
M0249,2026-07-17T20:10:00
M0249,2026-07-18T11:52:00
M0249,2026-07-18T13:15:00
M0249,2026-07-19T08:29:00
M0249,2026-07-19T20:53:00
M0249,2026-07-22T13:29:00
M0249,2026-07-23T14:39:00
M0249,2026-07-26T18:49:00
M0249,2026-07-27T07:10:00
M0249,2026-07-28T15:42:00
M0249,2026-07-30T14:11:00
M0249,2026-08-01T10:33:00
M0249,2026-08-03T14:38:00
M0249,2026-08-03T17:37:00
M0249,2026-08-06T07:24:00
M0249,2026-08-06T19:38:00
M0249,2026-08-08T10:20:00
M0249,2026-08-08T15:04:00
M0249,2026-08-09T17:21:00
M0249,2026-08-09T17:44:00
M0249,2026-08-11T10:04:00
M0249,2026-08-13T08:15:00
M0249,2026-08-14T10:49:00
M0249,2026-08-16T10:19:00
M0249,2026-08-17T15:00:00
M0249,2026-08-17T19:25:00
M0249,2026-08-20T08:19:00
M0249,2026-08-20T11:16:00
M0249,2026-08-21T13:34:00
M0249,2026-08-21T20:00:00
M0249,2026-08-24T08:56:00
M0249,2026-08-24T17:33:00
M0249,2026-08-27T18:02:00
M0249,2026-08-28T15:43:00
M0249,2026-08-29T13:48:00
M0249,2026-08-31T07:32:00
M0249,2026-09-01T17:59:00
M0249,2026-09-01T18:44:00
M0249,2026-09-01T20:43:00
M0249,2026-09-02T12:31:00
M0249,2026-09-02T18:41:00
M0249,2026-09-03T12:28:00
M0249,2026-09-03T16:04:00
M0249,2026-09-03T20:02:00
M0249,2026-09-05T16:48:00
M0249,2026-09-05T17:01:00
M0249,2026-09-06T08:58:00
M0249,2026-09-08T09:42:00
M0249,2026-09-09T07:26:00
M0249,2026-09-10T17:54:00
M0249,2026-09-11T06:43:00
M0249,2026-09-11T13:57:00
M0250,2025-06-07T11:53:00
M0250,2025-06-26T13:22:00
M0250,2025-08-29T16:11:00
M0250,2025-11-10T14:45:00
M0250,2025-11-17T19:12:00
M0250,2026-03-03T08:48:00
M0250,2026-08-23T18:25:00
M0251,2025-12-15T17:20:00
M0251,2025-12-17T17:29:00
M0251,2025-12-19T07:22:00
M0251,2025-12-24T19:26:00
M0251,2026-01-02T15:57:00
M0251,2026-01-03T12:05:00
M0251,2026-01-04T12:26:00
M0251,2026-01-06T12:59:00
M0251,2026-01-07T06:36:00
M0251,2026-01-07T12:40:00
M0251,2026-01-10T09:24:00
M0251,2026-01-26T11:36:00
M0251,2026-02-04T11:07:00
M0251,2026-02-07T12:07:00
M0251,2026-03-10T09:37:00
M0251,2026-03-15T20:04:00
M0251,2026-03-24T08:16:00
M0251,2026-03-25T12:12:00
M0251,2026-04-01T20:04:00
M0251,2026-04-03T08:23:00
M0251,2026-04-09T15:25:00
M0251,2026-04-13T08:41:00
M0251,2026-04-13T15:08:00
M0251,2026-04-25T12:57:00
M0251,2026-05-01T13:54:00
M0251,2026-05-02T20:19:00
M0251,2026-05-15T19:48:00
M0251,2026-05-30T20:24:00
M0251,2026-06-05T13:35:00
M0251,2026-06-17T14:30:00
M0251,2026-06-25T17:12:00
M0251,2026-06-26T16:38:00
M0251,2026-06-26T18:52:00
M0251,2026-06-29T15:27:00
M0251,2026-07-07T06:22:00
M0251,2026-07-14T13:40:00
M0251,2026-07-27T10:45:00
M0251,2026-08-04T12:36:00
M0251,2026-08-06T10:08:00
M0251,2026-08-07T17:05:00
M0251,2026-08-09T08:11:00
M0251,2026-08-09T11:52:00
M0251,2026-08-18T06:07:00
M0251,2026-08-18T13:18:00
M0251,2026-08-27T15:58:00
M0251,2026-08-29T18:00:00
M0251,2026-08-31T13:24:00
M0251,2026-09-01T07:48:00
M0251,2026-09-11T07:36:00
M0252,2025-08-02T12:50:00
M0252,2025-10-26T08:12:00
M0252,2026-02-21T12:12:00
M0252,2026-08-10T12:30:00
M0252,2026-08-23T16:47:00
M0253,2026-03-21T19:45:00
M0253,2026-03-27T10:56:00
M0253,2026-03-28T09:54:00
M0253,2026-03-29T06:13:00
M0253,2026-04-02T08:30:00
M0253,2026-04-10T08:19:00
M0253,2026-04-10T14:11:00
M0253,2026-04-16T13:19:00
M0253,2026-04-24T17:24:00
M0253,2026-04-25T07:35:00
M0253,2026-04-26T17:50:00
M0253,2026-04-27T08:43:00
M0253,2026-04-27T19:26:00
M0253,2026-04-30T09:50:00
M0253,2026-05-03T06:15:00
M0253,2026-05-06T17:48:00
M0253,2026-05-21T19:27:00
M0253,2026-05-22T14:00:00
M0253,2026-05-29T19:43:00
M0253,2026-06-01T14:42:00
M0253,2026-06-02T08:42:00
M0253,2026-06-04T17:37:00
M0253,2026-06-06T14:21:00
M0253,2026-06-14T20:41:00
M0253,2026-06-16T13:50:00
M0253,2026-06-17T06:51:00
M0253,2026-06-17T18:05:00
M0253,2026-06-18T07:06:00
M0253,2026-06-18T19:04:00
M0253,2026-06-18T20:10:00
M0253,2026-06-21T12:41:00
M0253,2026-06-21T16:25:00
M0253,2026-06-23T12:25:00
M0253,2026-07-02T15:19:00
M0253,2026-07-11T16:15:00
M0253,2026-07-12T09:43:00
M0253,2026-07-12T12:54:00
M0253,2026-07-13T11:00:00
M0253,2026-07-13T15:32:00
M0253,2026-07-14T08:32:00
M0253,2026-07-18T19:14:00
M0253,2026-07-21T11:13:00
M0253,2026-07-21T15:03:00
M0253,2026-07-23T08:42:00
M0253,2026-07-23T15:17:00
M0253,2026-07-27T16:44:00
M0253,2026-08-01T16:12:00
M0253,2026-08-02T16:47:00
M0253,2026-08-09T17:16:00
M0253,2026-08-13T11:08:00
M0253,2026-08-14T17:28:00
M0253,2026-08-18T19:06:00
M0253,2026-08-19T16:21:00
M0253,2026-08-20T11:26:00
M0253,2026-08-22T19:51:00
M0253,2026-08-23T06:23:00
M0253,2026-08-24T19:54:00
M0253,2026-08-25T11:09:00
M0253,2026-08-25T14:29:00
M0253,2026-08-26T06:29:00
M0253,2026-08-26T10:50:00
M0253,2026-08-27T19:49:00
M0253,2026-08-28T07:08:00
M0253,2026-08-28T18:46:00
M0253,2026-09-02T11:10:00
M0253,2026-09-02T15:04:00
M0253,2026-09-04T17:38:00
M0253,2026-09-05T20:45:00
M0253,2026-09-09T09:32:00
M0253,2026-09-09T20:10:00
M0254,2025-10-13T19:22:00
M0254,2025-11-10T12:53:00
M0254,2025-11-22T08:45:00
M0254,2025-11-23T08:32:00
M0254,2026-01-22T18:24:00
M0254,2026-01-30T19:36:00
M0254,2026-02-11T11:42:00
M0254,2026-04-26T17:59:00
M0254,2026-05-05T16:52:00
M0254,2026-05-22T20:54:00
M0254,2026-05-30T15:19:00
M0254,2026-06-09T19:16:00
M0254,2026-07-07T18:18:00
M0254,2026-07-25T16:54:00
M0254,2026-08-19T19:16:00
M0254,2026-08-19T19:20:00
M0254,2026-08-31T13:53:00
M0254,2026-09-03T12:55:00
M0255,2026-06-07T08:13:00
M0255,2026-06-08T17:25:00
M0255,2026-06-08T20:48:00
M0255,2026-06-10T17:41:00
M0255,2026-06-10T18:12:00
M0255,2026-06-11T11:38:00
M0255,2026-06-11T13:32:00
M0255,2026-06-11T18:48:00
M0255,2026-06-13T15:49:00
M0255,2026-06-15T07:09:00
M0255,2026-06-16T12:06:00
M0255,2026-06-16T18:00:00
M0255,2026-06-18T13:01:00
M0255,2026-06-20T17:33:00
M0255,2026-06-23T08:00:00
M0255,2026-06-23T14:02:00
M0255,2026-06-24T18:20:00
M0255,2026-06-25T09:26:00
M0255,2026-06-27T08:00:00
M0255,2026-07-01T14:06:00
M0255,2026-07-02T08:01:00
M0255,2026-07-02T17:13:00
M0255,2026-07-03T20:14:00
M0255,2026-07-04T09:41:00
M0255,2026-07-05T13:10:00
M0255,2026-07-07T09:18:00
M0255,2026-07-08T12:25:00
M0255,2026-07-10T13:27:00
M0255,2026-07-10T20:36:00
M0255,2026-07-17T10:32:00
M0255,2026-07-18T13:40:00
M0255,2026-07-18T15:40:00
M0255,2026-07-19T20:24:00
M0255,2026-07-20T12:30:00
M0255,2026-07-27T13:51:00
M0255,2026-07-27T19:55:00
M0255,2026-07-28T16:54:00
M0255,2026-07-30T06:22:00
M0255,2026-07-31T09:37:00
M0255,2026-08-01T11:16:00
M0255,2026-08-04T13:30:00
M0255,2026-08-08T12:16:00
M0255,2026-08-09T15:15:00
M0255,2026-08-11T19:28:00
M0255,2026-08-12T17:21:00
M0255,2026-08-13T15:00:00
M0255,2026-08-17T12:57:00
M0255,2026-08-18T17:15:00
M0255,2026-08-19T16:34:00
M0255,2026-08-26T12:34:00
M0255,2026-08-27T16:03:00
M0255,2026-08-28T11:33:00
M0255,2026-08-29T06:54:00
M0255,2026-08-29T08:37:00
M0255,2026-08-30T11:13:00
M0255,2026-09-04T08:27:00
M0255,2026-09-05T16:02:00
M0255,2026-09-06T11:17:00
M0255,2026-09-08T18:32:00
M0255,2026-09-11T20:26:00
M0256,2025-05-31T17:00:00
M0256,2025-06-15T06:04:00
M0256,2025-06-26T16:03:00
M0256,2025-07-06T13:13:00
M0256,2025-07-24T14:20:00
M0256,2025-07-29T12:28:00
M0256,2025-08-08T10:46:00
M0256,2025-08-09T17:14:00
M0256,2025-08-13T10:15:00
M0256,2025-08-16T12:48:00
M0256,2025-09-04T09:52:00
M0256,2025-09-04T16:02:00
M0256,2025-09-07T09:06:00
M0256,2025-09-11T15:17:00
M0256,2025-10-02T14:20:00
M0256,2025-10-05T14:14:00
M0256,2025-10-09T12:31:00
M0256,2025-10-13T07:12:00
M0256,2025-10-26T11:18:00
M0256,2025-10-27T20:42:00
M0256,2025-10-30T16:16:00
M0256,2025-11-21T18:45:00
M0256,2025-11-24T11:40:00
M0256,2025-12-07T07:05:00
M0256,2025-12-18T16:02:00
M0256,2026-01-05T18:22:00
M0256,2026-01-08T10:55:00
M0256,2026-01-23T06:36:00
M0256,2026-01-27T08:42:00
M0256,2026-01-29T10:04:00
M0256,2026-01-29T13:39:00
M0256,2026-01-31T08:20:00
M0256,2026-02-26T17:52:00
M0256,2026-03-05T06:46:00
M0256,2026-03-06T09:48:00
M0256,2026-04-04T08:15:00
M0256,2026-04-08T16:26:00
M0256,2026-04-09T14:45:00
M0256,2026-04-22T12:54:00
M0256,2026-05-06T06:40:00
M0256,2026-05-06T19:10:00
M0256,2026-05-09T17:33:00
M0256,2026-05-14T11:57:00
M0256,2026-05-23T07:57:00
M0256,2026-06-01T15:39:00
M0256,2026-06-01T18:53:00
M0256,2026-06-02T06:41:00
M0256,2026-06-13T13:35:00
M0256,2026-06-15T14:29:00
M0256,2026-06-30T10:42:00
M0256,2026-07-03T16:12:00
M0256,2026-07-12T14:06:00
M0256,2026-07-16T09:26:00
M0256,2026-07-20T08:44:00
M0256,2026-08-03T16:39:00
M0256,2026-08-08T15:42:00
M0256,2026-08-08T16:52:00
M0256,2026-08-19T17:00:00
M0256,2026-08-24T12:48:00
M0256,2026-08-31T20:00:00
M0256,2026-09-02T09:32:00
M0256,2026-09-09T07:22:00
M0257,2026-02-23T06:21:00
M0257,2026-03-02T19:28:00
M0257,2026-03-16T07:37:00
M0257,2026-03-16T19:28:00
M0257,2026-03-21T17:50:00
M0257,2026-03-24T14:38:00
M0257,2026-03-26T19:42:00
M0257,2026-03-28T14:28:00
M0257,2026-03-28T18:02:00
M0257,2026-04-02T09:03:00
M0257,2026-04-05T18:28:00
M0257,2026-04-12T06:22:00
M0257,2026-04-18T09:43:00
M0257,2026-04-21T15:48:00
M0257,2026-04-30T06:13:00
M0257,2026-05-04T06:24:00
M0257,2026-05-04T07:38:00
M0257,2026-05-04T13:33:00
M0257,2026-05-21T16:10:00
M0257,2026-05-24T18:38:00
M0257,2026-05-30T12:20:00
M0257,2026-05-31T18:56:00
M0257,2026-06-01T07:12:00
M0257,2026-06-01T16:59:00
M0257,2026-06-08T10:36:00
M0257,2026-06-14T17:23:00
M0257,2026-06-18T12:30:00
M0257,2026-06-19T17:47:00
M0257,2026-06-21T11:14:00
M0257,2026-06-27T11:28:00
M0257,2026-06-29T11:48:00
M0257,2026-07-05T16:51:00
M0257,2026-07-08T10:51:00
M0257,2026-07-16T14:34:00
M0257,2026-07-18T19:20:00
M0257,2026-07-25T17:26:00
M0257,2026-07-31T19:07:00
M0257,2026-07-31T19:33:00
M0257,2026-08-02T07:48:00
M0257,2026-08-04T06:45:00
M0257,2026-08-05T19:38:00
M0257,2026-08-09T17:27:00
M0257,2026-08-17T20:15:00
M0257,2026-08-27T09:34:00
M0257,2026-08-27T11:04:00
M0257,2026-08-30T13:27:00
M0257,2026-08-30T17:26:00
M0257,2026-09-06T06:42:00
M0257,2026-09-07T06:41:00
M0257,2026-09-07T18:55:00
M0258,2026-03-08T14:27:00
M0258,2026-03-13T09:58:00
M0258,2026-04-08T10:47:00
M0258,2026-04-22T20:22:00
M0258,2026-05-18T09:44:00
M0258,2026-05-23T19:13:00
M0258,2026-05-28T14:36:00
M0258,2026-06-13T09:19:00
M0258,2026-07-07T20:23:00
M0258,2026-07-18T10:49:00
M0258,2026-07-26T13:03:00
M0258,2026-08-02T07:20:00
M0258,2026-08-09T17:30:00
M0258,2026-08-13T14:40:00
M0258,2026-08-13T20:55:00
M0258,2026-08-22T12:12:00
M0258,2026-08-25T14:00:00
M0258,2026-09-03T16:12:00
M0258,2026-09-10T08:17:00
M0259,2025-05-31T17:16:00
M0259,2025-06-02T12:37:00
M0259,2025-07-05T12:46:00
M0259,2025-07-22T08:57:00
M0259,2025-07-31T16:30:00
M0259,2025-10-01T09:43:00
M0259,2025-10-26T11:41:00
M0259,2025-10-31T13:35:00
M0259,2026-04-07T13:48:00
M0260,2026-04-13T18:50:00
M0260,2026-04-17T18:44:00
M0260,2026-04-18T08:59:00
M0260,2026-04-18T09:08:00
M0260,2026-04-20T19:48:00
M0260,2026-04-26T12:11:00
M0260,2026-04-27T19:34:00
M0260,2026-04-29T09:43:00
M0260,2026-04-29T11:17:00
M0260,2026-05-01T08:20:00
M0260,2026-05-01T10:55:00
M0260,2026-05-01T11:17:00
M0260,2026-05-02T07:58:00
M0260,2026-05-05T07:16:00
M0260,2026-05-08T20:33:00
M0260,2026-05-12T06:12:00
M0260,2026-05-12T11:25:00
M0260,2026-05-12T14:09:00
M0260,2026-05-17T06:03:00
M0260,2026-05-21T13:12:00
M0260,2026-05-25T12:53:00
M0260,2026-05-27T13:37:00
M0260,2026-05-27T16:19:00
M0260,2026-05-28T11:28:00
M0260,2026-05-31T15:00:00
M0260,2026-05-31T18:34:00
M0260,2026-06-06T12:41:00
M0260,2026-06-07T14:37:00
M0260,2026-06-09T07:12:00
M0260,2026-06-09T18:47:00
M0260,2026-06-19T11:24:00
M0260,2026-06-19T12:11:00
M0260,2026-06-21T11:03:00
M0260,2026-06-21T14:26:00
M0260,2026-06-22T16:43:00
M0260,2026-06-24T13:24:00
M0260,2026-06-24T16:13:00
M0260,2026-06-26T19:55:00
M0260,2026-06-29T15:10:00
M0260,2026-07-03T08:13:00
M0260,2026-07-09T08:33:00
M0260,2026-07-09T20:56:00
M0260,2026-07-10T18:41:00
M0260,2026-07-11T10:25:00
M0260,2026-07-12T11:34:00
M0260,2026-07-14T07:25:00
M0260,2026-07-14T09:01:00
M0260,2026-07-18T09:25:00
M0260,2026-07-23T06:06:00
M0260,2026-07-23T08:47:00
M0260,2026-07-23T20:09:00
M0260,2026-07-24T18:00:00
M0260,2026-07-26T14:18:00
M0260,2026-07-28T09:44:00
M0260,2026-08-06T10:38:00
M0260,2026-08-10T14:52:00
M0260,2026-08-16T10:50:00
M0260,2026-08-17T12:51:00
M0260,2026-08-18T10:54:00
M0260,2026-08-21T07:40:00
M0260,2026-08-22T13:18:00
M0260,2026-08-25T07:03:00
M0260,2026-08-27T12:15:00
M0260,2026-08-29T17:06:00
M0260,2026-08-29T17:14:00
M0260,2026-08-30T16:02:00
M0260,2026-08-31T10:48:00
M0260,2026-08-31T14:40:00
M0260,2026-09-01T18:09:00
M0260,2026-09-02T13:39:00
M0260,2026-09-04T10:23:00
M0260,2026-09-06T11:19:00
M0260,2026-09-06T12:09:00
M0260,2026-09-06T12:27:00
M0260,2026-09-07T14:19:00
M0260,2026-09-08T20:36:00
M0260,2026-09-09T07:48:00
M0261,2025-05-28T10:26:00
M0261,2025-06-08T06:40:00
M0261,2025-06-11T13:16:00
M0261,2025-06-19T14:53:00
M0261,2025-06-22T16:21:00
M0261,2025-06-30T15:06:00
M0261,2025-07-04T10:04:00
M0261,2025-07-08T08:57:00
M0261,2025-07-08T17:24:00
M0261,2025-07-09T12:24:00
M0261,2025-07-14T13:34:00
M0261,2025-07-17T19:52:00
M0261,2025-07-17T20:04:00
M0261,2025-07-19T19:59:00
M0261,2025-07-20T10:20:00
M0261,2025-07-26T11:03:00
M0261,2025-08-12T08:58:00
M0261,2025-08-21T18:33:00
M0261,2025-08-25T10:09:00
M0261,2025-08-31T09:22:00
M0261,2025-09-05T17:16:00
M0261,2025-09-13T07:51:00
M0261,2025-09-16T19:00:00
M0261,2025-09-17T16:59:00
M0261,2025-10-01T16:29:00
M0261,2025-10-07T08:39:00
M0261,2025-10-26T11:01:00
M0261,2025-11-06T09:42:00
M0261,2025-11-17T06:22:00
M0261,2025-11-24T20:47:00
M0261,2025-11-26T19:27:00
M0261,2025-11-29T13:06:00
M0261,2025-12-05T14:21:00
M0261,2025-12-18T20:14:00
M0261,2025-12-22T09:49:00
M0261,2025-12-24T10:29:00
M0261,2025-12-24T13:48:00
M0261,2026-01-04T18:20:00
M0261,2026-01-16T10:47:00
M0261,2026-01-20T07:10:00
M0261,2026-01-25T20:51:00
M0261,2026-02-05T10:48:00
M0261,2026-02-10T14:44:00
M0261,2026-02-24T15:11:00
M0261,2026-02-26T06:52:00
M0261,2026-03-03T08:32:00
M0261,2026-03-04T11:50:00
M0261,2026-03-09T20:35:00
M0261,2026-03-23T08:03:00
M0261,2026-03-29T15:55:00
M0261,2026-04-01T19:28:00
M0261,2026-04-06T11:08:00
M0261,2026-04-07T12:35:00
M0261,2026-04-08T07:52:00
M0261,2026-04-16T12:38:00
M0261,2026-04-25T08:21:00
M0261,2026-05-06T19:20:00
M0261,2026-05-12T06:30:00
M0261,2026-06-08T09:45:00
M0261,2026-06-11T10:47:00
M0261,2026-06-21T07:14:00
M0261,2026-06-21T10:15:00
M0261,2026-06-24T09:52:00
M0261,2026-06-29T18:10:00
M0261,2026-07-03T06:47:00
M0261,2026-07-21T08:31:00
M0261,2026-07-31T15:25:00
M0261,2026-08-20T14:14:00
M0261,2026-08-23T10:18:00
M0261,2026-08-25T08:50:00
M0261,2026-09-09T18:58:00
M0262,2026-03-04T14:01:00
M0262,2026-03-07T09:01:00
M0262,2026-04-07T12:40:00
M0262,2026-05-24T19:06:00
M0262,2026-06-14T14:26:00
M0262,2026-06-24T09:53:00
M0262,2026-07-11T15:41:00
M0262,2026-08-14T14:20:00
M0262,2026-08-20T06:21:00
M0263,2025-07-12T13:31:00
M0263,2025-07-15T08:58:00
M0263,2025-07-26T07:03:00
M0263,2025-08-03T10:16:00
M0263,2025-08-04T15:44:00
M0263,2025-08-05T06:30:00
M0263,2025-08-09T15:06:00
M0263,2025-08-13T07:30:00
M0263,2025-08-15T09:45:00
M0263,2025-08-15T13:16:00
M0263,2025-08-21T17:00:00
M0263,2025-08-24T11:25:00
M0263,2025-08-26T16:56:00
M0263,2025-09-02T17:17:00
M0263,2025-09-16T12:21:00
M0263,2025-09-24T20:31:00
M0263,2025-09-25T09:30:00
M0263,2025-09-28T18:17:00
M0263,2025-09-30T12:25:00
M0263,2025-10-06T06:28:00
M0263,2025-10-11T09:25:00
M0263,2025-10-13T17:03:00
M0263,2025-10-16T10:54:00
M0263,2025-10-24T08:00:00
M0263,2025-10-30T13:16:00
M0263,2025-10-31T09:27:00
M0263,2025-11-04T07:34:00
M0263,2025-11-04T15:13:00
M0263,2025-11-11T16:09:00
M0263,2025-11-16T19:54:00
M0263,2025-11-22T18:34:00
M0263,2025-12-03T15:40:00
M0263,2025-12-14T06:19:00
M0263,2025-12-20T15:15:00
M0263,2025-12-22T06:08:00
M0263,2025-12-25T11:07:00
M0263,2025-12-29T15:49:00
M0263,2026-01-05T11:08:00
M0263,2026-01-07T11:30:00
M0263,2026-01-12T14:18:00
M0263,2026-01-14T20:27:00
M0263,2026-01-23T12:12:00
M0263,2026-01-24T16:47:00
M0263,2026-01-27T20:03:00
M0263,2026-01-30T13:20:00
M0263,2026-02-02T13:33:00
M0263,2026-02-14T10:53:00
M0263,2026-02-14T11:15:00
M0263,2026-02-16T12:56:00
M0263,2026-02-18T14:04:00
M0263,2026-02-21T06:13:00
M0263,2026-02-21T18:39:00
M0263,2026-02-22T08:39:00
M0263,2026-02-26T20:32:00
M0263,2026-03-03T18:22:00
M0263,2026-03-07T15:23:00
M0263,2026-03-07T17:44:00
M0263,2026-03-19T12:02:00
M0263,2026-03-29T09:11:00
M0263,2026-03-31T16:34:00
M0263,2026-04-07T18:35:00
M0263,2026-04-09T13:56:00
M0263,2026-04-17T10:39:00
M0263,2026-04-18T10:45:00
M0263,2026-04-23T06:05:00
M0263,2026-04-30T15:31:00
M0263,2026-05-11T11:17:00
M0263,2026-05-13T13:12:00
M0263,2026-05-14T17:19:00
M0263,2026-05-20T19:41:00
M0263,2026-05-25T19:29:00
M0263,2026-05-29T10:48:00
M0263,2026-06-02T12:29:00
M0263,2026-06-02T15:02:00
M0263,2026-06-16T07:38:00
M0263,2026-06-21T11:52:00
M0263,2026-06-25T12:55:00
M0263,2026-06-28T15:30:00
M0263,2026-06-29T07:49:00
M0263,2026-06-29T09:39:00
M0263,2026-07-03T16:12:00
M0263,2026-07-16T16:16:00
M0263,2026-07-17T11:30:00
M0263,2026-07-25T20:57:00
M0263,2026-07-27T14:57:00
M0263,2026-08-13T17:37:00
M0263,2026-08-14T10:51:00
M0263,2026-08-14T17:43:00
M0263,2026-08-14T20:03:00
M0263,2026-08-16T20:13:00
M0263,2026-08-17T15:40:00
M0263,2026-08-17T20:20:00
M0263,2026-08-18T19:47:00
M0263,2026-08-21T13:54:00
M0263,2026-08-26T14:42:00
M0263,2026-08-26T20:10:00
M0263,2026-08-27T07:57:00
M0263,2026-09-02T13:51:00
M0263,2026-09-03T14:29:00
M0263,2026-09-11T16:46:00
M0264,2026-02-18T13:35:00
M0264,2026-02-18T14:54:00
M0264,2026-02-21T12:28:00
M0264,2026-02-23T08:24:00
M0264,2026-02-25T18:30:00
M0264,2026-03-07T08:35:00
M0264,2026-03-10T19:49:00
M0264,2026-03-13T19:07:00
M0264,2026-03-15T07:35:00
M0264,2026-03-17T19:31:00
M0264,2026-03-21T19:34:00
M0264,2026-03-22T14:39:00
M0264,2026-03-27T11:58:00
M0264,2026-04-03T16:37:00
M0264,2026-04-04T08:16:00
M0264,2026-04-06T15:56:00
M0264,2026-04-23T06:40:00
M0264,2026-04-24T10:06:00
M0264,2026-04-25T14:49:00
M0264,2026-04-25T17:22:00
M0264,2026-04-29T20:23:00
M0264,2026-05-05T06:45:00
M0264,2026-05-05T13:45:00
M0264,2026-05-07T20:26:00
M0264,2026-05-10T10:13:00
M0264,2026-05-12T07:33:00
M0264,2026-05-13T11:36:00
M0264,2026-05-14T13:01:00
M0264,2026-05-21T19:07:00
M0264,2026-05-28T18:39:00
M0264,2026-05-29T17:59:00
M0264,2026-05-31T10:16:00
M0264,2026-06-07T07:17:00
M0264,2026-06-15T06:47:00
M0264,2026-06-20T10:00:00
M0264,2026-07-02T06:09:00
M0264,2026-07-04T10:02:00
M0264,2026-07-05T13:23:00
M0264,2026-07-06T06:46:00
M0264,2026-07-07T18:55:00
M0264,2026-07-13T13:49:00
M0264,2026-07-16T10:49:00
M0264,2026-07-24T12:33:00
M0264,2026-07-24T13:10:00
M0264,2026-08-01T08:11:00
M0264,2026-08-01T14:32:00
M0264,2026-08-01T18:19:00
M0264,2026-08-01T20:21:00
M0264,2026-08-18T13:59:00
M0264,2026-08-18T17:17:00
M0264,2026-08-26T15:45:00
M0264,2026-08-27T15:52:00
M0264,2026-08-29T15:09:00
M0264,2026-09-04T13:44:00
M0264,2026-09-06T11:07:00
M0264,2026-09-06T19:41:00
M0264,2026-09-08T18:26:00
M0265,2025-11-04T14:44:00
M0265,2025-11-05T20:03:00
M0265,2025-11-10T13:58:00
M0265,2025-11-10T17:15:00
M0265,2025-11-11T17:20:00
M0265,2025-11-12T18:27:00
M0265,2025-11-13T15:47:00
M0265,2025-11-17T08:22:00
M0265,2025-11-17T17:37:00
M0265,2025-11-21T09:45:00
M0265,2025-11-22T07:35:00
M0265,2025-11-24T18:31:00
M0265,2025-12-05T20:14:00
M0265,2025-12-06T06:49:00
M0265,2025-12-08T07:30:00
M0265,2025-12-10T20:10:00
M0265,2025-12-12T12:50:00
M0265,2025-12-15T06:16:00
M0265,2025-12-17T06:18:00
M0265,2025-12-17T09:57:00
M0265,2025-12-17T12:43:00
M0265,2025-12-20T11:09:00
M0265,2025-12-20T18:00:00
M0265,2025-12-20T19:31:00
M0265,2025-12-27T07:09:00
M0265,2025-12-31T13:27:00
M0265,2026-01-01T17:20:00
M0265,2026-01-03T15:45:00
M0265,2026-01-05T17:29:00
M0265,2026-01-07T12:55:00
M0265,2026-01-08T17:29:00
M0265,2026-01-13T18:18:00
M0265,2026-01-14T13:58:00
M0265,2026-01-15T15:46:00
M0265,2026-01-18T14:40:00
M0265,2026-01-18T20:01:00
M0265,2026-01-19T10:13:00
M0265,2026-01-22T07:25:00
M0265,2026-01-24T06:09:00
M0265,2026-01-24T08:59:00
M0265,2026-01-26T09:36:00
M0265,2026-01-26T11:19:00
M0265,2026-01-26T12:29:00
M0265,2026-01-27T08:54:00
M0265,2026-01-28T11:32:00
M0265,2026-01-30T12:17:00
M0265,2026-01-31T08:21:00
M0265,2026-02-06T12:51:00
M0265,2026-02-07T06:52:00
M0265,2026-02-07T20:32:00
M0265,2026-02-12T16:02:00
M0265,2026-02-13T17:50:00
M0265,2026-02-15T06:25:00
M0265,2026-02-16T09:27:00
M0265,2026-02-16T20:06:00
M0265,2026-02-23T11:02:00
M0265,2026-02-23T19:11:00
M0265,2026-02-26T10:01:00
M0265,2026-02-28T20:04:00
M0265,2026-03-09T15:55:00
M0265,2026-03-11T19:52:00
M0265,2026-03-14T09:05:00
M0265,2026-03-17T08:09:00
M0265,2026-03-17T18:43:00
M0265,2026-03-23T12:24:00
M0265,2026-03-27T10:41:00
M0265,2026-03-28T12:25:00
M0265,2026-04-01T11:14:00
M0265,2026-04-03T08:40:00
M0265,2026-04-06T16:11:00
M0265,2026-04-13T07:44:00
M0265,2026-04-14T12:36:00
M0265,2026-04-16T17:10:00
M0265,2026-04-17T09:21:00
M0265,2026-04-19T17:27:00
M0265,2026-04-29T13:35:00
M0265,2026-05-07T14:02:00
M0265,2026-05-10T20:04:00
M0265,2026-05-11T06:23:00
M0265,2026-05-15T13:14:00
M0265,2026-05-21T07:14:00
M0265,2026-05-23T18:51:00
M0265,2026-05-30T19:35:00
M0265,2026-06-08T14:24:00
M0265,2026-06-09T20:58:00
M0265,2026-06-17T06:28:00
M0265,2026-06-17T17:22:00
M0265,2026-06-19T11:21:00
M0265,2026-06-20T07:20:00
M0265,2026-06-23T11:08:00
M0265,2026-06-24T11:10:00
M0265,2026-06-28T11:02:00
M0265,2026-06-29T11:31:00
M0265,2026-07-05T12:34:00
M0265,2026-07-10T10:05:00
M0265,2026-07-11T20:51:00
M0265,2026-07-16T18:12:00
M0265,2026-07-17T20:43:00
M0265,2026-07-19T15:53:00
M0265,2026-07-26T12:41:00
M0265,2026-07-28T17:34:00
M0265,2026-07-30T20:59:00
M0265,2026-07-31T14:25:00
M0265,2026-08-01T09:20:00
M0265,2026-08-02T08:55:00
M0265,2026-08-05T11:05:00
M0265,2026-08-07T16:22:00
M0265,2026-08-08T06:02:00
M0265,2026-08-08T16:11:00
M0265,2026-08-15T18:48:00
M0265,2026-08-16T19:48:00
M0265,2026-08-22T17:23:00
M0265,2026-08-26T19:37:00
M0265,2026-08-27T13:56:00
M0265,2026-09-04T09:04:00
M0265,2026-09-06T10:37:00
M0266,2025-10-22T18:05:00
M0266,2025-10-29T10:43:00
M0266,2025-11-05T07:20:00
M0266,2025-11-10T17:51:00
M0266,2025-11-12T18:21:00
M0266,2025-11-17T08:51:00
M0266,2025-11-17T08:54:00
M0266,2025-11-21T18:16:00
M0266,2025-11-28T16:32:00
M0266,2025-11-29T13:02:00
M0266,2025-11-30T06:06:00
M0266,2025-11-30T08:37:00
M0266,2025-12-02T14:44:00
M0266,2025-12-12T13:04:00
M0266,2025-12-18T14:34:00
M0266,2025-12-23T06:49:00
M0266,2025-12-27T14:38:00
M0266,2026-01-02T10:15:00
M0266,2026-01-06T14:42:00
M0266,2026-01-07T18:50:00
M0266,2026-01-16T17:52:00
M0266,2026-01-17T20:55:00
M0266,2026-01-23T20:07:00
M0266,2026-01-24T08:57:00
M0266,2026-02-04T14:07:00
M0266,2026-02-25T18:59:00
M0266,2026-02-26T09:00:00
M0266,2026-03-01T11:54:00
M0266,2026-03-05T14:51:00
M0266,2026-03-05T15:55:00
M0266,2026-03-06T06:33:00
M0266,2026-03-07T06:20:00
M0266,2026-03-20T20:32:00
M0266,2026-03-22T14:07:00
M0266,2026-03-31T06:12:00
M0266,2026-04-06T10:45:00
M0266,2026-04-19T14:53:00
M0266,2026-04-25T06:21:00
M0266,2026-05-08T07:44:00
M0266,2026-06-05T20:03:00
M0266,2026-06-09T12:45:00
M0266,2026-06-22T11:41:00
M0266,2026-07-16T17:52:00
M0266,2026-07-17T12:51:00
M0266,2026-07-19T16:11:00
M0266,2026-07-25T15:37:00
M0266,2026-08-02T18:15:00
M0266,2026-08-09T07:26:00
M0266,2026-08-18T12:01:00
M0266,2026-08-21T12:36:00
M0266,2026-08-24T16:04:00
M0266,2026-08-24T20:56:00
M0266,2026-08-25T20:27:00
M0266,2026-09-02T19:27:00
M0267,2025-09-01T19:51:00
M0267,2025-09-07T15:32:00
M0267,2025-09-18T14:50:00
M0267,2025-09-23T07:54:00
M0267,2025-09-24T17:20:00
M0267,2025-09-25T10:37:00
M0267,2025-10-04T12:00:00
M0267,2025-10-10T09:14:00
M0267,2025-10-16T15:09:00
M0267,2025-10-17T17:53:00
M0267,2025-10-19T17:27:00
M0267,2025-10-26T12:43:00
M0267,2025-10-26T13:45:00
M0267,2025-11-06T07:48:00
M0267,2025-11-17T12:22:00
M0267,2025-11-29T06:18:00
M0267,2025-12-01T19:55:00
M0267,2025-12-02T16:06:00
M0267,2025-12-13T20:32:00
M0267,2025-12-15T10:41:00
M0267,2025-12-16T15:22:00
M0267,2025-12-16T16:48:00
M0267,2025-12-18T06:19:00
M0267,2025-12-26T12:17:00
M0267,2026-01-11T06:33:00
M0267,2026-01-19T08:56:00
M0267,2026-01-27T20:20:00
M0267,2026-01-28T17:59:00
M0267,2026-01-31T18:56:00
M0267,2026-02-07T18:08:00
M0267,2026-02-09T08:17:00
M0267,2026-02-09T12:16:00
M0267,2026-02-11T14:58:00
M0267,2026-02-12T09:01:00
M0267,2026-02-20T20:11:00
M0267,2026-03-02T07:57:00
M0267,2026-03-14T16:55:00
M0267,2026-03-24T11:52:00
M0267,2026-03-26T20:49:00
M0267,2026-04-05T13:16:00
M0267,2026-04-19T14:25:00
M0267,2026-05-08T14:47:00
M0267,2026-05-08T17:20:00
M0267,2026-05-21T14:12:00
M0267,2026-06-09T09:19:00
M0267,2026-06-12T14:14:00
M0267,2026-06-21T10:40:00
M0267,2026-06-25T20:17:00
M0267,2026-07-02T08:43:00
M0267,2026-07-22T13:32:00
M0267,2026-08-04T11:36:00
M0267,2026-08-07T15:11:00
M0267,2026-08-11T20:32:00
M0267,2026-08-21T12:39:00
M0267,2026-09-07T11:24:00
M0268,2025-11-15T09:26:00
M0268,2025-11-25T09:05:00
M0268,2025-11-27T08:30:00
M0268,2025-11-30T09:57:00
M0268,2025-12-07T07:34:00
M0268,2025-12-13T15:47:00
M0268,2025-12-16T17:48:00
M0268,2025-12-21T11:40:00
M0268,2025-12-22T19:35:00
M0268,2025-12-26T08:57:00
M0268,2026-01-01T17:49:00
M0268,2026-01-08T19:08:00
M0268,2026-01-08T20:52:00
M0268,2026-01-13T06:05:00
M0268,2026-01-15T13:31:00
M0268,2026-01-16T16:01:00
M0268,2026-01-26T08:36:00
M0268,2026-01-30T08:47:00
M0268,2026-02-01T11:55:00
M0268,2026-02-09T16:48:00
M0268,2026-02-17T10:17:00
M0268,2026-02-23T09:49:00
M0268,2026-03-01T07:56:00
M0268,2026-03-01T16:13:00
M0268,2026-03-11T09:39:00
M0268,2026-03-12T16:18:00
M0268,2026-03-13T06:47:00
M0268,2026-03-14T08:15:00
M0268,2026-03-18T17:07:00
M0268,2026-03-19T14:27:00
M0268,2026-03-19T16:47:00
M0268,2026-03-30T13:54:00
M0268,2026-03-31T16:03:00
M0268,2026-04-06T12:40:00
M0268,2026-04-06T13:41:00
M0268,2026-04-06T17:16:00
M0268,2026-04-08T08:48:00
M0268,2026-04-10T17:59:00
M0268,2026-04-17T07:42:00
M0268,2026-04-23T06:18:00
M0268,2026-04-24T14:14:00
M0268,2026-05-05T10:15:00
M0268,2026-05-13T13:54:00
M0268,2026-05-29T18:05:00
M0268,2026-06-02T08:25:00
M0268,2026-06-15T17:30:00
M0268,2026-06-17T14:28:00
M0268,2026-06-25T15:48:00
M0268,2026-07-04T08:20:00
M0268,2026-07-04T15:14:00
M0268,2026-07-04T19:59:00
M0268,2026-07-05T16:14:00
M0268,2026-07-08T20:18:00
M0268,2026-07-14T08:08:00
M0268,2026-07-19T08:23:00
M0268,2026-07-23T13:30:00
M0268,2026-07-27T13:16:00
M0268,2026-07-27T18:11:00
M0268,2026-08-02T06:10:00
M0268,2026-08-02T13:43:00
M0268,2026-08-07T16:51:00
M0268,2026-08-16T08:05:00
M0268,2026-08-18T14:56:00
M0268,2026-08-21T20:59:00
M0268,2026-08-30T14:19:00
M0268,2026-08-31T06:14:00
M0268,2026-09-08T09:37:00
M0268,2026-09-09T12:12:00
M0269,2025-05-24T16:32:00
M0269,2025-05-28T15:19:00
M0269,2025-05-29T20:24:00
M0269,2025-06-01T18:30:00
M0269,2025-06-07T09:08:00
M0269,2025-06-09T08:33:00
M0269,2025-06-09T17:46:00
M0269,2025-06-11T09:43:00
M0269,2025-06-13T20:20:00
M0269,2025-06-14T12:05:00
M0269,2025-06-17T16:03:00
M0269,2025-06-29T15:18:00
M0269,2025-06-29T17:28:00
M0269,2025-07-01T13:33:00
M0269,2025-07-01T17:41:00
M0269,2025-07-02T12:45:00
M0269,2025-07-04T17:26:00
M0269,2025-07-07T18:27:00
M0269,2025-07-07T18:36:00
M0269,2025-07-08T18:04:00
M0269,2025-07-08T20:05:00
M0269,2025-07-14T11:39:00
M0269,2025-07-15T10:49:00
M0269,2025-07-16T09:55:00
M0269,2025-07-21T08:45:00
M0269,2025-07-22T11:50:00
M0269,2025-07-24T07:45:00
M0269,2025-07-31T07:39:00
M0269,2025-08-02T13:13:00
M0269,2025-08-03T08:14:00
M0269,2025-08-03T13:36:00
M0269,2025-08-04T11:47:00
M0269,2025-08-05T11:40:00
M0269,2025-08-10T08:25:00
M0269,2025-08-12T09:32:00
M0269,2025-08-20T15:24:00
M0269,2025-08-27T11:18:00
M0269,2025-08-27T15:39:00
M0269,2025-08-31T14:40:00
M0269,2025-08-31T16:29:00
M0269,2025-09-01T07:45:00
M0269,2025-09-02T08:51:00
M0269,2025-09-03T18:08:00
M0269,2025-09-04T06:35:00
M0269,2025-09-09T16:07:00
M0269,2025-09-11T18:01:00
M0269,2025-09-18T17:16:00
M0269,2025-09-26T11:05:00
M0269,2025-09-26T14:52:00
M0269,2025-09-28T16:26:00
M0269,2025-09-29T06:25:00
M0269,2025-10-04T13:20:00
M0269,2025-10-11T19:37:00
M0269,2025-10-13T11:06:00
M0269,2025-10-22T18:48:00
M0269,2025-10-23T15:44:00
M0269,2025-10-26T13:06:00
M0269,2025-10-28T17:50:00
M0269,2025-10-28T18:00:00
M0269,2025-11-06T17:16:00
M0269,2025-11-11T11:32:00
M0269,2025-11-11T14:00:00
M0269,2025-11-18T13:57:00
M0269,2025-11-21T10:10:00
M0269,2025-11-25T08:30:00
M0269,2025-12-03T16:57:00
M0269,2025-12-07T12:22:00
M0269,2025-12-09T10:56:00
M0269,2025-12-09T17:37:00
M0269,2025-12-15T09:54:00
M0269,2025-12-15T10:52:00
M0269,2025-12-16T16:08:00
M0269,2025-12-18T11:07:00
M0269,2025-12-27T07:11:00
M0269,2025-12-28T07:37:00
M0269,2025-12-28T08:47:00
M0269,2026-01-02T11:14:00
M0269,2026-01-03T09:48:00
M0269,2026-01-04T13:23:00
M0269,2026-01-06T09:55:00
M0269,2026-01-06T13:43:00
M0269,2026-01-09T10:57:00
M0269,2026-01-09T12:51:00
M0269,2026-01-11T13:28:00
M0269,2026-01-13T18:52:00
M0269,2026-01-14T18:21:00
M0269,2026-01-17T06:13:00
M0269,2026-01-17T17:41:00
M0269,2026-01-19T19:30:00
M0269,2026-01-20T07:00:00
M0269,2026-01-29T10:00:00
M0269,2026-02-02T13:38:00
M0269,2026-02-05T13:53:00
M0269,2026-02-05T16:57:00
M0269,2026-02-08T20:30:00
M0269,2026-02-10T15:38:00
M0269,2026-02-10T16:11:00
M0269,2026-02-11T12:05:00
M0269,2026-02-11T14:01:00
M0269,2026-02-14T12:25:00
M0269,2026-02-24T12:38:00
M0269,2026-02-25T13:53:00
M0269,2026-02-27T18:54:00
M0269,2026-03-03T07:29:00
M0269,2026-03-03T10:30:00
M0269,2026-03-05T18:59:00
M0269,2026-03-06T10:49:00
M0269,2026-03-13T11:24:00
M0269,2026-03-15T14:42:00
M0269,2026-03-24T06:13:00
M0269,2026-03-25T09:50:00
M0269,2026-03-27T11:48:00
M0269,2026-03-27T12:59:00
M0269,2026-03-28T11:34:00
M0269,2026-03-28T17:09:00
M0269,2026-03-29T13:13:00
M0269,2026-03-29T17:47:00
M0269,2026-04-01T20:36:00
M0269,2026-04-09T17:03:00
M0269,2026-04-11T17:00:00
M0269,2026-04-12T14:48:00
M0269,2026-04-13T17:14:00
M0269,2026-04-14T13:11:00
M0269,2026-04-14T15:19:00
M0269,2026-04-15T13:53:00
M0269,2026-04-19T10:46:00
M0269,2026-04-19T17:43:00
M0269,2026-04-23T08:43:00
M0269,2026-04-26T07:16:00
M0269,2026-05-04T17:40:00
M0269,2026-05-08T07:49:00
M0269,2026-05-12T12:42:00
M0269,2026-05-13T15:13:00
M0269,2026-05-16T10:14:00
M0269,2026-05-16T12:44:00
M0269,2026-05-18T12:11:00
M0269,2026-05-20T20:28:00
M0269,2026-05-21T15:20:00
M0269,2026-05-25T19:48:00
M0269,2026-05-28T16:38:00
M0269,2026-06-04T16:25:00
M0269,2026-06-05T12:09:00
M0269,2026-06-07T09:01:00
M0269,2026-06-09T20:07:00
M0269,2026-06-10T11:25:00
M0269,2026-06-13T06:28:00
M0269,2026-06-16T07:24:00
M0269,2026-06-17T06:22:00
M0269,2026-06-22T13:55:00
M0269,2026-06-23T18:45:00
M0269,2026-06-29T07:05:00
M0269,2026-07-01T10:53:00
M0269,2026-07-01T16:03:00
M0269,2026-07-03T17:41:00
M0269,2026-07-04T18:55:00
M0269,2026-07-07T16:42:00
M0269,2026-07-07T17:30:00
M0269,2026-07-08T09:55:00
M0269,2026-07-12T11:59:00
M0269,2026-07-14T09:38:00
M0269,2026-07-17T13:59:00
M0269,2026-07-21T20:10:00
M0269,2026-07-22T18:38:00
M0269,2026-07-23T11:23:00
M0269,2026-07-25T15:47:00
M0269,2026-07-26T13:44:00
M0269,2026-07-27T12:28:00
M0269,2026-07-30T13:05:00
M0269,2026-08-01T14:37:00
M0269,2026-08-03T17:49:00
M0269,2026-08-07T17:37:00
M0269,2026-08-10T12:38:00
M0269,2026-08-13T11:18:00
M0269,2026-08-18T14:11:00
M0269,2026-08-19T15:59:00
M0269,2026-08-20T16:08:00
M0269,2026-08-26T13:00:00
M0269,2026-08-27T09:08:00
M0269,2026-08-31T09:13:00
M0269,2026-09-02T17:52:00
M0269,2026-09-11T13:52:00
M0270,2026-03-06T15:04:00
M0270,2026-03-12T10:11:00
M0270,2026-05-29T16:41:00
M0271,2025-07-15T14:38:00
M0271,2025-07-21T08:14:00
M0271,2025-08-15T11:23:00
M0271,2025-09-01T17:34:00
M0271,2025-09-09T14:31:00
M0271,2025-10-10T06:55:00
M0271,2025-10-15T09:00:00
M0271,2025-12-06T08:35:00
M0271,2025-12-06T16:09:00
M0271,2026-02-28T19:45:00
M0271,2026-06-22T15:59:00
M0271,2026-07-13T18:15:00
M0271,2026-07-28T08:34:00
M0272,2025-12-25T12:33:00
M0272,2025-12-29T10:54:00
M0272,2026-01-03T10:43:00
M0272,2026-01-05T13:17:00
M0272,2026-01-09T11:02:00
M0272,2026-01-10T16:09:00
M0272,2026-01-14T14:22:00
M0272,2026-01-18T09:06:00
M0272,2026-01-19T16:03:00
M0272,2026-01-20T06:59:00
M0272,2026-01-24T17:19:00
M0272,2026-01-25T13:20:00
M0272,2026-01-25T14:03:00
M0272,2026-01-27T20:22:00
M0272,2026-01-28T16:00:00
M0272,2026-01-30T14:00:00
M0272,2026-02-02T11:34:00
M0272,2026-02-03T06:47:00
M0272,2026-02-04T06:35:00
M0272,2026-02-09T14:56:00
M0272,2026-02-09T19:26:00
M0272,2026-02-14T09:53:00
M0272,2026-02-14T12:05:00
M0272,2026-02-14T15:31:00
M0272,2026-02-15T09:28:00
M0272,2026-02-15T18:49:00
M0272,2026-02-16T14:27:00
M0272,2026-02-17T10:16:00
M0272,2026-02-19T09:19:00
M0272,2026-02-20T09:59:00
M0272,2026-02-20T12:48:00
M0272,2026-02-21T18:40:00
M0272,2026-02-27T17:36:00
M0272,2026-02-28T09:12:00
M0272,2026-02-28T15:57:00
M0272,2026-03-03T08:09:00
M0272,2026-03-03T13:28:00
M0272,2026-03-09T12:58:00
M0272,2026-03-10T19:59:00
M0272,2026-03-12T14:07:00
M0272,2026-03-19T13:18:00
M0272,2026-03-20T06:11:00
M0272,2026-03-22T20:04:00
M0272,2026-03-26T14:56:00
M0272,2026-03-27T11:03:00
M0272,2026-03-30T13:15:00
M0272,2026-04-01T10:30:00
M0272,2026-04-01T15:30:00
M0272,2026-04-02T18:26:00
M0272,2026-04-03T08:07:00
M0272,2026-04-03T20:40:00
M0272,2026-04-05T10:00:00
M0272,2026-04-07T20:41:00
M0272,2026-04-10T15:31:00
M0272,2026-04-12T07:17:00
M0272,2026-04-12T12:10:00
M0272,2026-04-17T15:07:00
M0272,2026-04-18T06:36:00
M0272,2026-04-18T09:26:00
M0272,2026-04-19T14:05:00
M0272,2026-04-19T18:47:00
M0272,2026-04-30T15:28:00
M0272,2026-05-02T12:23:00
M0272,2026-05-02T17:14:00
M0272,2026-05-02T18:19:00
M0272,2026-05-04T14:33:00
M0272,2026-05-08T14:28:00
M0272,2026-05-11T11:57:00
M0272,2026-05-11T15:43:00
M0272,2026-05-12T10:32:00
M0272,2026-05-18T19:23:00
M0272,2026-05-20T18:40:00
M0272,2026-05-22T10:50:00
M0272,2026-05-23T07:15:00
M0272,2026-05-23T07:58:00
M0272,2026-05-24T14:16:00
M0272,2026-05-25T15:59:00
M0272,2026-05-30T09:54:00
M0272,2026-05-31T11:11:00
M0272,2026-06-05T09:28:00
M0272,2026-06-05T13:16:00
M0272,2026-06-06T13:30:00
M0272,2026-06-11T09:32:00
M0272,2026-06-12T14:29:00
M0272,2026-06-13T11:24:00
M0272,2026-06-15T08:05:00
M0272,2026-06-16T07:50:00
M0272,2026-06-24T20:35:00
M0272,2026-06-30T20:39:00
M0272,2026-07-03T13:37:00
M0272,2026-07-05T13:21:00
M0272,2026-07-07T15:53:00
M0272,2026-07-13T08:52:00
M0272,2026-07-14T09:08:00
M0272,2026-07-14T16:34:00
M0272,2026-07-19T06:40:00
M0272,2026-07-22T11:18:00
M0272,2026-07-22T11:37:00
M0272,2026-07-24T17:07:00
M0272,2026-07-28T06:58:00
M0272,2026-07-31T06:20:00
M0272,2026-07-31T14:23:00
M0272,2026-08-01T09:24:00
M0272,2026-08-02T09:17:00
M0272,2026-08-03T15:04:00
M0272,2026-08-07T20:11:00
M0272,2026-08-14T12:08:00
M0272,2026-08-20T09:39:00
M0272,2026-08-25T13:06:00
M0272,2026-08-25T16:47:00
M0272,2026-08-26T18:48:00
M0272,2026-08-27T09:56:00
M0272,2026-09-03T11:56:00
M0272,2026-09-05T11:15:00
M0272,2026-09-07T11:39:00
M0272,2026-09-08T09:56:00
M0273,2026-07-17T13:32:00
M0273,2026-08-03T18:44:00
M0273,2026-08-07T19:35:00
M0273,2026-08-22T13:12:00
M0275,2025-10-23T16:41:00
M0275,2025-10-29T20:48:00
M0275,2025-11-01T10:23:00
M0275,2025-12-16T06:28:00
M0275,2025-12-16T08:38:00
M0275,2025-12-21T08:39:00
M0275,2025-12-23T18:47:00
M0275,2026-01-08T16:05:00
M0275,2026-01-15T20:28:00
M0275,2026-01-19T09:45:00
M0275,2026-01-30T17:09:00
M0275,2026-02-15T11:09:00
M0275,2026-03-01T14:10:00
M0275,2026-04-04T10:24:00
M0275,2026-05-01T06:21:00
M0275,2026-05-25T10:42:00
M0275,2026-06-04T17:22:00
M0275,2026-06-18T13:28:00
M0275,2026-06-21T13:07:00
M0275,2026-07-18T09:37:00
M0275,2026-07-20T19:49:00
M0275,2026-08-25T18:28:00
M0275,2026-08-28T10:51:00
M0275,2026-09-08T11:35:00
M0276,2025-11-05T13:21:00
M0276,2025-11-17T11:48:00
M0276,2025-11-20T17:35:00
M0276,2025-12-09T06:23:00
M0276,2026-01-01T17:25:00
M0276,2026-01-16T15:40:00
M0276,2026-04-04T08:27:00
M0276,2026-04-05T09:55:00
M0276,2026-04-05T11:02:00
M0276,2026-04-14T13:47:00
M0276,2026-06-08T06:22:00
M0276,2026-07-08T18:12:00
M0276,2026-08-02T12:28:00
M0276,2026-08-04T06:26:00
M0276,2026-08-20T07:49:00
M0277,2025-09-13T09:28:00
M0277,2025-09-17T14:59:00
M0277,2025-10-27T20:52:00
M0277,2025-11-17T18:09:00
M0277,2026-04-30T10:46:00
M0278,2025-12-11T06:53:00
M0278,2026-07-30T11:33:00
M0279,2026-03-02T12:28:00
M0279,2026-03-03T09:34:00
M0279,2026-03-05T12:21:00
M0279,2026-03-07T12:02:00
M0279,2026-03-11T20:22:00
M0279,2026-03-12T13:30:00
M0279,2026-03-13T11:28:00
M0279,2026-03-15T09:47:00
M0279,2026-03-16T10:02:00
M0279,2026-03-16T11:47:00
M0279,2026-03-18T07:51:00
M0279,2026-03-19T13:57:00
M0279,2026-03-21T08:22:00
M0279,2026-03-22T16:42:00
M0279,2026-03-22T18:20:00
M0279,2026-03-24T11:44:00
M0279,2026-03-29T18:47:00
M0279,2026-04-03T16:39:00
M0279,2026-04-04T14:35:00
M0279,2026-04-06T06:40:00
M0279,2026-04-10T20:20:00
M0279,2026-04-12T11:33:00
M0279,2026-04-15T13:32:00
M0279,2026-04-15T18:23:00
M0279,2026-04-16T08:13:00
M0279,2026-04-20T06:50:00
M0279,2026-04-20T08:18:00
M0279,2026-04-21T06:33:00
M0279,2026-04-22T07:23:00
M0279,2026-04-26T13:40:00
M0279,2026-04-27T18:29:00
M0279,2026-05-02T20:48:00
M0279,2026-05-04T12:24:00
M0279,2026-05-04T14:42:00
M0279,2026-05-06T15:15:00
M0279,2026-05-11T12:49:00
M0279,2026-05-16T19:07:00
M0279,2026-05-18T11:40:00
M0279,2026-05-20T16:24:00
M0279,2026-05-28T07:14:00
M0279,2026-06-06T10:01:00
M0279,2026-06-06T10:28:00
M0279,2026-06-06T16:22:00
M0279,2026-06-08T06:02:00
M0279,2026-06-10T14:19:00
M0279,2026-06-14T19:19:00
M0279,2026-06-15T16:35:00
M0279,2026-06-18T19:57:00
M0279,2026-06-19T08:08:00
M0279,2026-06-19T15:43:00
M0279,2026-06-20T13:01:00
M0279,2026-06-22T20:41:00
M0279,2026-06-23T11:27:00
M0279,2026-06-25T10:38:00
M0279,2026-06-27T11:47:00
M0279,2026-06-28T10:39:00
M0279,2026-06-29T20:43:00
M0279,2026-06-30T18:41:00
M0279,2026-07-04T19:32:00
M0279,2026-07-04T19:57:00
M0279,2026-07-07T12:18:00
M0279,2026-07-09T08:55:00
M0279,2026-07-09T09:35:00
M0279,2026-07-13T14:46:00
M0279,2026-07-13T18:48:00
M0279,2026-07-14T09:22:00
M0279,2026-07-14T10:23:00
M0279,2026-07-15T10:41:00
M0279,2026-07-15T18:32:00
M0279,2026-07-18T07:31:00
M0279,2026-07-18T16:11:00
M0279,2026-07-19T10:55:00
M0279,2026-07-20T17:02:00
M0279,2026-07-24T06:49:00
M0279,2026-07-24T16:53:00
M0279,2026-07-25T09:42:00
M0279,2026-07-25T12:25:00
M0279,2026-07-25T19:50:00
M0279,2026-07-29T11:13:00
M0279,2026-07-31T06:17:00
M0279,2026-07-31T20:45:00
M0279,2026-08-01T14:55:00
M0279,2026-08-01T19:57:00
M0279,2026-08-08T08:53:00
M0279,2026-08-08T12:31:00
M0279,2026-08-09T14:51:00
M0279,2026-08-10T16:36:00
M0279,2026-08-12T07:19:00
M0279,2026-08-13T07:47:00
M0279,2026-08-18T07:31:00
M0279,2026-08-20T06:36:00
M0279,2026-08-20T12:34:00
M0279,2026-08-21T07:14:00
M0279,2026-08-21T07:56:00
M0279,2026-08-21T14:28:00
M0279,2026-08-23T06:37:00
M0279,2026-08-24T09:54:00
M0279,2026-08-29T14:18:00
M0279,2026-08-31T11:03:00
M0279,2026-09-03T15:06:00
M0279,2026-09-05T08:35:00
M0279,2026-09-07T08:55:00
M0279,2026-09-07T12:16:00
M0279,2026-09-09T10:59:00
M0279,2026-09-09T13:14:00
M0279,2026-09-10T12:09:00
M0280,2025-08-19T11:59:00
M0280,2025-08-21T18:56:00
M0280,2025-09-15T18:47:00
M0280,2025-10-22T15:19:00
M0280,2025-12-08T10:23:00
M0280,2025-12-19T14:03:00
M0280,2025-12-24T15:41:00
M0280,2026-03-10T15:50:00
M0280,2026-03-23T07:29:00
M0280,2026-06-06T16:14:00
M0280,2026-07-03T18:21:00
M0280,2026-07-09T13:06:00
M0280,2026-08-03T06:57:00
M0281,2026-01-30T11:11:00
M0281,2026-02-01T06:54:00
M0281,2026-02-01T10:49:00
M0281,2026-02-02T10:18:00
M0281,2026-02-08T16:42:00
M0281,2026-02-10T17:40:00
M0281,2026-02-14T15:57:00
M0281,2026-02-19T12:47:00
M0281,2026-02-20T19:14:00
M0281,2026-02-22T10:05:00
M0281,2026-02-24T06:16:00
M0281,2026-02-24T10:46:00
M0281,2026-02-24T14:31:00
M0281,2026-02-24T18:56:00
M0281,2026-02-25T16:53:00
M0281,2026-02-25T19:29:00
M0281,2026-02-26T12:08:00
M0281,2026-02-27T15:12:00
M0281,2026-02-28T13:15:00
M0281,2026-03-01T17:10:00
M0281,2026-03-03T12:59:00
M0281,2026-03-05T14:51:00
M0281,2026-03-08T20:11:00
M0281,2026-03-12T13:42:00
M0281,2026-03-16T06:45:00
M0281,2026-03-19T13:18:00
M0281,2026-03-25T16:07:00
M0281,2026-03-29T06:50:00
M0281,2026-03-29T12:16:00
M0281,2026-04-02T18:57:00
M0281,2026-04-03T09:22:00
M0281,2026-04-04T10:09:00
M0281,2026-04-04T12:44:00
M0281,2026-04-11T08:52:00
M0281,2026-04-12T11:21:00
M0281,2026-04-13T07:35:00
M0281,2026-04-13T17:09:00
M0281,2026-04-16T07:13:00
M0281,2026-04-28T10:07:00
M0281,2026-05-01T15:42:00
M0281,2026-05-02T19:40:00
M0281,2026-05-03T07:53:00
M0281,2026-05-03T10:59:00
M0281,2026-05-07T17:23:00
M0281,2026-05-08T11:25:00
M0281,2026-05-10T18:09:00
M0281,2026-05-14T13:21:00
M0281,2026-05-15T14:57:00
M0281,2026-05-19T14:40:00
M0281,2026-05-24T16:56:00
M0281,2026-05-26T20:11:00
M0281,2026-05-30T13:04:00
M0281,2026-06-03T06:28:00
M0281,2026-06-06T10:02:00
M0281,2026-06-06T12:12:00
M0281,2026-06-10T16:11:00
M0281,2026-06-12T17:50:00
M0281,2026-06-13T08:26:00
M0281,2026-06-15T14:59:00
M0281,2026-06-17T15:13:00
M0281,2026-06-20T09:09:00
M0281,2026-06-22T08:28:00
M0281,2026-06-22T08:28:00
M0281,2026-06-29T13:18:00
M0281,2026-06-29T20:46:00
M0281,2026-07-03T15:40:00
M0281,2026-07-05T20:32:00
M0281,2026-07-06T20:39:00
M0281,2026-07-09T10:48:00
M0281,2026-07-09T14:55:00
M0281,2026-07-13T14:28:00
M0281,2026-07-15T17:29:00
M0281,2026-07-23T10:37:00
M0281,2026-07-26T10:38:00
M0281,2026-07-28T09:50:00
M0281,2026-07-29T08:36:00
M0281,2026-07-31T09:26:00
M0281,2026-08-03T11:40:00
M0281,2026-08-10T08:55:00
M0281,2026-08-16T17:52:00
M0281,2026-08-17T12:32:00
M0281,2026-08-18T20:00:00
M0281,2026-08-20T17:48:00
M0281,2026-08-24T16:27:00
M0281,2026-08-26T11:14:00
M0281,2026-08-29T18:11:00
M0281,2026-08-31T16:32:00
M0281,2026-09-04T09:04:00
M0281,2026-09-05T19:06:00
M0281,2026-09-07T07:57:00
M0281,2026-09-07T13:38:00
M0281,2026-09-09T17:49:00
M0281,2026-09-11T11:15:00
M0282,2026-03-04T06:06:00
M0282,2026-03-10T12:17:00
M0282,2026-03-25T19:00:00
M0282,2026-04-05T09:27:00
M0282,2026-04-26T14:03:00
M0282,2026-05-08T07:55:00
M0282,2026-06-10T09:32:00
M0282,2026-07-01T19:44:00
M0282,2026-07-09T19:23:00
M0282,2026-07-09T20:39:00
M0282,2026-08-09T07:07:00
M0283,2025-09-01T18:05:00
M0283,2025-09-19T07:01:00
M0283,2025-09-19T11:37:00
M0283,2025-09-25T12:49:00
M0283,2025-09-30T06:32:00
M0283,2025-09-30T19:11:00
M0283,2025-10-05T17:24:00
M0283,2025-10-13T06:18:00
M0283,2025-10-14T06:09:00
M0283,2025-10-28T20:41:00
M0283,2025-11-02T18:09:00
M0283,2025-11-10T19:31:00
M0283,2025-11-23T08:59:00
M0283,2025-11-26T16:38:00
M0283,2025-12-08T07:40:00
M0283,2025-12-12T14:44:00
M0283,2025-12-14T19:57:00
M0283,2025-12-23T16:06:00
M0283,2025-12-26T18:15:00
M0283,2026-01-05T06:26:00
M0283,2026-01-11T07:03:00
M0283,2026-01-14T10:02:00
M0283,2026-01-17T11:55:00
M0283,2026-02-10T19:39:00
M0283,2026-02-11T13:59:00
M0283,2026-03-19T06:25:00
M0283,2026-03-22T17:39:00
M0283,2026-04-01T07:02:00
M0283,2026-04-01T15:30:00
M0283,2026-04-16T11:11:00
M0283,2026-04-17T12:33:00
M0283,2026-04-28T12:59:00
M0283,2026-05-04T06:34:00
M0283,2026-06-14T12:35:00
M0283,2026-06-20T18:25:00
M0283,2026-07-01T20:51:00
M0283,2026-07-02T20:10:00
M0283,2026-07-04T10:02:00
M0283,2026-07-21T09:30:00
M0283,2026-07-26T06:33:00
M0283,2026-08-13T13:05:00
M0283,2026-08-31T18:12:00
M0284,2026-06-01T13:00:00
M0284,2026-06-02T12:50:00
M0284,2026-06-03T13:18:00
M0284,2026-06-05T17:34:00
M0284,2026-06-05T19:20:00
M0284,2026-06-06T08:41:00
M0284,2026-06-06T13:39:00
M0284,2026-06-07T14:39:00
M0284,2026-06-09T07:14:00
M0284,2026-06-09T13:14:00
M0284,2026-06-12T07:56:00
M0284,2026-06-17T08:09:00
M0284,2026-06-23T08:08:00
M0284,2026-06-26T13:42:00
M0284,2026-06-26T18:52:00
M0284,2026-06-29T10:37:00
M0284,2026-06-30T14:43:00
M0284,2026-07-01T10:02:00
M0284,2026-07-04T08:49:00
M0284,2026-07-04T19:43:00
M0284,2026-07-08T10:15:00
M0284,2026-07-09T18:56:00
M0284,2026-07-12T20:18:00
M0284,2026-07-17T12:50:00
M0284,2026-07-18T07:32:00
M0284,2026-07-22T11:38:00
M0284,2026-07-29T13:34:00
M0284,2026-08-03T06:30:00
M0284,2026-08-09T16:53:00
M0284,2026-08-13T09:25:00
M0284,2026-08-13T15:53:00
M0284,2026-08-15T10:48:00
M0284,2026-08-16T15:11:00
M0284,2026-08-21T09:30:00
M0284,2026-08-22T06:17:00
M0284,2026-08-22T16:23:00
M0284,2026-08-23T11:23:00
M0284,2026-08-27T11:02:00
M0284,2026-08-28T09:34:00
M0284,2026-08-30T20:21:00
M0284,2026-08-31T19:47:00
M0284,2026-09-03T17:29:00
M0284,2026-09-07T13:50:00
M0284,2026-09-07T15:37:00
M0284,2026-09-07T17:12:00
M0285,2025-06-02T09:15:00
M0285,2025-08-10T18:48:00
M0285,2025-10-07T16:26:00
M0285,2025-10-23T12:16:00
M0285,2026-02-08T07:03:00
M0285,2026-06-07T10:25:00
M0286,2026-01-10T15:13:00
M0286,2026-01-11T12:03:00
M0286,2026-01-12T12:47:00
M0286,2026-01-14T08:48:00
M0286,2026-02-10T09:07:00
M0286,2026-02-12T07:18:00
M0286,2026-02-12T12:53:00
M0286,2026-02-16T20:35:00
M0286,2026-02-23T07:30:00
M0286,2026-02-24T09:06:00
M0286,2026-03-02T15:50:00
M0286,2026-03-02T17:28:00
M0286,2026-03-06T10:20:00
M0286,2026-03-25T06:21:00
M0286,2026-03-26T20:47:00
M0286,2026-04-04T16:36:00
M0286,2026-04-05T07:38:00
M0286,2026-04-06T15:57:00
M0286,2026-04-08T06:35:00
M0286,2026-04-11T06:00:00
M0286,2026-04-19T19:48:00
M0286,2026-05-03T11:26:00
M0286,2026-05-03T13:51:00
M0286,2026-05-17T09:40:00
M0286,2026-05-27T08:51:00
M0286,2026-06-04T09:23:00
M0286,2026-06-05T11:05:00
M0286,2026-06-25T18:27:00
M0286,2026-06-30T11:11:00
M0286,2026-07-08T07:15:00
M0286,2026-07-18T06:09:00
M0286,2026-07-18T08:51:00
M0286,2026-07-20T12:26:00
M0286,2026-07-23T13:06:00
M0286,2026-07-24T18:48:00
M0286,2026-07-27T08:18:00
M0286,2026-07-29T17:27:00
M0286,2026-08-26T20:28:00
M0286,2026-08-27T13:18:00
M0286,2026-08-28T08:12:00
M0286,2026-08-31T16:19:00
M0286,2026-09-04T06:23:00
M0286,2026-09-08T17:31:00
M0286,2026-09-09T09:09:00
M0286,2026-09-10T07:31:00
M0286,2026-09-11T19:53:00
M0287,2025-11-25T12:52:00
M0287,2025-11-29T17:58:00
M0287,2025-11-29T18:45:00
M0287,2025-11-30T14:55:00
M0287,2025-12-01T20:33:00
M0287,2025-12-02T07:04:00
M0287,2025-12-02T11:55:00
M0287,2025-12-03T07:30:00
M0287,2025-12-04T08:46:00
M0287,2025-12-11T07:10:00
M0287,2025-12-11T12:28:00
M0287,2025-12-11T17:51:00
M0287,2025-12-13T10:23:00
M0287,2025-12-17T07:58:00
M0287,2025-12-18T07:36:00
M0287,2025-12-19T07:59:00
M0287,2025-12-21T13:57:00
M0287,2025-12-21T20:13:00
M0287,2025-12-22T20:45:00
M0287,2025-12-23T16:26:00
M0287,2025-12-25T20:20:00
M0287,2025-12-26T15:20:00
M0287,2025-12-28T06:34:00
M0287,2026-01-01T06:57:00
M0287,2026-01-01T13:47:00
M0287,2026-01-05T06:12:00
M0287,2026-01-06T16:50:00
M0287,2026-01-06T20:31:00
M0287,2026-01-09T20:58:00
M0287,2026-01-13T07:43:00
M0287,2026-01-13T13:01:00
M0287,2026-01-14T13:13:00
M0287,2026-01-16T07:13:00
M0287,2026-01-18T20:02:00
M0287,2026-01-20T16:33:00
M0287,2026-01-24T09:54:00
M0287,2026-01-25T19:41:00
M0287,2026-01-27T09:20:00
M0287,2026-01-27T13:10:00
M0287,2026-01-30T15:24:00
M0287,2026-02-03T15:04:00
M0287,2026-02-05T06:01:00
M0287,2026-02-05T19:27:00
M0287,2026-02-15T18:54:00
M0287,2026-02-15T20:47:00
M0287,2026-02-18T18:25:00
M0287,2026-02-19T10:54:00
M0287,2026-02-22T06:45:00
M0287,2026-02-23T13:35:00
M0287,2026-03-02T08:54:00
M0287,2026-03-05T07:07:00
M0287,2026-03-10T19:07:00
M0287,2026-03-11T10:48:00
M0287,2026-03-12T20:18:00
M0287,2026-03-12T20:30:00
M0287,2026-03-13T19:17:00
M0287,2026-03-15T08:19:00
M0287,2026-03-15T12:27:00
M0287,2026-03-15T17:53:00
M0287,2026-03-18T09:53:00
M0287,2026-03-18T10:58:00
M0287,2026-03-23T14:09:00
M0287,2026-03-24T16:27:00
M0287,2026-03-24T18:05:00
M0287,2026-03-26T08:47:00
M0287,2026-03-26T12:03:00
M0287,2026-03-27T20:32:00
M0287,2026-03-31T16:44:00
M0287,2026-04-01T14:51:00
M0287,2026-04-04T18:22:00
M0287,2026-04-08T10:58:00
M0287,2026-04-09T15:09:00
M0287,2026-04-12T12:25:00
M0287,2026-04-16T08:04:00
M0287,2026-04-23T12:16:00
M0287,2026-04-27T18:31:00
M0287,2026-04-28T12:02:00
M0287,2026-04-29T07:27:00
M0287,2026-04-30T09:48:00
M0287,2026-05-02T18:20:00
M0287,2026-05-04T11:41:00
M0287,2026-05-04T19:17:00
M0287,2026-05-05T17:56:00
M0287,2026-05-06T13:59:00
M0287,2026-05-10T07:59:00
M0287,2026-05-11T10:06:00
M0287,2026-05-13T16:43:00
M0287,2026-05-14T16:27:00
M0287,2026-05-20T16:06:00
M0287,2026-05-24T20:50:00
M0287,2026-05-25T16:00:00
M0287,2026-05-29T14:38:00
M0287,2026-05-29T15:53:00
M0287,2026-05-31T13:34:00
M0287,2026-06-01T16:02:00
M0287,2026-06-02T07:35:00
M0287,2026-06-05T17:24:00
M0287,2026-06-07T17:20:00
M0287,2026-06-08T18:33:00
M0287,2026-06-09T17:43:00
M0287,2026-06-10T06:17:00
M0287,2026-06-18T16:18:00
M0287,2026-06-18T16:54:00
M0287,2026-06-18T17:14:00
M0287,2026-06-19T09:15:00
M0287,2026-06-19T10:53:00
M0287,2026-06-23T07:42:00
M0287,2026-06-25T16:53:00
M0287,2026-06-26T09:27:00
M0287,2026-06-28T19:38:00
M0287,2026-06-29T15:30:00
M0287,2026-07-02T08:53:00
M0287,2026-07-02T19:15:00
M0287,2026-07-03T14:49:00
M0287,2026-07-07T16:51:00
M0287,2026-07-13T17:30:00
M0287,2026-07-13T19:20:00
M0287,2026-07-14T10:00:00
M0287,2026-07-16T15:25:00
M0287,2026-07-17T06:05:00
M0287,2026-07-19T07:33:00
M0287,2026-07-20T15:13:00
M0287,2026-07-21T11:46:00
M0287,2026-07-21T17:39:00
M0287,2026-07-23T08:36:00
M0287,2026-07-24T10:41:00
M0287,2026-07-25T15:44:00
M0287,2026-07-28T15:22:00
M0287,2026-07-29T14:04:00
M0287,2026-07-31T20:36:00
M0287,2026-08-03T16:22:00
M0287,2026-08-07T14:03:00
M0287,2026-08-08T10:28:00
M0287,2026-08-09T08:24:00
M0287,2026-08-12T10:04:00
M0287,2026-08-14T09:47:00
M0287,2026-08-15T15:40:00
M0287,2026-08-18T15:22:00
M0287,2026-08-21T16:06:00
M0287,2026-08-24T10:02:00
M0287,2026-08-30T20:57:00
M0287,2026-08-31T17:46:00
M0287,2026-09-05T06:32:00
M0287,2026-09-06T13:32:00
M0287,2026-09-06T19:59:00
M0287,2026-09-06T20:57:00
M0287,2026-09-07T12:11:00
M0288,2025-10-22T08:21:00
M0288,2025-10-23T09:15:00
M0288,2025-10-23T11:00:00
M0288,2025-10-25T13:31:00
M0288,2025-10-28T09:33:00
M0288,2025-10-28T17:45:00
M0288,2025-10-28T19:56:00
M0288,2025-10-29T09:17:00
M0288,2025-10-30T17:29:00
M0288,2025-11-01T07:27:00
M0288,2025-11-03T07:16:00
M0288,2025-11-03T17:31:00
M0288,2025-11-04T08:31:00
M0288,2025-11-04T11:48:00
M0288,2025-11-06T08:12:00
M0288,2025-11-13T17:31:00
M0288,2025-11-14T16:31:00
M0288,2025-11-14T17:09:00
M0288,2025-11-18T07:43:00
M0288,2025-11-18T10:11:00
M0288,2025-11-19T15:16:00
M0288,2025-11-20T06:28:00
M0288,2025-11-21T16:32:00
M0288,2025-11-22T07:39:00
M0288,2025-11-22T10:07:00
M0288,2025-11-23T09:57:00
M0288,2025-11-24T15:18:00
M0288,2025-11-27T11:03:00
M0288,2025-11-30T08:42:00
M0288,2025-12-02T16:21:00
M0288,2025-12-02T18:21:00
M0288,2025-12-04T19:57:00
M0288,2025-12-10T19:49:00
M0288,2025-12-13T15:51:00
M0288,2025-12-14T11:22:00
M0288,2025-12-15T14:31:00
M0288,2025-12-15T15:14:00
M0288,2025-12-15T18:58:00
M0288,2025-12-15T19:47:00
M0288,2025-12-18T13:37:00
M0288,2025-12-18T14:46:00
M0288,2025-12-19T13:09:00
M0288,2025-12-20T10:42:00
M0288,2025-12-22T07:27:00
M0288,2025-12-23T08:31:00
M0288,2025-12-24T08:37:00
M0288,2025-12-25T07:15:00
M0288,2025-12-29T18:57:00
M0288,2025-12-31T09:41:00
M0288,2026-01-01T06:06:00
M0288,2026-01-02T07:06:00
M0288,2026-01-05T20:40:00
M0288,2026-01-07T13:21:00
M0288,2026-01-08T11:48:00
M0288,2026-01-18T10:33:00
M0288,2026-01-19T06:11:00
M0288,2026-01-20T10:25:00
M0288,2026-01-20T18:52:00
M0288,2026-01-21T08:13:00
M0288,2026-01-22T08:14:00
M0288,2026-01-22T19:46:00
M0288,2026-01-23T17:46:00
M0288,2026-01-27T08:58:00
M0288,2026-01-28T14:30:00
M0288,2026-01-31T06:49:00
M0288,2026-02-02T19:51:00
M0288,2026-02-03T09:33:00
M0288,2026-02-03T11:56:00
M0288,2026-02-03T18:46:00
M0288,2026-02-04T09:30:00
M0288,2026-02-08T10:13:00
M0288,2026-02-08T19:53:00
M0288,2026-02-11T14:22:00
M0288,2026-02-12T07:27:00
M0288,2026-02-12T08:24:00
M0288,2026-02-15T08:07:00
M0288,2026-02-15T09:30:00
M0288,2026-02-15T20:28:00
M0288,2026-02-17T17:35:00
M0288,2026-02-18T11:06:00
M0288,2026-02-18T15:51:00
M0288,2026-02-21T19:34:00
M0288,2026-02-22T09:04:00
M0288,2026-02-22T09:28:00
M0288,2026-02-23T06:33:00
M0288,2026-03-05T13:40:00
M0288,2026-03-05T14:00:00
M0288,2026-03-06T10:45:00
M0288,2026-03-08T14:35:00
M0288,2026-03-10T18:51:00
M0288,2026-03-12T18:13:00
M0288,2026-03-13T15:17:00
M0288,2026-03-13T16:28:00
M0288,2026-03-14T06:42:00
M0288,2026-03-14T08:19:00
M0288,2026-03-15T07:06:00
M0288,2026-03-16T18:14:00
M0288,2026-03-17T11:20:00
M0288,2026-03-18T06:20:00
M0288,2026-03-19T20:22:00
M0288,2026-03-20T06:28:00
M0288,2026-03-24T13:56:00
M0288,2026-03-26T20:16:00
M0288,2026-03-27T16:32:00
M0288,2026-03-29T08:54:00
M0288,2026-03-29T17:06:00
M0288,2026-04-02T14:20:00
M0288,2026-04-05T06:42:00
M0288,2026-04-05T16:47:00
M0288,2026-04-05T18:11:00
M0288,2026-04-06T07:49:00
M0288,2026-04-08T18:59:00
M0288,2026-04-09T17:58:00
M0288,2026-04-12T10:31:00
M0288,2026-04-17T09:29:00
M0288,2026-04-18T15:35:00
M0288,2026-04-19T13:47:00
M0288,2026-04-21T08:21:00
M0288,2026-04-22T11:27:00
M0288,2026-04-24T20:54:00
M0288,2026-04-28T09:13:00
M0288,2026-04-28T10:06:00
M0288,2026-05-02T06:41:00
M0288,2026-05-02T12:43:00
M0288,2026-05-04T06:28:00
M0288,2026-05-05T06:24:00
M0288,2026-05-06T07:37:00
M0288,2026-05-07T07:06:00
M0288,2026-05-07T18:57:00
M0288,2026-05-08T11:47:00
M0288,2026-05-10T18:04:00
M0288,2026-05-11T12:44:00
M0288,2026-05-11T17:25:00
M0288,2026-05-14T06:38:00
M0288,2026-05-14T13:13:00
M0288,2026-05-18T07:53:00
M0288,2026-05-20T09:31:00
M0288,2026-05-21T10:43:00
M0288,2026-05-23T06:49:00
M0288,2026-05-23T15:04:00
M0288,2026-05-27T10:58:00
M0288,2026-05-27T12:06:00
M0288,2026-05-27T13:09:00
M0288,2026-05-28T13:36:00
M0288,2026-05-28T20:03:00
M0288,2026-05-29T14:08:00
M0288,2026-06-01T16:13:00
M0288,2026-06-02T07:25:00
M0288,2026-06-02T14:37:00
M0288,2026-06-04T10:27:00
M0288,2026-06-04T19:17:00
M0288,2026-06-06T17:19:00
M0288,2026-06-07T10:59:00
M0288,2026-06-12T20:50:00
M0288,2026-06-13T09:09:00
M0288,2026-06-18T15:42:00
M0288,2026-06-19T06:49:00
M0288,2026-06-20T11:53:00
M0288,2026-06-21T06:21:00
M0288,2026-06-22T20:14:00
M0288,2026-06-24T08:01:00
M0288,2026-06-27T15:40:00
M0288,2026-06-27T18:58:00
M0288,2026-06-29T17:02:00
M0288,2026-06-30T13:10:00
M0288,2026-07-05T06:54:00
M0288,2026-07-05T11:30:00
M0288,2026-07-05T19:42:00
M0288,2026-07-09T11:44:00
M0288,2026-07-10T12:20:00
M0288,2026-07-12T07:36:00
M0288,2026-07-12T18:51:00
M0288,2026-07-12T19:51:00
M0288,2026-07-13T10:17:00
M0288,2026-07-13T11:00:00
M0288,2026-07-13T13:47:00
M0288,2026-07-13T17:34:00
M0288,2026-07-14T07:52:00
M0288,2026-07-14T19:26:00
M0288,2026-07-17T08:02:00
M0288,2026-07-17T10:03:00
M0288,2026-07-20T13:16:00
M0288,2026-07-22T20:58:00
M0288,2026-07-24T20:44:00
M0288,2026-07-25T18:17:00
M0288,2026-07-27T11:26:00
M0288,2026-07-27T11:57:00
M0288,2026-07-29T07:14:00
M0288,2026-07-29T15:50:00
M0288,2026-07-30T06:07:00
M0288,2026-08-01T18:20:00
M0288,2026-08-02T17:38:00
M0288,2026-08-03T09:02:00
M0288,2026-08-03T12:41:00
M0288,2026-08-05T10:55:00
M0288,2026-08-05T11:47:00
M0288,2026-08-05T15:04:00
M0288,2026-08-07T19:40:00
M0288,2026-08-08T16:30:00
M0288,2026-08-10T14:03:00
M0288,2026-08-11T10:50:00
M0288,2026-08-12T06:56:00
M0288,2026-08-14T06:01:00
M0288,2026-08-14T06:03:00
M0288,2026-08-14T10:33:00
M0288,2026-08-18T10:27:00
M0288,2026-08-21T15:29:00
M0288,2026-08-21T17:26:00
M0288,2026-08-21T19:22:00
M0288,2026-08-22T14:50:00
M0288,2026-08-27T10:46:00
M0288,2026-08-28T08:23:00
M0288,2026-08-30T18:28:00
M0288,2026-09-03T19:18:00
M0288,2026-09-05T06:18:00
M0288,2026-09-05T12:08:00
M0288,2026-09-06T15:38:00
M0288,2026-09-09T07:12:00
M0288,2026-09-11T13:27:00
M0289,2026-05-02T08:43:00
M0289,2026-05-05T11:03:00
M0289,2026-05-06T19:24:00
M0289,2026-05-09T15:21:00
M0289,2026-05-11T06:19:00
M0289,2026-05-11T16:07:00
M0289,2026-05-14T13:55:00
M0289,2026-05-15T07:21:00
M0289,2026-05-21T18:31:00
M0289,2026-05-27T20:54:00
M0289,2026-05-30T07:40:00
M0289,2026-06-07T16:17:00
M0289,2026-06-14T18:30:00
M0289,2026-06-16T12:56:00
M0289,2026-06-17T18:46:00
M0289,2026-06-19T19:49:00
M0289,2026-06-26T17:15:00
M0289,2026-06-26T18:52:00
M0289,2026-06-30T06:44:00
M0289,2026-07-01T19:06:00
M0289,2026-07-02T15:29:00
M0289,2026-07-03T11:19:00
M0289,2026-07-05T13:03:00
M0289,2026-07-11T10:24:00
M0289,2026-07-12T07:26:00
M0289,2026-07-13T10:58:00
M0289,2026-07-18T18:41:00
M0289,2026-07-20T12:18:00
M0289,2026-07-27T15:57:00
M0289,2026-07-31T14:57:00
M0289,2026-08-04T10:05:00
M0289,2026-08-04T14:14:00
M0289,2026-08-05T08:16:00
M0289,2026-08-06T19:51:00
M0289,2026-08-09T16:08:00
M0289,2026-08-12T07:55:00
M0289,2026-08-12T09:55:00
M0289,2026-08-15T17:43:00
M0289,2026-08-23T20:45:00
M0289,2026-08-25T10:49:00
M0289,2026-08-28T18:37:00
M0289,2026-08-29T15:05:00
M0289,2026-08-30T17:45:00
M0289,2026-08-31T19:45:00
M0289,2026-09-03T15:42:00
M0289,2026-09-07T10:01:00
M0289,2026-09-08T19:17:00
M0289,2026-09-09T10:33:00
M0290,2026-03-28T13:25:00
M0290,2026-03-30T14:01:00
M0290,2026-04-01T13:48:00
M0290,2026-04-01T16:43:00
M0290,2026-04-03T11:15:00
M0290,2026-04-04T13:33:00
M0290,2026-04-07T13:59:00
M0290,2026-04-09T10:54:00
M0290,2026-04-09T13:26:00
M0290,2026-04-10T19:34:00
M0290,2026-04-11T19:34:00
M0290,2026-04-12T07:36:00
M0290,2026-04-12T19:09:00
M0290,2026-04-13T07:27:00
M0290,2026-04-27T12:27:00
M0290,2026-04-27T12:51:00
M0290,2026-04-28T13:19:00
M0290,2026-05-06T12:48:00
M0290,2026-05-08T15:07:00
M0290,2026-05-08T17:39:00
M0290,2026-05-10T08:24:00
M0290,2026-05-12T09:57:00
M0290,2026-05-17T15:42:00
M0290,2026-05-21T10:08:00
M0290,2026-05-22T13:27:00
M0290,2026-05-27T15:13:00
M0290,2026-05-28T15:31:00
M0290,2026-05-28T20:54:00
M0290,2026-05-29T14:50:00
M0290,2026-05-31T12:48:00
M0290,2026-06-04T13:20:00
M0290,2026-06-09T07:01:00
M0290,2026-06-17T11:54:00
M0290,2026-06-24T12:46:00
M0290,2026-06-24T15:41:00
M0290,2026-06-24T19:26:00
M0290,2026-06-25T09:50:00
M0290,2026-06-28T19:17:00
M0290,2026-06-29T06:42:00
M0290,2026-07-02T13:30:00
M0290,2026-07-03T10:02:00
M0290,2026-07-05T18:28:00
M0290,2026-07-06T20:52:00
M0290,2026-07-16T19:29:00
M0290,2026-07-17T08:23:00
M0290,2026-07-17T11:23:00
M0290,2026-07-19T10:39:00
M0290,2026-07-22T06:44:00
M0290,2026-07-26T06:40:00
M0290,2026-08-06T18:39:00
M0290,2026-08-08T13:16:00
M0290,2026-08-09T12:40:00
M0290,2026-08-11T11:29:00
M0290,2026-08-12T15:56:00
M0290,2026-08-13T11:08:00
M0290,2026-08-16T17:21:00
M0290,2026-08-16T20:47:00
M0290,2026-08-18T10:22:00
M0290,2026-08-19T16:41:00
M0290,2026-08-22T09:52:00
M0290,2026-08-23T17:17:00
M0290,2026-08-24T12:53:00
M0290,2026-08-27T16:26:00
M0290,2026-08-29T06:45:00
M0290,2026-08-30T06:36:00
M0290,2026-08-30T09:49:00
M0290,2026-09-04T16:28:00
M0290,2026-09-05T13:59:00
M0291,2025-12-25T17:35:00
M0291,2026-02-23T10:53:00
M0291,2026-03-04T08:47:00
M0291,2026-03-24T12:52:00
M0291,2026-04-12T06:15:00
M0291,2026-04-26T20:27:00
M0291,2026-05-20T15:34:00
M0291,2026-05-28T18:40:00
M0291,2026-06-05T18:29:00
M0291,2026-06-28T16:56:00
M0291,2026-07-18T10:34:00
M0291,2026-07-31T16:57:00
M0291,2026-08-05T15:52:00
M0291,2026-08-12T10:12:00
M0291,2026-08-25T11:02:00
M0291,2026-08-27T13:38:00
M0291,2026-09-02T12:51:00
M0291,2026-09-03T12:22:00
M0292,2026-02-03T12:12:00
M0292,2026-02-07T07:37:00
M0292,2026-02-15T12:37:00
M0292,2026-02-19T06:54:00
M0292,2026-02-28T08:22:00
M0292,2026-03-02T08:21:00
M0292,2026-03-02T16:30:00
M0292,2026-03-03T07:24:00
M0292,2026-03-06T15:30:00
M0292,2026-03-07T07:22:00
M0292,2026-03-14T06:30:00
M0292,2026-03-14T14:09:00
M0292,2026-03-18T06:30:00
M0292,2026-03-22T06:01:00
M0292,2026-03-28T07:12:00
M0292,2026-04-01T09:49:00
M0292,2026-04-01T18:54:00
M0292,2026-04-05T10:52:00
M0292,2026-04-05T15:01:00
M0292,2026-04-08T19:27:00
M0292,2026-04-10T10:14:00
M0292,2026-04-15T18:49:00
M0292,2026-04-18T19:45:00
M0292,2026-04-21T14:00:00
M0292,2026-04-21T17:24:00
M0292,2026-04-23T15:18:00
M0292,2026-04-30T20:39:00
M0292,2026-05-03T15:40:00
M0292,2026-05-08T20:16:00
M0292,2026-05-09T07:07:00
M0292,2026-05-09T19:19:00
M0292,2026-05-10T17:11:00
M0292,2026-05-12T07:41:00
M0292,2026-05-12T09:04:00
M0292,2026-05-12T10:27:00
M0292,2026-05-12T14:09:00
M0292,2026-05-13T06:51:00
M0292,2026-05-14T15:22:00
M0292,2026-05-16T13:38:00
M0292,2026-05-20T19:14:00
M0292,2026-05-23T19:57:00
M0292,2026-05-24T06:23:00
M0292,2026-06-06T12:27:00
M0292,2026-06-07T12:41:00
M0292,2026-06-13T10:09:00
M0292,2026-06-17T15:59:00
M0292,2026-06-18T19:12:00
M0292,2026-06-20T16:13:00
M0292,2026-06-28T13:22:00
M0292,2026-06-29T16:47:00
M0292,2026-07-02T20:10:00
M0292,2026-07-10T09:30:00
M0292,2026-07-11T14:19:00
M0292,2026-07-14T17:15:00
M0292,2026-07-16T16:35:00
M0292,2026-07-19T13:15:00
M0292,2026-07-19T18:20:00
M0292,2026-07-21T19:46:00
M0292,2026-07-22T19:28:00
M0292,2026-07-24T15:13:00
M0292,2026-07-24T18:08:00
M0292,2026-07-26T18:05:00
M0292,2026-07-29T08:27:00
M0292,2026-07-29T11:02:00
M0292,2026-07-31T15:38:00
M0292,2026-08-03T07:25:00
M0292,2026-08-03T11:22:00
M0292,2026-08-05T10:55:00
M0292,2026-08-06T16:49:00
M0292,2026-08-10T16:40:00
M0292,2026-08-14T14:45:00
M0292,2026-08-16T13:09:00
M0292,2026-08-16T14:15:00
M0292,2026-08-21T15:56:00
M0292,2026-08-21T18:45:00
M0292,2026-08-26T17:32:00
M0292,2026-08-26T19:33:00
M0292,2026-08-29T07:51:00
M0292,2026-08-30T14:36:00
M0292,2026-08-31T10:55:00
M0292,2026-09-04T13:10:00
M0292,2026-09-05T13:30:00
M0292,2026-09-10T06:28:00
M0292,2026-09-10T13:50:00
M0292,2026-09-11T17:55:00
M0293,2026-01-15T09:04:00
M0293,2026-01-20T06:18:00
M0293,2026-01-24T14:03:00
M0293,2026-02-02T10:04:00
M0293,2026-02-07T20:00:00
M0293,2026-02-12T18:06:00
M0293,2026-02-13T07:08:00
M0293,2026-02-18T09:50:00
M0293,2026-02-20T18:51:00
M0293,2026-02-21T09:29:00
M0293,2026-03-09T20:11:00
M0293,2026-03-12T11:28:00
M0293,2026-04-01T15:25:00
M0293,2026-04-03T20:06:00
M0293,2026-04-14T18:22:00
M0293,2026-04-29T06:05:00
M0293,2026-05-12T20:04:00
M0293,2026-05-15T09:23:00
M0293,2026-05-18T17:20:00
M0293,2026-05-23T07:01:00
M0293,2026-06-05T10:23:00
M0293,2026-06-09T20:05:00
M0293,2026-06-11T13:53:00
M0293,2026-06-21T09:30:00
M0293,2026-07-06T17:02:00
M0293,2026-07-11T17:45:00
M0293,2026-07-13T16:44:00
M0293,2026-08-18T07:57:00
M0293,2026-08-20T10:36:00
M0293,2026-08-20T11:26:00
M0293,2026-08-24T18:31:00
M0293,2026-08-25T06:11:00
M0293,2026-09-07T17:59:00
M0293,2026-09-08T13:13:00
M0294,2026-05-04T07:52:00
M0294,2026-05-07T08:26:00
M0294,2026-05-16T14:39:00
M0294,2026-05-23T08:58:00
M0294,2026-05-30T08:46:00
M0294,2026-06-12T20:16:00
M0294,2026-06-14T06:26:00
M0294,2026-06-21T09:33:00
M0294,2026-07-01T11:17:00
M0294,2026-07-11T17:37:00
M0294,2026-07-12T08:58:00
M0294,2026-07-15T20:25:00
M0294,2026-07-17T11:54:00
M0294,2026-07-19T10:15:00
M0294,2026-08-02T19:17:00
M0294,2026-08-04T14:46:00
M0294,2026-08-15T13:05:00
M0294,2026-08-16T19:35:00
M0294,2026-08-21T19:01:00
M0294,2026-08-22T06:19:00
M0294,2026-09-06T17:07:00
M0294,2026-09-08T06:05:00
M0294,2026-09-08T17:15:00
M0294,2026-09-10T11:39:00
M0295,2025-12-09T20:48:00
M0295,2025-12-20T13:38:00
M0295,2026-01-10T12:03:00
M0295,2026-01-20T11:16:00
M0295,2026-01-25T19:57:00
M0295,2026-01-30T12:09:00
M0295,2026-02-04T19:17:00
M0295,2026-02-06T13:22:00
M0295,2026-02-19T08:19:00
M0295,2026-04-04T19:16:00
M0295,2026-04-19T20:16:00
M0295,2026-04-21T06:24:00
M0295,2026-06-08T17:44:00
M0295,2026-06-17T18:46:00
M0295,2026-06-21T12:48:00
M0295,2026-07-07T13:21:00
M0295,2026-07-08T17:33:00
M0295,2026-07-14T10:56:00
M0295,2026-07-16T13:49:00
M0295,2026-07-18T07:50:00
M0295,2026-07-29T10:35:00
M0295,2026-08-09T19:50:00
M0296,2026-05-08T12:31:00
M0296,2026-05-10T06:35:00
M0296,2026-05-19T14:24:00
M0296,2026-05-21T10:17:00
M0296,2026-05-27T11:56:00
M0296,2026-05-30T20:17:00
M0296,2026-06-02T08:39:00
M0296,2026-06-02T10:05:00
M0296,2026-06-06T18:09:00
M0296,2026-06-09T12:31:00
M0296,2026-06-17T16:01:00
M0296,2026-07-06T14:03:00
M0296,2026-07-14T11:54:00
M0296,2026-07-16T07:21:00
M0296,2026-07-22T07:14:00
M0296,2026-07-26T16:32:00
M0296,2026-07-28T12:49:00
M0296,2026-07-31T12:32:00
M0296,2026-08-08T20:39:00
M0296,2026-08-14T10:04:00
M0296,2026-08-16T06:18:00
M0296,2026-08-16T17:36:00
M0296,2026-08-22T08:55:00
M0296,2026-08-25T14:07:00
M0296,2026-09-03T13:24:00
M0296,2026-09-06T16:00:00
M0296,2026-09-08T14:05:00
M0296,2026-09-10T12:34:00
M0297,2026-03-28T16:03:00
M0297,2026-03-31T12:47:00
M0297,2026-04-06T10:07:00
M0297,2026-04-11T11:02:00
M0297,2026-04-11T18:31:00
M0297,2026-04-17T13:50:00
M0297,2026-04-21T06:05:00
M0297,2026-04-30T19:55:00
M0297,2026-05-02T17:47:00
M0297,2026-05-05T11:48:00
M0297,2026-05-09T20:28:00
M0297,2026-05-13T20:00:00
M0297,2026-05-19T14:16:00
M0297,2026-05-24T14:18:00
M0297,2026-05-25T11:29:00
M0297,2026-05-26T07:33:00
M0297,2026-06-04T12:58:00
M0297,2026-06-09T13:51:00
M0297,2026-06-13T12:27:00
M0297,2026-06-16T08:44:00
M0297,2026-06-20T15:46:00
M0297,2026-07-05T10:37:00
M0297,2026-07-05T14:48:00
M0297,2026-07-05T18:52:00
M0297,2026-07-19T06:40:00
M0297,2026-07-24T07:16:00
M0297,2026-07-25T11:10:00
M0297,2026-07-29T18:09:00
M0297,2026-08-17T15:31:00
M0297,2026-08-18T08:47:00
M0297,2026-08-31T18:44:00
M0297,2026-09-01T19:29:00
M0297,2026-09-02T09:12:00
M0297,2026-09-05T20:33:00
M0297,2026-09-10T15:06:00
M0298,2025-05-01T17:54:00
M0298,2025-05-01T19:34:00
M0298,2025-07-06T07:11:00
M0298,2025-07-11T18:10:00
M0298,2025-08-05T18:25:00
M0298,2025-09-13T08:03:00
M0298,2025-09-25T09:26:00
M0298,2025-09-28T17:00:00
M0298,2025-10-11T14:34:00
M0298,2025-10-12T08:22:00
M0298,2025-11-19T19:42:00
M0298,2025-12-07T18:04:00
M0298,2025-12-20T12:55:00
M0298,2026-02-13T08:45:00
M0298,2026-03-22T17:41:00
M0298,2026-03-25T17:15:00
M0298,2026-04-15T06:14:00
M0298,2026-06-23T20:21:00
M0298,2026-07-16T11:56:00
M0298,2026-07-23T07:20:00
M0298,2026-07-26T12:28:00
M0299,2025-11-20T18:23:00
M0299,2025-11-20T19:24:00
M0299,2025-11-22T19:03:00
M0299,2025-11-25T17:12:00
M0299,2025-11-27T18:03:00
M0299,2025-11-30T08:11:00
M0299,2025-11-30T13:12:00
M0299,2025-12-12T06:51:00
M0299,2025-12-12T19:17:00
M0299,2025-12-14T20:01:00
M0299,2025-12-17T15:28:00
M0299,2025-12-20T15:17:00
M0299,2025-12-27T19:13:00
M0299,2025-12-28T18:59:00
M0299,2026-01-06T14:31:00
M0299,2026-01-06T20:41:00
M0299,2026-01-07T19:53:00
M0299,2026-01-11T20:12:00
M0299,2026-01-12T20:18:00
M0299,2026-01-14T16:00:00
M0299,2026-01-14T18:03:00
M0299,2026-01-17T12:20:00
M0299,2026-01-23T09:54:00
M0299,2026-01-25T10:32:00
M0299,2026-02-02T18:51:00
M0299,2026-02-04T18:00:00
M0299,2026-02-05T17:51:00
M0299,2026-02-06T12:03:00
M0299,2026-02-10T15:14:00
M0299,2026-02-13T19:41:00
M0299,2026-02-16T12:00:00
M0299,2026-02-16T14:38:00
M0299,2026-02-23T19:40:00
M0299,2026-02-28T20:02:00
M0299,2026-03-07T10:36:00
M0299,2026-03-12T13:23:00
M0299,2026-03-15T18:00:00
M0299,2026-03-17T19:43:00
M0299,2026-03-20T10:29:00
M0299,2026-03-29T06:40:00
M0299,2026-04-01T08:31:00
M0299,2026-04-01T10:30:00
M0299,2026-04-05T19:15:00
M0299,2026-04-07T11:47:00
M0299,2026-04-08T08:54:00
M0299,2026-04-10T07:12:00
M0299,2026-04-11T12:16:00
M0299,2026-04-13T14:36:00
M0299,2026-04-15T11:58:00
M0299,2026-04-15T16:49:00
M0299,2026-04-20T18:03:00
M0299,2026-04-28T07:57:00
M0299,2026-05-07T20:34:00
M0299,2026-05-08T10:30:00
M0299,2026-05-08T20:31:00
M0299,2026-05-10T14:59:00
M0299,2026-05-10T18:00:00
M0299,2026-05-16T08:32:00
M0299,2026-05-16T10:01:00
M0299,2026-05-17T10:11:00
M0299,2026-05-28T08:00:00
M0299,2026-05-28T11:20:00
M0299,2026-05-28T14:20:00
M0299,2026-05-29T17:08:00
M0299,2026-06-02T06:28:00
M0299,2026-06-05T19:23:00
M0299,2026-06-07T11:04:00
M0299,2026-06-10T07:12:00
M0299,2026-06-12T08:16:00
M0299,2026-06-13T07:05:00
M0299,2026-06-16T13:35:00
M0299,2026-06-17T17:23:00
M0299,2026-06-21T13:43:00
M0299,2026-06-23T18:22:00
M0299,2026-06-24T09:55:00
M0299,2026-07-01T20:33:00
M0299,2026-07-05T17:44:00
M0299,2026-07-12T06:22:00
M0299,2026-07-13T10:05:00
M0299,2026-07-17T07:08:00
M0299,2026-07-20T07:52:00
M0299,2026-07-22T17:59:00
M0299,2026-07-31T16:59:00
M0299,2026-08-04T06:31:00
M0299,2026-08-05T10:47:00
M0299,2026-08-07T07:21:00
M0299,2026-08-08T15:38:00
M0299,2026-08-15T12:44:00
M0299,2026-08-16T08:50:00
M0299,2026-08-18T09:13:00
M0299,2026-08-18T12:35:00
M0299,2026-08-18T18:09:00
M0299,2026-08-23T10:28:00
M0299,2026-08-23T20:58:00
M0299,2026-09-03T14:29:00
M0299,2026-09-08T15:12:00
M0299,2026-09-09T15:59:00
M0299,2026-09-10T16:23:00
M0300,2026-05-06T10:53:00
M0300,2026-08-03T19:07:00
M0303,2026-08-25T20:18:00
M0303,2026-08-28T17:14:00
M0303,2026-09-01T14:28:00
M0303,2026-09-04T20:26:00
M0303,2026-09-05T14:37:00
M0303,2026-09-07T16:59:00
M0303,2026-09-09T09:00:00
M0303,2026-09-10T08:51:00
M0304,2026-08-28T08:20:00
M0304,2026-08-29T15:46:00
M0304,2026-09-08T06:16:00
M0304,2026-09-10T16:09:00
M0305,2026-08-30T12:02:00
M0305,2026-09-03T08:29:00
M0305,2026-09-04T13:41:00
M0305,2026-09-07T13:46:00
M0305,2026-09-09T15:26:00
M0306,2026-08-28T09:56:00
M0306,2026-08-30T06:05:00
M0306,2026-09-02T06:36:00
M0306,2026-09-07T08:18:00
M0306,2026-09-07T18:37:00
M0308,2026-09-02T06:24:00
M0308,2026-09-08T20:57:00
M0309,2026-09-07T12:34:00
M0312,2026-08-27T12:57:00
M0312,2026-08-28T20:44:00
M0312,2026-08-29T09:12:00
M0312,2026-08-31T11:34:00
M0312,2026-09-01T08:06:00
M0312,2026-09-02T07:42:00
M0312,2026-09-04T20:47:00
M0312,2026-09-06T08:24:00
M0312,2026-09-10T06:20:00
M0312,2026-09-11T17:27:00
M0313,2026-09-05T14:11:00
M0315,2026-08-28T17:04:00
M0315,2026-08-29T19:10:00
M0317,2026-09-09T12:08:00
M0318,2026-08-29T12:08:00
M0318,2026-08-29T13:18:00
M0318,2026-09-01T07:21:00
M0318,2026-09-02T15:39:00
M0318,2026-09-07T13:32:00
M0318,2026-09-10T11:57:00
M0318,2026-09-11T16:54:00
M0319,2026-09-02T08:08:00
M0319,2026-09-11T12:30:00
M0320,2026-09-02T09:39:00
M0320,2026-09-02T14:26:00
M0320,2026-09-02T18:12:00
M0320,2026-09-04T17:59:00
M0320,2026-09-06T14:33:00
M0320,2026-09-07T14:42:00
M0320,2026-09-10T12:41:00
M0320,2026-09-10T16:56:00
M0320,2026-09-11T08:09:00
M0322,2026-08-30T08:30:00
M0322,2026-09-03T16:25:00
M0322,2026-09-04T16:23:00
M0322,2026-09-10T06:46:00
M0326,2026-09-09T16:59:00
M0328,2026-08-30T09:42:00
M0328,2026-08-30T12:17:00
M0328,2026-08-31T11:02:00
M0328,2026-09-01T06:40:00
M0328,2026-09-07T08:29:00
M0328,2026-09-08T09:19:00
M0328,2026-09-08T18:42:00
M0328,2026-09-09T11:08:00
M0328,2026-09-09T16:43:00
M0328,2026-09-09T20:50:00
M0329,2026-08-30T06:10:00
M0329,2026-09-04T17:53:00
M0329,2026-09-05T15:59:00
M0329,2026-09-06T11:22:00
M0329,2026-09-07T11:44:00
M0329,2026-09-07T13:59:00
M0329,2026-09-07T14:46:00
M0329,2026-09-07T16:57:00
M0329,2026-09-07T20:22:00
M0330,2026-09-08T13:29:00
M0330,2026-09-09T10:18:00
M0331,2026-09-07T16:46:00
M0331,2026-09-11T20:45:00
M0335,2026-09-10T12:22:00
M0336,2026-09-09T15:36:00
M0337,2026-09-05T07:41:00
M0338,2026-09-11T07:46:00
M0338,2026-09-11T15:21:00
M0339,2026-08-28T09:44:00
M0339,2026-08-29T06:47:00
M0339,2026-09-01T16:06:00
M0339,2026-09-02T14:10:00
M0339,2026-09-06T19:07:00
M0339,2026-09-07T07:11:00
M0339,2026-09-09T07:42:00
M0339,2026-09-10T10:49:00
M0339,2026-09-11T10:40:00
M0339,2026-09-11T14:32:00
M0340,2026-09-05T12:59:00
M0340,2026-09-08T08:28:00
M0340,2026-09-08T12:42:00
M0340,2026-09-09T17:42:00
M0340,2026-09-10T08:59:00
M0341,2026-08-30T14:39:00
M0341,2026-08-31T20:33:00
M0341,2026-09-01T09:28:00
M0341,2026-09-02T17:54:00
M0341,2026-09-05T08:44:00
M0341,2026-09-06T13:42:00
M0343,2026-09-07T12:51:00
M0345,2026-09-05T18:42:00
M0345,2026-09-06T16:19:00
M0346,2026-08-29T18:01:00
M0346,2026-08-30T07:51:00
M0346,2026-09-08T14:27:00
M0346,2026-09-11T06:10:00
M0351,2026-09-03T10:55:00
M0351,2026-09-06T11:28:00
M0351,2026-09-07T09:46:00
M0351,2026-09-08T10:16:00
M0351,2026-09-08T15:17:00
M0351,2026-09-10T15:45:00
M0352,2026-09-07T13:28:00
M0353,2026-09-02T16:58:00
M0353,2026-09-02T18:01:00
M0353,2026-09-06T08:22:00
M0353,2026-09-10T06:30:00
M0353,2026-09-10T07:41:00
M0354,2026-09-01T18:00:00
M0354,2026-09-03T13:43:00
M0354,2026-09-05T17:17:00
M0354,2026-09-05T17:21:00
M0354,2026-09-06T10:00:00
M0354,2026-09-11T07:00:00
M0355,2026-09-03T17:08:00
M0355,2026-09-04T17:29:00
M0356,2026-09-11T15:50:00
M0357,2026-09-11T11:14:00
M0358,2026-09-05T16:57:00
M0358,2026-09-08T17:33:00
M0361,2026-08-31T13:02:00
M0361,2026-09-01T20:39:00
M0361,2026-09-04T19:09:00
M0361,2026-09-05T15:55:00
M0361,2026-09-07T16:03:00
M0361,2026-09-08T12:52:00
M0361,2026-09-08T13:17:00
M0362,2026-09-04T10:49:00
M0363,2026-09-03T08:44:00
M0365,2026-09-05T19:20:00
M0365,2026-09-08T13:48:00
M0366,2026-09-08T15:41:00
M0368,2026-08-27T10:57:00
M0368,2026-08-28T12:51:00
M0368,2026-08-29T07:32:00
M0368,2026-08-30T15:03:00
M0368,2026-08-31T18:01:00
M0368,2026-09-01T07:45:00
M0368,2026-09-03T15:48:00
M0368,2026-09-05T06:49:00
M0368,2026-09-05T10:38:00
M0368,2026-09-05T12:46:00
M0368,2026-09-05T16:51:00
M0368,2026-09-07T07:21:00
M0368,2026-09-11T15:16:00
M0369,2026-08-30T12:57:00
M0369,2026-08-30T15:32:00
M0369,2026-08-30T16:27:00
M0369,2026-08-30T20:53:00
M0369,2026-09-01T10:55:00
M0369,2026-09-04T12:06:00
M0369,2026-09-04T12:55:00
M0369,2026-09-05T12:43:00
M0369,2026-09-05T20:33:00
M0369,2026-09-06T13:48:00
M0369,2026-09-07T06:26:00
M0369,2026-09-09T16:09:00
M0369,2026-09-10T06:21:00
M0369,2026-09-11T14:47:00
M0370,2026-09-08T13:11:00
M0371,2026-08-30T18:09:00
M0371,2026-09-07T15:53:00
M0371,2026-09-07T16:59:00
M0371,2026-09-08T12:16:00
M0371,2026-09-10T07:39:00
M0371,2026-09-10T10:39:00
M0374,2026-09-03T11:16:00
M0379,2026-09-06T20:14:00
M0379,2026-09-07T06:00:00
M0380,2026-09-02T13:54:00
M0380,2026-09-06T20:18:00
M0381,2025-11-19T18:27:00
M0381,2025-11-25T08:40:00
M0381,2025-12-01T11:55:00
M0381,2025-12-04T12:01:00
M0381,2025-12-07T13:46:00
M0381,2025-12-21T06:23:00
M0381,2025-12-26T14:08:00
M0381,2026-01-10T08:48:00
M0381,2026-01-13T16:08:00
M0381,2026-01-15T20:45:00
M0381,2026-01-19T07:26:00
M0381,2026-02-11T07:05:00
M0381,2026-02-14T11:54:00
M0381,2026-02-19T16:28:00
M0381,2026-02-20T09:54:00
M0381,2026-03-05T19:19:00
M0381,2026-03-06T18:24:00
M0381,2026-03-07T13:59:00
M0381,2026-03-09T06:49:00
M0381,2026-03-10T07:53:00
M0381,2026-03-10T10:59:00
M0381,2026-03-14T09:47:00
M0381,2026-03-15T17:43:00
M0381,2026-03-17T17:34:00
M0381,2026-03-21T07:15:00
M0381,2026-03-21T15:37:00
M0381,2026-04-05T13:00:00
M0381,2026-04-12T06:55:00
M0381,2026-04-14T17:54:00
M0381,2026-04-15T18:11:00
M0381,2026-04-16T14:59:00
M0381,2026-04-17T09:32:00
M0381,2026-04-19T14:47:00
M0381,2026-04-20T08:41:00
M0381,2026-04-27T19:39:00
M0381,2026-04-28T18:14:00
M0381,2026-05-01T13:44:00
M0381,2026-05-02T18:52:00
M0381,2026-05-04T11:54:00
M0381,2026-05-07T18:41:00
M0381,2026-05-09T10:51:00
M0381,2026-05-09T18:48:00
M0381,2026-05-15T11:07:00
M0381,2026-05-21T06:34:00
M0381,2026-05-21T16:20:00
M0381,2026-05-22T18:26:00
M0381,2026-05-23T08:10:00
M0381,2026-05-25T09:50:00
M0381,2026-06-02T10:43:00
M0381,2026-06-05T18:08:00
M0381,2026-06-14T15:43:00
M0381,2026-06-15T12:07:00
M0381,2026-06-18T14:03:00
M0381,2026-06-27T07:35:00
M0381,2026-07-01T20:46:00
M0381,2026-07-06T20:24:00
M0381,2026-07-11T15:37:00
M0381,2026-07-17T07:02:00
M0381,2026-07-18T16:54:00
M0381,2026-07-19T15:16:00
M0381,2026-07-21T16:12:00
M0381,2026-08-02T09:33:00
M0381,2026-08-03T08:39:00
M0381,2026-08-06T07:24:00
M0381,2026-08-13T15:33:00
M0381,2026-08-17T12:00:00
M0382,2026-03-24T12:38:00
M0382,2026-03-24T16:41:00
M0382,2026-03-30T11:40:00
M0382,2026-04-04T12:58:00
M0382,2026-04-05T08:13:00
M0382,2026-04-05T16:37:00
M0382,2026-04-08T15:19:00
M0382,2026-04-14T08:35:00
M0382,2026-04-23T14:39:00
M0382,2026-04-23T16:50:00
M0382,2026-04-26T13:06:00
M0382,2026-04-29T18:01:00
M0382,2026-04-30T07:05:00
M0382,2026-04-30T20:32:00
M0382,2026-05-02T06:43:00
M0382,2026-05-02T18:33:00
M0382,2026-05-05T15:47:00
M0382,2026-05-18T20:13:00
M0382,2026-05-22T12:01:00
M0382,2026-05-25T18:26:00
M0382,2026-05-28T06:32:00
M0382,2026-06-01T08:27:00
M0382,2026-06-02T09:51:00
M0382,2026-06-02T18:49:00
M0382,2026-06-05T11:35:00
M0382,2026-06-05T14:18:00
M0382,2026-06-06T07:53:00
M0382,2026-06-06T13:08:00
M0382,2026-06-06T18:45:00
M0382,2026-06-08T18:04:00
M0382,2026-06-12T13:31:00
M0382,2026-06-13T12:13:00
M0382,2026-06-13T14:50:00
M0382,2026-06-19T15:04:00
M0382,2026-06-21T18:19:00
M0382,2026-06-22T14:57:00
M0382,2026-06-23T17:15:00
M0382,2026-06-26T20:32:00
M0382,2026-06-28T18:37:00
M0382,2026-06-30T18:24:00
M0382,2026-07-01T15:31:00
M0382,2026-07-07T08:07:00
M0382,2026-07-09T17:50:00
M0382,2026-07-16T07:35:00
M0382,2026-07-18T06:04:00
M0382,2026-07-18T14:54:00
M0382,2026-07-24T13:17:00
M0382,2026-07-26T17:44:00
M0382,2026-07-29T08:38:00
M0382,2026-08-03T07:07:00
M0382,2026-08-03T12:22:00
M0382,2026-08-06T17:28:00
M0382,2026-08-10T06:08:00
M0382,2026-08-11T12:00:00
M0382,2026-08-28T09:06:00
M0382,2026-09-07T07:31:00
M0383,2026-02-15T06:26:00
M0383,2026-02-15T06:54:00
M0383,2026-02-16T07:24:00
M0383,2026-02-16T15:51:00
M0383,2026-02-18T14:05:00
M0383,2026-02-20T07:34:00
M0383,2026-02-23T08:55:00
M0383,2026-02-24T07:35:00
M0383,2026-02-24T08:56:00
M0383,2026-02-28T20:02:00
M0383,2026-02-28T20:52:00
M0383,2026-03-04T07:00:00
M0383,2026-03-04T11:14:00
M0383,2026-03-07T13:38:00
M0383,2026-03-08T12:55:00
M0383,2026-03-12T08:09:00
M0383,2026-03-12T19:11:00
M0383,2026-03-13T11:04:00
M0383,2026-03-14T07:13:00
M0383,2026-03-15T06:54:00
M0383,2026-03-15T14:41:00
M0383,2026-03-19T13:02:00
M0383,2026-03-21T19:38:00
M0383,2026-03-23T06:04:00
M0383,2026-03-23T12:39:00
M0383,2026-03-25T16:56:00
M0383,2026-03-25T20:54:00
M0383,2026-03-27T20:48:00
M0383,2026-03-31T07:55:00
M0383,2026-04-02T09:52:00
M0383,2026-04-06T06:44:00
M0383,2026-04-07T06:59:00
M0383,2026-04-07T08:02:00
M0383,2026-04-07T13:09:00
M0383,2026-04-09T17:18:00
M0383,2026-04-11T12:45:00
M0383,2026-04-11T12:47:00
M0383,2026-04-12T11:01:00
M0383,2026-04-13T09:15:00
M0383,2026-04-16T15:35:00
M0383,2026-04-16T16:56:00
M0383,2026-04-17T20:13:00
M0383,2026-04-19T12:08:00
M0383,2026-04-20T07:02:00
M0383,2026-04-20T19:53:00
M0383,2026-04-22T10:24:00
M0383,2026-04-25T09:14:00
M0383,2026-04-25T13:15:00
M0383,2026-04-25T20:57:00
M0383,2026-04-27T16:04:00
M0383,2026-05-01T17:21:00
M0383,2026-05-03T06:55:00
M0383,2026-05-06T12:28:00
M0383,2026-05-07T08:01:00
M0383,2026-05-08T08:18:00
M0383,2026-05-08T20:37:00
M0383,2026-05-08T20:52:00
M0383,2026-05-09T13:19:00
M0383,2026-05-09T16:53:00
M0383,2026-05-10T11:36:00
M0383,2026-05-14T16:26:00
M0383,2026-05-16T15:20:00
M0383,2026-05-17T09:38:00
M0383,2026-05-17T15:03:00
M0383,2026-05-17T16:33:00
M0383,2026-05-17T18:24:00
M0383,2026-05-18T13:17:00
M0383,2026-05-19T11:15:00
M0383,2026-05-22T14:01:00
M0383,2026-05-23T12:09:00
M0383,2026-05-28T06:01:00
M0383,2026-05-28T12:31:00
M0383,2026-05-29T14:19:00
M0383,2026-05-30T10:25:00
M0383,2026-06-01T06:05:00
M0383,2026-06-01T06:53:00
M0383,2026-06-03T09:41:00
M0383,2026-06-03T10:49:00
M0383,2026-06-04T10:27:00
M0383,2026-06-04T20:23:00
M0383,2026-06-05T06:14:00
M0383,2026-06-16T19:47:00
M0383,2026-06-17T17:43:00
M0383,2026-06-18T17:18:00
M0383,2026-06-19T19:23:00
M0383,2026-06-20T07:32:00
M0383,2026-06-20T18:41:00
M0383,2026-06-21T08:00:00
M0383,2026-06-22T16:10:00
M0383,2026-06-24T06:08:00
M0383,2026-06-27T12:22:00
M0383,2026-06-27T12:47:00
M0383,2026-06-27T15:33:00
M0383,2026-06-27T19:31:00
M0383,2026-06-27T19:38:00
M0383,2026-07-01T20:38:00
M0383,2026-07-05T12:52:00
M0383,2026-07-07T11:07:00
M0383,2026-07-07T13:40:00
M0383,2026-07-09T15:59:00
M0383,2026-07-10T11:02:00
M0383,2026-07-13T12:06:00
M0383,2026-07-13T18:01:00
M0383,2026-07-14T11:27:00
M0383,2026-07-14T16:10:00
M0383,2026-07-16T08:43:00
M0383,2026-07-16T10:12:00
M0383,2026-07-16T15:43:00
M0383,2026-07-16T20:32:00
M0383,2026-07-21T18:10:00
M0383,2026-07-22T20:47:00
M0383,2026-07-24T16:35:00
M0383,2026-07-24T18:40:00
M0383,2026-07-25T08:56:00
M0383,2026-07-25T10:54:00
M0383,2026-07-29T13:05:00
M0383,2026-08-01T19:14:00
M0383,2026-08-03T09:18:00
M0383,2026-08-04T12:48:00
M0383,2026-08-04T18:43:00
M0383,2026-08-10T07:16:00
M0383,2026-08-10T18:09:00
M0383,2026-08-13T13:07:00
M0383,2026-08-13T17:55:00
M0383,2026-08-20T20:37:00
M0383,2026-08-23T07:55:00
M0383,2026-08-25T10:21:00
M0383,2026-09-07T11:37:00
M0384,2026-04-22T08:51:00
M0384,2026-04-22T12:58:00
M0384,2026-04-22T13:12:00
M0384,2026-04-23T17:08:00
M0384,2026-04-27T18:39:00
M0384,2026-04-30T16:05:00
M0384,2026-05-01T10:13:00
M0384,2026-05-04T15:33:00
M0384,2026-05-11T10:45:00
M0384,2026-05-11T16:33:00
M0384,2026-05-12T10:20:00
M0384,2026-05-14T16:19:00
M0384,2026-05-18T13:03:00
M0384,2026-05-18T13:18:00
M0384,2026-05-21T06:09:00
M0384,2026-05-24T09:26:00
M0384,2026-05-24T12:00:00
M0384,2026-05-26T08:23:00
M0384,2026-05-26T11:20:00
M0384,2026-06-01T09:16:00
M0384,2026-06-02T16:42:00
M0384,2026-06-04T08:11:00
M0384,2026-06-06T07:28:00
M0384,2026-06-08T13:23:00
M0384,2026-06-10T16:02:00
M0384,2026-06-12T06:58:00
M0384,2026-06-12T11:19:00
M0384,2026-06-15T12:15:00
M0384,2026-06-16T15:13:00
M0384,2026-06-17T14:10:00
M0384,2026-06-17T18:35:00
M0384,2026-06-18T15:02:00
M0384,2026-06-19T07:28:00
M0384,2026-06-23T18:54:00
M0384,2026-06-26T17:25:00
M0384,2026-06-29T06:48:00
M0384,2026-07-03T16:57:00
M0384,2026-07-05T20:34:00
M0384,2026-07-07T18:37:00
M0384,2026-07-08T12:06:00
M0384,2026-07-09T16:42:00
M0384,2026-07-14T18:03:00
M0384,2026-07-15T12:17:00
M0384,2026-07-19T19:24:00
M0384,2026-07-23T12:16:00
M0384,2026-07-23T14:52:00
M0384,2026-07-25T12:53:00
M0384,2026-07-29T12:10:00
M0384,2026-07-29T20:03:00
M0384,2026-07-31T10:58:00
M0384,2026-08-04T18:53:00
M0384,2026-08-05T06:47:00
M0384,2026-08-08T07:41:00
M0384,2026-08-09T20:19:00
M0384,2026-08-10T20:37:00
M0384,2026-08-11T11:29:00
M0384,2026-08-14T12:07:00
M0384,2026-08-14T15:36:00
M0384,2026-08-14T20:10:00
M0384,2026-08-17T08:33:00
M0384,2026-08-19T09:33:00
M0384,2026-08-19T16:21:00
M0384,2026-08-23T19:06:00
M0384,2026-08-26T16:21:00
M0384,2026-08-29T19:09:00
M0384,2026-09-01T06:15:00
M0384,2026-09-08T20:43:00
M0385,2025-08-18T09:35:00
M0385,2025-08-18T17:42:00
M0385,2025-08-19T06:27:00
M0385,2025-08-21T09:56:00
M0385,2025-08-22T09:51:00
M0385,2025-08-22T10:01:00
M0385,2025-08-24T19:21:00
M0385,2025-08-25T17:27:00
M0385,2025-09-02T17:44:00
M0385,2025-09-06T13:29:00
M0385,2025-09-07T07:37:00
M0385,2025-09-07T12:37:00
M0385,2025-09-13T06:21:00
M0385,2025-09-14T16:07:00
M0385,2025-09-15T15:29:00
M0385,2025-09-15T19:31:00
M0385,2025-09-22T15:22:00
M0385,2025-09-25T10:58:00
M0385,2025-09-28T10:22:00
M0385,2025-09-29T20:19:00
M0385,2025-10-04T10:01:00
M0385,2025-10-05T12:37:00
M0385,2025-10-07T14:29:00
M0385,2025-10-12T12:30:00
M0385,2025-10-14T14:41:00
M0385,2025-10-15T09:07:00
M0385,2025-10-18T11:47:00
M0385,2025-10-19T17:59:00
M0385,2025-10-22T15:58:00
M0385,2025-10-23T12:38:00
M0385,2025-10-26T11:26:00
M0385,2025-10-30T15:10:00
M0385,2025-10-31T12:11:00
M0385,2025-11-01T12:14:00
M0385,2025-11-03T09:43:00
M0385,2025-11-03T15:42:00
M0385,2025-11-04T08:16:00
M0385,2025-11-04T13:48:00
M0385,2025-11-04T17:30:00
M0385,2025-11-09T16:39:00
M0385,2025-11-10T11:26:00
M0385,2025-11-13T18:20:00
M0385,2025-11-17T20:28:00
M0385,2025-11-18T10:12:00
M0385,2025-11-19T07:43:00
M0385,2025-11-20T14:41:00
M0385,2025-11-22T18:06:00
M0385,2025-11-26T18:46:00
M0385,2025-11-27T06:59:00
M0385,2025-11-27T12:51:00
M0385,2025-11-28T18:32:00
M0385,2025-11-29T14:05:00
M0385,2025-11-29T16:47:00
M0385,2025-11-30T09:09:00
M0385,2025-12-01T08:43:00
M0385,2025-12-01T13:50:00
M0385,2025-12-06T07:37:00
M0385,2025-12-16T12:47:00
M0385,2025-12-16T13:16:00
M0385,2025-12-17T08:55:00
M0385,2025-12-20T16:13:00
M0385,2025-12-22T07:13:00
M0385,2025-12-22T14:16:00
M0385,2025-12-23T10:04:00
M0385,2025-12-25T09:34:00
M0385,2025-12-30T11:55:00
M0385,2026-01-10T13:45:00
M0385,2026-01-12T18:27:00
M0385,2026-01-19T17:18:00
M0385,2026-01-22T07:04:00
M0385,2026-01-24T14:09:00
M0385,2026-01-27T06:28:00
M0385,2026-01-27T10:29:00
M0385,2026-01-29T12:59:00
M0385,2026-02-02T10:52:00
M0385,2026-02-04T20:22:00
M0385,2026-02-06T13:56:00
M0385,2026-02-07T11:19:00
M0385,2026-02-08T18:14:00
M0385,2026-02-09T18:25:00
M0385,2026-02-10T07:41:00
M0385,2026-02-12T09:30:00
M0385,2026-02-13T08:25:00
M0385,2026-02-13T14:20:00
M0385,2026-02-15T10:28:00
M0385,2026-02-15T20:26:00
M0385,2026-02-16T14:55:00
M0385,2026-02-20T10:14:00
M0385,2026-02-21T14:56:00
M0385,2026-02-21T17:01:00
M0385,2026-02-23T10:35:00
M0385,2026-02-27T09:02:00
M0385,2026-03-06T17:56:00
M0385,2026-03-07T11:30:00
M0385,2026-03-09T12:23:00
M0385,2026-03-12T06:33:00
M0385,2026-03-16T14:43:00
M0385,2026-03-20T06:48:00
M0385,2026-03-20T06:56:00
M0385,2026-03-21T18:16:00
M0385,2026-03-25T12:51:00
M0385,2026-03-27T18:10:00
M0385,2026-03-28T08:18:00
M0385,2026-03-28T08:35:00
M0385,2026-03-31T10:44:00
M0385,2026-04-02T06:59:00
M0385,2026-04-02T07:29:00
M0385,2026-04-05T14:29:00
M0385,2026-04-06T10:36:00
M0385,2026-04-07T17:05:00
M0385,2026-04-07T18:51:00
M0385,2026-04-09T19:12:00
M0385,2026-04-10T07:12:00
M0385,2026-04-16T20:08:00
M0385,2026-04-18T06:19:00
M0385,2026-04-18T09:33:00
M0385,2026-04-19T08:37:00
M0385,2026-04-21T06:49:00
M0385,2026-04-22T06:41:00
M0385,2026-04-25T09:17:00
M0385,2026-04-25T14:50:00
M0385,2026-04-27T12:18:00
M0385,2026-04-30T12:16:00
M0385,2026-05-01T07:41:00
M0385,2026-05-01T08:46:00
M0385,2026-05-05T20:46:00
M0385,2026-05-07T09:35:00
M0385,2026-05-09T12:35:00
M0385,2026-05-10T07:13:00
M0385,2026-05-14T16:08:00
M0385,2026-05-14T18:44:00
M0385,2026-05-16T08:40:00
M0385,2026-05-17T14:06:00
M0385,2026-05-20T20:13:00
M0385,2026-05-22T07:23:00
M0385,2026-05-23T15:11:00
M0385,2026-05-26T07:12:00
M0385,2026-05-26T09:32:00
M0385,2026-05-27T17:32:00
M0385,2026-05-28T06:41:00
M0385,2026-05-28T13:04:00
M0385,2026-05-29T09:02:00
M0385,2026-06-03T07:58:00
M0385,2026-06-05T13:25:00
M0385,2026-06-06T13:48:00
M0385,2026-06-08T08:32:00
M0385,2026-06-11T10:38:00
M0385,2026-06-22T13:10:00
M0385,2026-06-24T17:01:00
M0385,2026-06-25T20:44:00
M0385,2026-06-26T07:00:00
M0385,2026-06-27T10:33:00
M0385,2026-06-30T15:05:00
M0385,2026-07-02T13:34:00
M0385,2026-07-06T08:33:00
M0385,2026-07-07T15:41:00
M0385,2026-07-09T15:40:00
M0385,2026-07-10T16:15:00
M0385,2026-07-17T11:57:00
M0385,2026-07-18T15:14:00
M0385,2026-07-24T20:09:00
M0385,2026-07-26T06:49:00
M0385,2026-07-26T08:50:00
M0385,2026-07-27T10:27:00
M0385,2026-07-30T16:33:00
M0385,2026-07-31T11:15:00
M0385,2026-07-31T11:15:00
M0385,2026-07-31T14:46:00
M0385,2026-08-02T18:26:00
M0385,2026-08-03T11:27:00
M0385,2026-08-03T19:43:00
M0385,2026-08-04T06:28:00
M0385,2026-08-04T09:49:00
M0385,2026-08-04T16:19:00
M0385,2026-08-09T14:26:00
M0385,2026-08-09T18:49:00
M0385,2026-08-09T20:43:00
M0385,2026-08-10T07:43:00
M0385,2026-08-10T19:44:00
M0385,2026-08-13T06:05:00
M0385,2026-08-13T13:35:00
M0385,2026-08-14T10:24:00
M0385,2026-08-16T08:14:00
M0385,2026-08-19T17:04:00
M0385,2026-08-23T08:35:00
M0385,2026-08-24T10:18:00
M0385,2026-08-27T07:56:00
M0386,2025-10-02T17:04:00
M0386,2025-10-03T16:35:00
M0386,2025-10-09T20:14:00
M0386,2025-10-12T18:08:00
M0386,2025-10-16T06:45:00
M0386,2025-10-19T13:29:00
M0386,2025-10-30T18:12:00
M0386,2025-10-31T20:41:00
M0386,2025-11-17T17:15:00
M0386,2025-11-20T14:36:00
M0386,2025-11-22T11:40:00
M0386,2025-11-27T10:04:00
M0386,2025-11-27T11:49:00
M0386,2025-11-30T15:03:00
M0386,2025-12-05T10:41:00
M0386,2025-12-06T12:37:00
M0386,2025-12-09T20:26:00
M0386,2025-12-11T20:45:00
M0386,2025-12-16T16:15:00
M0386,2025-12-24T09:21:00
M0386,2025-12-25T13:30:00
M0386,2025-12-25T17:53:00
M0386,2025-12-28T07:57:00
M0386,2025-12-28T11:26:00
M0386,2025-12-28T14:17:00
M0386,2026-01-17T13:56:00
M0386,2026-01-20T17:39:00
M0386,2026-01-23T11:36:00
M0386,2026-01-27T12:04:00
M0386,2026-01-28T11:32:00
M0386,2026-01-30T16:59:00
M0386,2026-02-04T10:34:00
M0386,2026-02-06T20:10:00
M0386,2026-02-07T09:28:00
M0386,2026-02-08T14:58:00
M0386,2026-02-10T18:39:00
M0386,2026-03-12T06:18:00
M0386,2026-03-17T10:17:00
M0386,2026-03-18T06:11:00
M0386,2026-03-18T19:54:00
M0386,2026-03-19T13:40:00
M0386,2026-03-30T08:07:00
M0386,2026-04-07T15:21:00
M0386,2026-04-09T18:33:00
M0386,2026-04-19T15:35:00
M0386,2026-04-23T18:06:00
M0386,2026-04-24T20:04:00
M0386,2026-05-02T06:14:00
M0386,2026-05-05T18:10:00
M0386,2026-05-07T17:26:00
M0386,2026-05-15T10:00:00
M0386,2026-05-18T10:13:00
M0386,2026-05-19T19:50:00
M0386,2026-05-22T19:46:00
M0386,2026-06-04T10:05:00
M0386,2026-06-05T20:52:00
M0386,2026-06-06T08:27:00
M0386,2026-06-10T19:07:00
M0386,2026-06-12T06:32:00
M0386,2026-06-13T12:20:00
M0386,2026-06-15T14:26:00
M0386,2026-06-18T20:00:00
M0386,2026-06-19T19:37:00
M0386,2026-06-21T19:06:00
M0386,2026-06-30T15:50:00
M0386,2026-07-04T17:32:00
M0386,2026-07-05T13:54:00
M0386,2026-07-07T08:39:00
M0386,2026-07-07T16:05:00
M0386,2026-07-15T06:10:00
M0386,2026-07-18T13:50:00
M0386,2026-07-20T07:56:00
M0386,2026-07-21T11:57:00
M0386,2026-07-22T15:18:00
M0386,2026-08-06T11:28:00
M0386,2026-08-12T11:20:00
M0387,2026-04-22T11:25:00
M0387,2026-04-23T19:56:00
M0387,2026-04-24T14:45:00
M0387,2026-04-25T07:03:00
M0387,2026-04-25T11:30:00
M0387,2026-04-28T18:53:00
M0387,2026-05-03T20:24:00
M0387,2026-05-04T12:00:00
M0387,2026-05-06T06:47:00
M0387,2026-05-07T16:21:00
M0387,2026-05-13T07:26:00
M0387,2026-05-13T16:55:00
M0387,2026-05-15T07:28:00
M0387,2026-05-17T12:01:00
M0387,2026-05-23T10:44:00
M0387,2026-05-27T17:10:00
M0387,2026-05-30T12:38:00
M0387,2026-06-04T14:05:00
M0387,2026-06-06T09:14:00
M0387,2026-06-07T17:37:00
M0387,2026-06-17T12:55:00
M0387,2026-06-17T17:57:00
M0387,2026-06-22T13:21:00
M0387,2026-06-28T11:54:00
M0387,2026-07-01T11:16:00
M0387,2026-07-05T18:01:00
M0387,2026-07-19T14:12:00
M0387,2026-08-01T18:11:00
M0387,2026-08-02T06:23:00
M0387,2026-08-14T09:55:00
M0387,2026-08-17T14:10:00
M0387,2026-08-26T16:19:00
M0387,2026-08-31T17:37:00
M0387,2026-09-06T15:25:00
M0388,2025-08-26T12:14:00
M0388,2025-08-27T14:28:00
M0388,2025-08-27T16:01:00
M0388,2025-09-02T18:47:00
M0388,2025-09-03T11:06:00
M0388,2025-09-04T07:58:00
M0388,2025-09-05T20:15:00
M0388,2025-09-07T13:39:00
M0388,2025-09-08T19:10:00
M0388,2025-09-16T16:47:00
M0388,2025-09-26T09:56:00
M0388,2025-09-29T15:41:00
M0388,2025-10-04T10:18:00
M0388,2025-10-07T07:43:00
M0388,2025-10-07T07:50:00
M0388,2025-10-07T10:54:00
M0388,2025-10-11T11:21:00
M0388,2025-10-12T13:38:00
M0388,2025-10-13T13:11:00
M0388,2025-10-15T12:24:00
M0388,2025-10-17T15:01:00
M0388,2025-10-20T18:03:00
M0388,2025-10-21T09:03:00
M0388,2025-10-23T11:28:00
M0388,2025-10-23T16:13:00
M0388,2025-10-23T17:04:00
M0388,2025-10-25T16:23:00
M0388,2025-10-26T14:12:00
M0388,2025-10-26T14:31:00
M0388,2025-10-26T19:54:00
M0388,2025-10-29T07:15:00
M0388,2025-11-06T12:31:00
M0388,2025-11-06T13:29:00
M0388,2025-11-07T11:51:00
M0388,2025-11-11T17:08:00
M0388,2025-11-12T19:38:00
M0388,2025-11-14T16:44:00
M0388,2025-11-15T09:47:00
M0388,2025-11-20T13:13:00
M0388,2025-11-26T18:28:00
M0388,2025-11-27T07:37:00
M0388,2025-11-27T13:20:00
M0388,2025-12-02T06:53:00
M0388,2025-12-05T07:51:00
M0388,2025-12-12T10:21:00
M0388,2025-12-16T14:45:00
M0388,2025-12-17T16:01:00
M0388,2025-12-19T20:44:00
M0388,2025-12-23T14:59:00
M0388,2025-12-24T20:19:00
M0388,2025-12-25T19:37:00
M0388,2025-12-27T14:08:00
M0388,2025-12-31T07:15:00
M0388,2026-01-01T12:36:00
M0388,2026-01-10T12:24:00
M0388,2026-01-15T10:49:00
M0388,2026-01-16T14:27:00
M0388,2026-01-22T09:36:00
M0388,2026-01-23T12:38:00
M0388,2026-01-25T06:33:00
M0388,2026-01-25T13:33:00
M0388,2026-01-25T14:38:00
M0388,2026-01-26T10:07:00
M0388,2026-02-11T15:02:00
M0388,2026-02-13T17:15:00
M0388,2026-02-28T17:57:00
M0388,2026-03-06T10:39:00
M0388,2026-03-16T16:18:00
M0388,2026-03-19T06:28:00
M0388,2026-03-19T10:11:00
M0388,2026-03-22T10:16:00
M0388,2026-03-24T11:19:00
M0388,2026-03-31T13:35:00
M0388,2026-03-31T14:30:00
M0388,2026-04-01T11:46:00
M0388,2026-04-02T07:03:00
M0388,2026-04-02T19:41:00
M0388,2026-04-03T11:16:00
M0388,2026-04-08T20:03:00
M0388,2026-04-16T11:05:00
M0388,2026-04-19T15:15:00
M0388,2026-04-20T09:28:00
M0388,2026-04-22T12:51:00
M0388,2026-04-24T07:59:00
M0388,2026-04-27T09:20:00
M0388,2026-04-30T14:38:00
M0388,2026-05-01T08:35:00
M0388,2026-05-01T17:07:00
M0388,2026-05-13T14:31:00
M0388,2026-05-14T13:00:00
M0388,2026-05-15T16:41:00
M0388,2026-05-16T13:22:00
M0388,2026-05-16T20:01:00
M0388,2026-05-18T07:12:00
M0388,2026-05-19T11:25:00
M0388,2026-05-21T19:39:00
M0388,2026-05-22T09:53:00
M0388,2026-05-22T16:43:00
M0388,2026-05-24T15:40:00
M0388,2026-05-28T17:49:00
M0388,2026-06-03T18:43:00
M0388,2026-06-07T12:52:00
M0388,2026-06-09T07:48:00
M0388,2026-06-15T14:25:00
M0388,2026-06-16T12:26:00
M0388,2026-06-18T18:30:00
M0388,2026-06-20T13:47:00
M0388,2026-06-23T18:14:00
M0388,2026-06-25T07:25:00
M0388,2026-06-28T19:33:00
M0388,2026-06-29T09:00:00
M0388,2026-06-30T08:47:00
M0388,2026-06-30T18:34:00
M0388,2026-07-05T14:25:00
M0388,2026-07-08T16:52:00
M0388,2026-07-10T14:26:00
M0388,2026-07-12T12:08:00
M0388,2026-07-15T06:39:00
M0388,2026-07-15T12:25:00
M0388,2026-07-15T15:31:00
M0388,2026-07-15T18:52:00
M0388,2026-07-21T19:16:00
M0388,2026-07-22T09:25:00
M0388,2026-07-22T10:51:00
M0388,2026-07-23T06:49:00
M0388,2026-07-24T16:21:00
M0388,2026-07-27T16:29:00
M0388,2026-07-29T07:08:00
M0388,2026-07-30T08:03:00
M0388,2026-08-04T19:33:00
M0388,2026-08-07T16:02:00
M0388,2026-08-09T07:44:00
M0388,2026-08-10T10:40:00
M0388,2026-08-10T11:15:00
M0388,2026-08-10T18:43:00
M0388,2026-08-11T14:00:00
M0388,2026-08-12T20:32:00
M0388,2026-08-14T08:52:00
M0388,2026-08-14T09:57:00
M0388,2026-08-16T12:20:00
M0388,2026-08-24T15:10:00
M0388,2026-08-26T12:33:00
M0388,2026-08-27T15:26:00
M0388,2026-08-28T06:02:00
M0388,2026-09-01T09:05:00
M0388,2026-09-01T18:19:00
M0388,2026-09-06T20:20:00
M0389,2025-09-27T14:26:00
M0389,2025-09-27T19:58:00
M0389,2025-09-30T07:41:00
M0389,2025-09-30T08:30:00
M0389,2025-10-06T19:12:00
M0389,2025-10-06T19:36:00
M0389,2025-10-09T19:21:00
M0389,2025-10-11T19:39:00
M0389,2025-10-14T09:14:00
M0389,2025-10-17T20:09:00
M0389,2025-10-22T07:35:00
M0389,2025-10-24T10:50:00
M0389,2025-10-24T13:25:00
M0389,2025-11-08T07:26:00
M0389,2025-11-11T19:45:00
M0389,2025-11-16T19:53:00
M0389,2025-11-17T08:56:00
M0389,2025-11-17T18:23:00
M0389,2025-11-19T17:26:00
M0389,2025-11-21T07:00:00
M0389,2025-11-27T07:34:00
M0389,2025-11-28T07:40:00
M0389,2025-12-01T20:31:00
M0389,2025-12-04T16:11:00
M0389,2025-12-08T12:23:00
M0389,2025-12-16T08:13:00
M0389,2025-12-19T16:27:00
M0389,2025-12-19T17:57:00
M0389,2025-12-24T09:48:00
M0389,2025-12-26T10:27:00
M0389,2025-12-29T07:08:00
M0389,2025-12-30T14:17:00
M0389,2025-12-30T16:51:00
M0389,2026-01-12T12:29:00
M0389,2026-01-19T08:27:00
M0389,2026-01-21T07:55:00
M0389,2026-01-23T10:43:00
M0389,2026-02-01T07:57:00
M0389,2026-02-01T15:11:00
M0389,2026-02-01T19:48:00
M0389,2026-02-02T14:57:00
M0389,2026-02-06T16:13:00
M0389,2026-02-06T20:52:00
M0389,2026-02-10T11:13:00
M0389,2026-02-16T10:52:00
M0389,2026-02-19T11:40:00
M0389,2026-03-02T19:27:00
M0389,2026-03-05T19:34:00
M0389,2026-03-09T19:27:00
M0389,2026-03-11T13:44:00
M0389,2026-03-15T07:53:00
M0389,2026-03-17T09:50:00
M0389,2026-03-17T17:41:00
M0389,2026-03-21T18:21:00
M0389,2026-03-22T10:45:00
M0389,2026-03-23T18:16:00
M0389,2026-03-24T07:15:00
M0389,2026-03-31T06:29:00
M0389,2026-04-13T10:39:00
M0389,2026-04-15T14:55:00
M0389,2026-05-01T17:56:00
M0389,2026-05-01T18:17:00
M0389,2026-05-03T20:08:00
M0389,2026-05-04T10:03:00
M0389,2026-05-04T11:01:00
M0389,2026-05-05T11:42:00
M0389,2026-05-06T08:03:00
M0389,2026-05-09T07:06:00
M0389,2026-05-09T15:01:00
M0389,2026-05-09T17:22:00
M0389,2026-05-11T16:41:00
M0389,2026-05-17T18:46:00
M0389,2026-05-22T18:37:00
M0389,2026-05-28T07:20:00
M0389,2026-05-28T18:00:00
M0389,2026-05-30T08:21:00
M0389,2026-05-30T09:40:00
M0389,2026-06-12T09:48:00
M0389,2026-06-14T10:24:00
M0389,2026-06-14T18:16:00
M0389,2026-06-19T20:53:00
M0389,2026-06-23T08:35:00
M0389,2026-06-24T15:10:00
M0389,2026-06-24T17:20:00
M0389,2026-06-26T16:01:00
M0389,2026-06-30T20:46:00
M0389,2026-07-08T13:35:00
M0389,2026-07-11T09:00:00
M0389,2026-07-12T11:59:00
M0389,2026-07-14T09:06:00
M0389,2026-07-21T11:43:00
M0389,2026-07-23T15:01:00
M0389,2026-07-28T06:15:00
M0389,2026-08-04T10:40:00
M0389,2026-08-06T08:47:00
M0389,2026-08-07T16:23:00
M0389,2026-08-08T08:01:00
M0389,2026-08-09T08:56:00
M0389,2026-08-10T18:40:00
M0389,2026-08-13T20:32:00
M0389,2026-08-14T12:50:00
M0389,2026-08-14T15:31:00
M0389,2026-08-17T11:59:00
M0389,2026-08-17T12:52:00
M0389,2026-08-18T17:23:00
M0389,2026-08-21T17:59:00
M0389,2026-08-29T14:44:00
M0389,2026-09-03T15:15:00
M0389,2026-09-03T19:51:00
M0389,2026-09-06T15:49:00
M0390,2026-04-09T20:11:00
M0390,2026-04-11T20:33:00
M0390,2026-04-15T08:46:00
M0390,2026-04-18T06:43:00
M0390,2026-04-18T15:21:00
M0390,2026-04-18T19:32:00
M0390,2026-04-20T15:28:00
M0390,2026-04-23T09:00:00
M0390,2026-04-29T19:23:00
M0390,2026-04-30T15:35:00
M0390,2026-05-01T16:37:00
M0390,2026-05-01T19:04:00
M0390,2026-05-02T18:43:00
M0390,2026-05-07T10:25:00
M0390,2026-05-22T17:01:00
M0390,2026-05-23T13:48:00
M0390,2026-05-23T18:40:00
M0390,2026-05-26T11:55:00
M0390,2026-05-27T08:42:00
M0390,2026-06-02T16:47:00
M0390,2026-06-03T16:29:00
M0390,2026-06-07T20:13:00
M0390,2026-06-08T13:06:00
M0390,2026-06-11T18:40:00
M0390,2026-06-18T13:22:00
M0390,2026-06-18T13:52:00
M0390,2026-06-21T16:08:00
M0390,2026-06-23T06:50:00
M0390,2026-06-25T14:55:00
M0390,2026-06-28T13:21:00
M0390,2026-07-03T20:08:00
M0390,2026-07-05T10:25:00
M0390,2026-07-11T20:37:00
M0390,2026-07-12T16:25:00
M0390,2026-07-12T20:29:00
M0390,2026-07-14T09:37:00
M0390,2026-07-20T06:09:00
M0390,2026-07-22T09:39:00
M0390,2026-07-23T10:30:00
M0390,2026-07-25T10:58:00
M0390,2026-07-28T16:50:00
M0390,2026-07-28T19:57:00
M0390,2026-08-01T10:00:00
M0390,2026-08-14T07:36:00
M0390,2026-08-14T13:15:00
M0390,2026-08-19T07:58:00
M0390,2026-08-20T16:39:00
M0390,2026-09-04T16:00:00
M0391,2025-09-09T20:08:00
M0391,2025-09-11T18:40:00
M0391,2025-09-17T07:01:00
M0391,2025-09-17T07:40:00
M0391,2025-09-17T17:36:00
M0391,2025-09-19T12:17:00
M0391,2025-09-20T12:26:00
M0391,2025-09-22T07:43:00
M0391,2025-09-22T11:11:00
M0391,2025-09-23T08:44:00
M0391,2025-09-24T11:26:00
M0391,2025-09-26T06:34:00
M0391,2025-09-28T11:10:00
M0391,2025-09-28T16:00:00
M0391,2025-09-28T16:55:00
M0391,2025-09-28T17:24:00
M0391,2025-10-02T09:11:00
M0391,2025-10-04T18:12:00
M0391,2025-10-05T19:31:00
M0391,2025-10-07T07:51:00
M0391,2025-10-09T20:02:00
M0391,2025-10-14T09:02:00
M0391,2025-10-15T17:44:00
M0391,2025-10-16T12:01:00
M0391,2025-10-17T12:56:00
M0391,2025-10-20T07:25:00
M0391,2025-10-23T19:42:00
M0391,2025-10-25T10:09:00
M0391,2025-10-26T06:24:00
M0391,2025-10-27T19:19:00
M0391,2025-10-28T10:30:00
M0391,2025-10-29T08:13:00
M0391,2025-10-29T19:47:00
M0391,2025-11-02T12:29:00
M0391,2025-11-02T18:25:00
M0391,2025-11-07T09:31:00
M0391,2025-11-09T06:03:00
M0391,2025-11-11T07:34:00
M0391,2025-11-12T14:34:00
M0391,2025-11-13T08:04:00
M0391,2025-11-19T08:51:00
M0391,2025-11-20T06:32:00
M0391,2025-11-20T18:53:00
M0391,2025-11-21T10:30:00
M0391,2025-11-23T13:03:00
M0391,2025-11-26T10:29:00
M0391,2025-11-26T17:21:00
M0391,2025-11-27T17:02:00
M0391,2025-11-28T07:41:00
M0391,2025-11-28T11:49:00
M0391,2025-11-28T19:43:00
M0391,2025-12-01T12:40:00
M0391,2025-12-01T18:46:00
M0391,2025-12-03T15:01:00
M0391,2025-12-03T18:23:00
M0391,2025-12-04T16:23:00
M0391,2025-12-09T16:37:00
M0391,2025-12-09T18:31:00
M0391,2025-12-10T19:46:00
M0391,2025-12-11T07:53:00
M0391,2025-12-13T17:58:00
M0391,2025-12-14T19:37:00
M0391,2025-12-16T14:45:00
M0391,2025-12-18T15:53:00
M0391,2025-12-19T09:47:00
M0391,2025-12-20T13:33:00
M0391,2025-12-20T15:45:00
M0391,2025-12-27T12:20:00
M0391,2025-12-28T14:00:00
M0391,2025-12-29T09:16:00
M0391,2025-12-29T09:49:00
M0391,2025-12-30T11:53:00
M0391,2026-01-05T06:16:00
M0391,2026-01-05T06:50:00
M0391,2026-01-07T19:02:00
M0391,2026-01-08T19:34:00
M0391,2026-01-11T06:09:00
M0391,2026-01-13T11:16:00
M0391,2026-01-14T11:12:00
M0391,2026-01-14T18:29:00
M0391,2026-01-17T17:49:00
M0391,2026-01-18T12:13:00
M0391,2026-01-20T18:45:00
M0391,2026-01-22T12:51:00
M0391,2026-01-29T08:21:00
M0391,2026-02-01T07:30:00
M0391,2026-02-08T09:53:00
M0391,2026-02-14T16:12:00
M0391,2026-02-14T19:09:00
M0391,2026-02-16T07:30:00
M0391,2026-02-16T16:15:00
M0391,2026-02-21T06:34:00
M0391,2026-02-21T08:24:00
M0391,2026-02-21T11:32:00
M0391,2026-02-28T20:03:00
M0391,2026-03-07T17:58:00
M0391,2026-03-10T14:59:00
M0391,2026-03-11T20:44:00
M0391,2026-03-13T06:34:00
M0391,2026-03-13T14:45:00
M0391,2026-03-14T19:40:00
M0391,2026-03-15T07:10:00
M0391,2026-03-15T10:19:00
M0391,2026-03-15T12:20:00
M0391,2026-03-20T20:14:00
M0391,2026-03-21T11:32:00
M0391,2026-03-27T19:49:00
M0391,2026-03-30T07:06:00
M0391,2026-04-01T20:30:00
M0391,2026-04-05T06:36:00
M0391,2026-04-06T13:06:00
M0391,2026-04-09T20:06:00
M0391,2026-04-10T12:33:00
M0391,2026-04-21T08:05:00
M0391,2026-04-21T08:59:00
M0391,2026-04-22T09:58:00
M0391,2026-04-22T12:57:00
M0391,2026-04-25T16:55:00
M0391,2026-04-26T07:00:00
M0391,2026-04-29T13:12:00
M0391,2026-05-02T16:28:00
M0391,2026-05-06T14:26:00
M0391,2026-05-06T18:00:00
M0391,2026-05-11T11:55:00
M0391,2026-05-12T12:47:00
M0391,2026-05-12T13:56:00
M0391,2026-05-13T14:36:00
M0391,2026-05-14T16:27:00
M0391,2026-05-14T19:19:00
M0391,2026-05-16T10:06:00
M0391,2026-05-19T08:20:00
M0391,2026-05-19T09:40:00
M0391,2026-05-20T10:11:00
M0391,2026-05-27T13:59:00
M0391,2026-05-27T14:37:00
M0391,2026-05-29T13:45:00
M0391,2026-05-30T15:40:00
M0391,2026-06-01T16:53:00
M0391,2026-06-03T16:57:00
M0391,2026-06-03T18:48:00
M0391,2026-06-04T11:05:00
M0391,2026-06-10T06:14:00
M0391,2026-06-10T17:53:00
M0391,2026-06-12T08:42:00
M0391,2026-06-12T09:42:00
M0391,2026-06-14T07:16:00
M0391,2026-06-18T11:45:00
M0391,2026-06-19T17:01:00
M0391,2026-06-24T18:41:00
M0391,2026-06-26T06:43:00
M0391,2026-06-27T07:22:00
M0391,2026-06-29T06:41:00
M0391,2026-07-02T15:24:00
M0391,2026-07-03T09:09:00
M0391,2026-07-03T16:40:00
M0391,2026-07-03T18:06:00
M0391,2026-07-05T17:05:00
M0391,2026-07-07T13:58:00
M0391,2026-07-07T16:41:00
M0391,2026-07-08T08:21:00
M0391,2026-07-10T15:26:00
M0391,2026-07-16T17:22:00
M0391,2026-07-24T16:40:00
M0391,2026-07-25T09:14:00
M0391,2026-07-25T18:32:00
M0391,2026-07-29T08:59:00
M0391,2026-07-30T16:58:00
M0391,2026-08-01T06:27:00
M0391,2026-08-01T10:05:00
M0391,2026-08-01T16:52:00
M0391,2026-08-02T16:53:00
M0391,2026-08-03T14:47:00
M0391,2026-08-04T17:44:00
M0391,2026-08-07T12:25:00
M0391,2026-08-08T14:05:00
M0391,2026-08-16T20:36:00
M0391,2026-08-22T20:12:00
M0391,2026-09-10T06:22:00
M0392,2025-12-27T10:31:00
M0392,2025-12-27T10:57:00
M0392,2025-12-29T13:39:00
M0392,2025-12-31T10:06:00
M0392,2025-12-31T12:29:00
M0392,2025-12-31T20:33:00
M0392,2025-12-31T20:48:00
M0392,2026-01-05T08:06:00
M0392,2026-01-08T14:31:00
M0392,2026-01-09T15:26:00
M0392,2026-01-14T10:15:00
M0392,2026-01-17T08:25:00
M0392,2026-01-17T15:40:00
M0392,2026-01-18T13:19:00
M0392,2026-01-23T15:46:00
M0392,2026-01-25T14:30:00
M0392,2026-01-26T16:10:00
M0392,2026-01-27T09:46:00
M0392,2026-01-27T17:37:00
M0392,2026-01-28T08:37:00
M0392,2026-01-29T11:06:00
M0392,2026-01-30T14:19:00
M0392,2026-02-01T10:33:00
M0392,2026-02-07T13:30:00
M0392,2026-02-12T08:24:00
M0392,2026-02-14T09:06:00
M0392,2026-02-14T16:49:00
M0392,2026-02-15T14:06:00
M0392,2026-02-19T20:11:00
M0392,2026-02-21T10:00:00
M0392,2026-02-23T12:25:00
M0392,2026-02-26T14:58:00
M0392,2026-03-01T18:06:00
M0392,2026-03-02T12:21:00
M0392,2026-03-03T13:55:00
M0392,2026-03-04T10:16:00
M0392,2026-03-08T18:07:00
M0392,2026-03-09T14:51:00
M0392,2026-03-09T19:39:00
M0392,2026-03-11T08:54:00
M0392,2026-03-12T08:19:00
M0392,2026-03-13T13:06:00
M0392,2026-03-13T13:23:00
M0392,2026-03-14T11:44:00
M0392,2026-03-16T15:11:00
M0392,2026-03-18T08:40:00
M0392,2026-03-20T17:40:00
M0392,2026-03-22T16:29:00
M0392,2026-03-24T10:20:00
M0392,2026-03-25T06:22:00
M0392,2026-03-26T11:00:00
M0392,2026-03-29T16:21:00
M0392,2026-03-30T12:26:00
M0392,2026-04-01T14:02:00
M0392,2026-04-02T20:28:00
M0392,2026-04-04T07:11:00
M0392,2026-04-04T14:42:00
M0392,2026-04-05T14:29:00
M0392,2026-04-06T12:02:00
M0392,2026-04-07T10:07:00
M0392,2026-04-11T09:22:00
M0392,2026-04-11T16:58:00
M0392,2026-04-12T11:08:00
M0392,2026-04-13T14:49:00
M0392,2026-04-14T10:34:00
M0392,2026-04-16T18:08:00
M0392,2026-04-17T12:55:00
M0392,2026-04-17T16:12:00
M0392,2026-04-19T18:15:00
M0392,2026-04-19T19:51:00
M0392,2026-04-23T14:34:00
M0392,2026-04-26T07:31:00
M0392,2026-04-26T10:26:00
M0392,2026-04-27T17:53:00
M0392,2026-05-01T06:41:00
M0392,2026-05-01T07:41:00
M0392,2026-05-01T18:16:00
M0392,2026-05-07T15:41:00
M0392,2026-05-08T10:43:00
M0392,2026-05-14T13:55:00
M0392,2026-05-16T15:41:00
M0392,2026-05-20T16:56:00
M0392,2026-05-22T16:10:00
M0392,2026-05-28T11:33:00
M0392,2026-05-28T15:32:00
M0392,2026-05-28T16:15:00
M0392,2026-05-31T10:35:00
M0392,2026-06-03T06:43:00
M0392,2026-06-05T08:29:00
M0392,2026-06-05T20:20:00
M0392,2026-06-07T09:52:00
M0392,2026-06-08T07:08:00
M0392,2026-06-08T13:44:00
M0392,2026-06-08T16:32:00
M0392,2026-06-11T15:00:00
M0392,2026-06-14T06:58:00
M0392,2026-06-14T13:36:00
M0392,2026-06-16T06:42:00
M0392,2026-06-17T13:18:00
M0392,2026-06-18T15:06:00
M0392,2026-06-20T06:50:00
M0392,2026-06-20T08:36:00
M0392,2026-06-23T15:46:00
M0392,2026-06-24T06:55:00
M0392,2026-06-25T20:48:00
M0392,2026-06-26T15:39:00
M0392,2026-06-29T10:52:00
M0392,2026-06-30T17:18:00
M0392,2026-07-02T12:20:00
M0392,2026-07-03T08:44:00
M0392,2026-07-04T19:26:00
M0392,2026-07-06T10:20:00
M0392,2026-07-07T09:29:00
M0392,2026-07-08T11:35:00
M0392,2026-07-10T20:10:00
M0392,2026-07-13T08:33:00
M0392,2026-07-18T12:02:00
M0392,2026-07-18T14:56:00
M0392,2026-07-20T11:26:00
M0392,2026-07-24T14:00:00
M0392,2026-07-26T15:34:00
M0392,2026-08-07T06:44:00
M0392,2026-08-07T16:55:00
M0392,2026-08-07T19:33:00
M0392,2026-08-13T14:32:00
M0392,2026-08-15T06:00:00
M0392,2026-08-16T20:12:00
M0392,2026-09-07T14:09:00
M0393,2026-02-25T19:34:00
M0393,2026-02-25T20:48:00
M0393,2026-02-26T08:13:00
M0393,2026-02-28T08:07:00
M0393,2026-02-28T12:41:00
M0393,2026-02-28T15:47:00
M0393,2026-03-03T17:37:00
M0393,2026-03-06T10:04:00
M0393,2026-03-06T19:44:00
M0393,2026-03-11T13:00:00
M0393,2026-03-11T15:35:00
M0393,2026-03-12T13:46:00
M0393,2026-03-17T18:43:00
M0393,2026-03-19T15:42:00
M0393,2026-03-19T19:52:00
M0393,2026-03-23T15:19:00
M0393,2026-03-26T16:35:00
M0393,2026-03-28T09:21:00
M0393,2026-03-31T19:59:00
M0393,2026-04-02T10:37:00
M0393,2026-04-02T17:56:00
M0393,2026-04-04T09:35:00
M0393,2026-04-05T18:54:00
M0393,2026-04-08T15:09:00
M0393,2026-04-09T09:23:00
M0393,2026-04-10T15:05:00
M0393,2026-04-10T15:20:00
M0393,2026-04-11T16:41:00
M0393,2026-04-12T18:57:00
M0393,2026-04-13T19:34:00
M0393,2026-04-14T18:47:00
M0393,2026-04-17T19:33:00
M0393,2026-04-19T11:29:00
M0393,2026-04-24T12:41:00
M0393,2026-04-26T16:14:00
M0393,2026-04-28T08:57:00
M0393,2026-04-30T16:33:00
M0393,2026-05-01T20:35:00
M0393,2026-05-02T07:42:00
M0393,2026-05-02T11:13:00
M0393,2026-05-03T06:22:00
M0393,2026-05-05T15:06:00
M0393,2026-05-06T10:46:00
M0393,2026-05-06T17:40:00
M0393,2026-05-07T15:26:00
M0393,2026-05-16T13:36:00
M0393,2026-05-17T10:04:00
M0393,2026-05-17T15:42:00
M0393,2026-05-18T19:52:00
M0393,2026-05-19T06:50:00
M0393,2026-05-21T13:38:00
M0393,2026-05-21T16:02:00
M0393,2026-05-22T16:42:00
M0393,2026-05-29T19:16:00
M0393,2026-05-31T16:46:00
M0393,2026-06-01T07:17:00
M0393,2026-06-02T20:32:00
M0393,2026-06-03T13:40:00
M0393,2026-06-03T14:39:00
M0393,2026-06-07T07:51:00
M0393,2026-06-11T14:17:00
M0393,2026-06-12T14:47:00
M0393,2026-06-12T18:33:00
M0393,2026-06-17T15:55:00
M0393,2026-06-18T12:11:00
M0393,2026-06-19T06:53:00
M0393,2026-06-20T10:37:00
M0393,2026-06-28T20:49:00
M0393,2026-07-05T12:22:00
M0393,2026-07-06T14:53:00
M0393,2026-07-08T20:31:00
M0393,2026-07-13T08:01:00
M0393,2026-07-13T16:01:00
M0393,2026-07-14T06:35:00
M0393,2026-07-15T07:36:00
M0393,2026-07-16T18:42:00
M0393,2026-07-17T13:51:00
M0393,2026-07-18T10:55:00
M0393,2026-07-20T11:28:00
M0393,2026-07-23T11:22:00
M0393,2026-07-24T16:09:00
M0393,2026-07-27T20:39:00
M0393,2026-07-28T20:44:00
M0393,2026-07-29T06:06:00
M0393,2026-07-29T17:44:00
M0393,2026-08-02T10:27:00
M0393,2026-08-03T12:32:00
M0393,2026-08-04T11:55:00
M0393,2026-08-04T15:46:00
M0393,2026-08-07T17:41:00
M0393,2026-08-09T07:08:00
M0393,2026-08-18T09:24:00
M0393,2026-08-19T15:44:00
M0393,2026-08-20T20:22:00
M0393,2026-08-21T18:30:00
M0393,2026-08-23T16:43:00
M0393,2026-08-24T06:00:00
M0393,2026-08-24T08:18:00
M0393,2026-08-25T08:17:00
M0393,2026-08-26T12:57:00
M0393,2026-08-31T13:57:00
M0393,2026-09-10T10:44:00
M0394,2025-09-09T16:34:00
M0394,2025-09-10T11:28:00
M0394,2025-09-12T12:15:00
M0394,2025-09-16T19:50:00
M0394,2025-09-17T16:34:00
M0394,2025-09-20T06:39:00
M0394,2025-09-26T09:17:00
M0394,2025-09-28T06:02:00
M0394,2025-09-28T17:53:00
M0394,2025-09-30T14:00:00
M0394,2025-10-05T13:19:00
M0394,2025-10-05T18:43:00
M0394,2025-10-06T08:02:00
M0394,2025-10-06T10:56:00
M0394,2025-10-08T06:20:00
M0394,2025-10-12T08:10:00
M0394,2025-10-17T09:13:00
M0394,2025-10-17T20:22:00
M0394,2025-10-18T18:41:00
M0394,2025-10-20T19:27:00
M0394,2025-10-20T19:36:00
M0394,2025-10-23T08:21:00
M0394,2025-10-23T17:22:00
M0394,2025-10-24T11:28:00
M0394,2025-10-25T19:30:00
M0394,2025-10-27T08:59:00
M0394,2025-11-01T12:35:00
M0394,2025-11-06T12:56:00
M0394,2025-11-08T11:01:00
M0394,2025-11-09T12:48:00
M0394,2025-11-14T10:32:00
M0394,2025-11-14T14:10:00
M0394,2025-11-16T12:19:00
M0394,2025-11-18T06:11:00
M0394,2025-11-18T09:02:00
M0394,2025-11-24T14:30:00
M0394,2025-11-26T10:28:00
M0394,2025-11-26T15:16:00
M0394,2025-11-27T11:16:00
M0394,2025-11-27T19:15:00
M0394,2025-11-28T16:16:00
M0394,2025-11-29T14:22:00
M0394,2025-12-02T10:52:00
M0394,2025-12-02T17:44:00
M0394,2025-12-03T13:02:00
M0394,2025-12-04T10:29:00
M0394,2025-12-04T11:02:00
M0394,2025-12-04T16:47:00
M0394,2025-12-05T09:48:00
M0394,2025-12-07T16:32:00
M0394,2025-12-11T16:06:00
M0394,2025-12-12T15:58:00
M0394,2025-12-15T07:33:00
M0394,2025-12-16T15:25:00
M0394,2025-12-20T16:28:00
M0394,2025-12-21T07:12:00
M0394,2025-12-25T15:17:00
M0394,2025-12-28T15:22:00
M0394,2025-12-29T19:23:00
M0394,2025-12-30T15:42:00
M0394,2025-12-31T08:36:00
M0394,2025-12-31T09:56:00
M0394,2026-01-02T17:05:00
M0394,2026-01-03T07:42:00
M0394,2026-01-03T13:54:00
M0394,2026-01-04T08:18:00
M0394,2026-01-06T14:00:00
M0394,2026-01-11T12:28:00
M0394,2026-01-12T07:45:00
M0394,2026-01-15T19:12:00
M0394,2026-01-16T06:53:00
M0394,2026-01-18T18:29:00
M0394,2026-01-20T19:37:00
M0394,2026-01-21T13:06:00
M0394,2026-01-22T09:43:00
M0394,2026-01-22T13:16:00
M0394,2026-01-22T14:39:00
M0394,2026-01-23T15:49:00
M0394,2026-01-24T11:38:00
M0394,2026-01-29T18:30:00
M0394,2026-01-30T17:33:00
M0394,2026-01-31T09:40:00
M0394,2026-01-31T15:13:00
M0394,2026-02-03T12:40:00
M0394,2026-02-08T07:44:00
M0394,2026-02-08T14:26:00
M0394,2026-02-10T18:39:00
M0394,2026-02-12T17:20:00
M0394,2026-02-14T10:12:00
M0394,2026-02-14T16:03:00
M0394,2026-02-14T16:30:00
M0394,2026-02-16T13:24:00
M0394,2026-02-18T17:04:00
M0394,2026-02-20T16:20:00
M0394,2026-02-22T13:53:00
M0394,2026-02-28T17:02:00
M0394,2026-03-01T07:08:00
M0394,2026-03-01T18:01:00
M0394,2026-03-02T11:12:00
M0394,2026-03-04T20:40:00
M0394,2026-03-05T17:54:00
M0394,2026-03-05T20:21:00
M0394,2026-03-06T06:23:00
M0394,2026-03-06T10:03:00
M0394,2026-03-09T14:48:00
M0394,2026-03-21T11:34:00
M0394,2026-03-23T13:27:00
M0394,2026-03-28T11:23:00
M0394,2026-03-31T16:10:00
M0394,2026-04-01T06:31:00
M0394,2026-04-03T14:05:00
M0394,2026-04-04T19:53:00
M0394,2026-04-11T09:28:00
M0394,2026-04-27T09:06:00
M0394,2026-04-27T14:44:00
M0394,2026-04-28T08:47:00
M0394,2026-05-02T20:19:00
M0394,2026-05-03T09:22:00
M0394,2026-05-06T18:47:00
M0394,2026-05-14T11:37:00
M0394,2026-05-24T08:12:00
M0394,2026-05-27T18:23:00
M0394,2026-05-31T08:18:00
M0394,2026-05-31T14:03:00
M0394,2026-06-02T18:24:00
M0394,2026-06-03T11:06:00
M0394,2026-06-03T18:44:00
M0394,2026-06-04T11:53:00
M0394,2026-06-05T07:58:00
M0394,2026-06-05T10:49:00
M0394,2026-06-08T10:38:00
M0394,2026-06-10T09:06:00
M0394,2026-06-10T14:52:00
M0394,2026-06-12T09:08:00
M0394,2026-06-12T17:03:00
M0394,2026-06-16T08:33:00
M0394,2026-06-19T10:40:00
M0394,2026-06-21T07:02:00
M0394,2026-06-26T06:49:00
M0394,2026-06-28T19:31:00
M0394,2026-07-03T09:53:00
M0394,2026-07-08T10:43:00
M0394,2026-07-09T10:13:00
M0394,2026-07-10T06:11:00
M0394,2026-07-12T20:47:00
M0394,2026-07-16T07:45:00
M0394,2026-07-17T09:15:00
M0394,2026-07-17T16:11:00
M0394,2026-07-18T18:35:00
M0394,2026-07-19T11:25:00
M0394,2026-07-22T07:23:00
M0394,2026-07-26T13:02:00
M0394,2026-07-26T17:56:00
M0394,2026-07-27T08:21:00
M0394,2026-07-28T10:43:00
M0394,2026-08-02T17:14:00
M0394,2026-08-06T19:55:00
M0394,2026-08-11T13:08:00
M0394,2026-08-16T09:42:00
M0394,2026-09-11T20:32:00
M0395,2025-08-15T10:02:00
M0395,2025-08-16T10:41:00
M0395,2025-08-16T20:46:00
M0395,2025-08-17T08:56:00
M0395,2025-08-20T17:15:00
M0395,2025-08-22T06:48:00
M0395,2025-08-23T18:52:00
M0395,2025-08-24T20:04:00
M0395,2025-08-28T09:39:00
M0395,2025-09-04T06:17:00
M0395,2025-09-04T14:31:00
M0395,2025-09-04T18:23:00
M0395,2025-09-05T09:17:00
M0395,2025-09-06T16:33:00
M0395,2025-09-06T19:40:00
M0395,2025-09-08T08:30:00
M0395,2025-09-14T14:50:00
M0395,2025-09-20T11:22:00
M0395,2025-09-20T15:35:00
M0395,2025-09-21T09:32:00
M0395,2025-09-23T09:14:00
M0395,2025-09-25T14:49:00
M0395,2025-09-25T19:22:00
M0395,2025-09-26T14:16:00
M0395,2025-09-26T15:36:00
M0395,2025-09-29T14:02:00
M0395,2025-09-29T18:24:00
M0395,2025-09-30T09:52:00
M0395,2025-09-30T11:31:00
M0395,2025-10-01T13:19:00
M0395,2025-10-06T06:29:00
M0395,2025-10-06T17:08:00
M0395,2025-10-08T19:12:00
M0395,2025-10-09T15:43:00
M0395,2025-10-11T06:19:00
M0395,2025-10-11T13:56:00
M0395,2025-10-12T16:24:00
M0395,2025-10-16T11:26:00
M0395,2025-10-18T06:06:00
M0395,2025-10-19T18:20:00
M0395,2025-10-21T19:25:00
M0395,2025-10-25T18:20:00
M0395,2025-10-30T16:25:00
M0395,2025-11-01T14:59:00
M0395,2025-11-02T19:37:00
M0395,2025-11-03T15:48:00
M0395,2025-11-03T16:47:00
M0395,2025-11-07T08:12:00
M0395,2025-11-07T10:11:00
M0395,2025-11-09T19:50:00
M0395,2025-11-11T17:45:00
M0395,2025-11-13T06:25:00
M0395,2025-11-13T10:15:00
M0395,2025-11-13T19:27:00
M0395,2025-11-14T17:04:00
M0395,2025-11-17T07:55:00
M0395,2025-11-19T15:30:00
M0395,2025-11-23T18:15:00
M0395,2025-11-25T19:15:00
M0395,2025-11-26T19:06:00
M0395,2025-11-29T15:05:00
M0395,2025-12-03T07:54:00
M0395,2025-12-03T16:51:00
M0395,2025-12-04T08:52:00
M0395,2025-12-05T09:10:00
M0395,2025-12-05T14:25:00
M0395,2025-12-06T17:09:00
M0395,2025-12-08T12:43:00
M0395,2025-12-10T06:53:00
M0395,2025-12-10T20:48:00
M0395,2025-12-11T10:00:00
M0395,2025-12-16T18:08:00
M0395,2025-12-19T10:47:00
M0395,2025-12-20T10:08:00
M0395,2025-12-23T10:59:00
M0395,2025-12-26T09:44:00
M0395,2025-12-27T09:01:00
M0395,2025-12-29T08:10:00
M0395,2026-01-01T06:01:00
M0395,2026-01-01T09:08:00
M0395,2026-01-02T14:42:00
M0395,2026-01-02T18:44:00
M0395,2026-01-04T14:38:00
M0395,2026-01-08T16:37:00
M0395,2026-01-08T17:59:00
M0395,2026-01-09T11:14:00
M0395,2026-01-10T12:07:00
M0395,2026-01-13T08:16:00
M0395,2026-01-13T09:21:00
M0395,2026-01-14T08:38:00
M0395,2026-01-14T13:36:00
M0395,2026-01-16T15:17:00
M0395,2026-01-20T13:26:00
M0395,2026-01-24T06:57:00
M0395,2026-01-24T12:47:00
M0395,2026-01-25T13:37:00
M0395,2026-01-25T18:24:00
M0395,2026-01-27T17:33:00
M0395,2026-01-28T14:48:00
M0395,2026-01-28T15:55:00
M0395,2026-01-29T14:12:00
M0395,2026-01-29T20:17:00
M0395,2026-01-31T09:24:00
M0395,2026-02-05T15:03:00
M0395,2026-02-05T16:29:00
M0395,2026-02-06T12:03:00
M0395,2026-02-08T09:57:00
M0395,2026-02-12T13:47:00
M0395,2026-02-12T17:21:00
M0395,2026-02-13T13:12:00
M0395,2026-02-15T13:53:00
M0395,2026-02-17T08:26:00
M0395,2026-02-25T09:27:00
M0395,2026-02-27T15:09:00
M0395,2026-02-28T11:51:00
M0395,2026-03-02T16:34:00
M0395,2026-03-06T14:46:00
M0395,2026-03-08T19:29:00
M0395,2026-03-09T13:45:00
M0395,2026-03-10T08:44:00
M0395,2026-03-13T07:17:00
M0395,2026-03-14T09:32:00
M0395,2026-03-20T08:11:00
M0395,2026-03-20T14:54:00
M0395,2026-03-22T08:38:00
M0395,2026-03-27T09:21:00
M0395,2026-03-27T09:33:00
M0395,2026-03-27T14:59:00
M0395,2026-03-28T08:46:00
M0395,2026-03-30T06:24:00
M0395,2026-03-31T18:05:00
M0395,2026-04-02T18:37:00
M0395,2026-04-03T13:43:00
M0395,2026-04-14T16:06:00
M0395,2026-04-15T17:18:00
M0395,2026-04-15T19:02:00
M0395,2026-04-17T08:37:00
M0395,2026-04-17T10:21:00
M0395,2026-04-17T10:51:00
M0395,2026-04-18T10:04:00
M0395,2026-04-25T12:28:00
M0395,2026-04-27T09:36:00
M0395,2026-04-28T06:33:00
M0395,2026-04-28T09:57:00
M0395,2026-04-28T19:41:00
M0395,2026-04-29T17:41:00
M0395,2026-05-02T06:17:00
M0395,2026-05-08T09:41:00
M0395,2026-05-10T10:07:00
M0395,2026-05-10T20:10:00
M0395,2026-05-12T15:44:00
M0395,2026-05-16T20:12:00
M0395,2026-05-20T11:35:00
M0395,2026-05-23T18:39:00
M0395,2026-05-25T16:37:00
M0395,2026-05-26T14:28:00
M0395,2026-05-27T09:13:00
M0395,2026-05-27T18:46:00
M0395,2026-05-28T11:15:00
M0395,2026-05-28T17:57:00
M0395,2026-06-02T17:17:00
M0395,2026-06-03T06:37:00
M0395,2026-06-03T20:39:00
M0395,2026-06-06T14:30:00
M0395,2026-06-06T15:22:00
M0395,2026-06-11T14:44:00
M0395,2026-06-12T11:51:00
M0395,2026-06-12T17:44:00
M0395,2026-06-14T08:14:00
M0395,2026-06-18T13:00:00
M0395,2026-06-18T14:27:00
M0395,2026-06-22T12:55:00
M0395,2026-06-23T09:00:00
M0395,2026-06-29T19:19:00
M0395,2026-06-29T19:19:00
M0395,2026-07-02T10:35:00
M0395,2026-07-03T17:23:00
M0395,2026-07-03T17:39:00
M0395,2026-07-04T13:46:00
M0395,2026-07-05T16:29:00
M0395,2026-07-07T12:55:00
M0395,2026-07-07T18:22:00
M0395,2026-07-11T06:35:00
M0395,2026-07-14T18:24:00
M0395,2026-07-20T08:42:00
M0395,2026-07-22T08:29:00
M0395,2026-07-24T11:52:00
M0395,2026-07-24T16:43:00
M0395,2026-07-28T06:47:00
M0395,2026-07-29T19:59:00
M0395,2026-07-30T18:07:00
M0395,2026-08-01T18:51:00
M0395,2026-08-01T20:40:00
M0395,2026-08-04T16:03:00
M0395,2026-08-04T16:45:00
M0395,2026-08-05T19:23:00
M0395,2026-08-07T16:19:00
M0395,2026-08-08T17:26:00
M0395,2026-08-13T08:27:00
M0395,2026-08-18T12:28:00
M0395,2026-08-30T20:41:00
M0395,2026-08-31T06:50:00
M0395,2026-09-08T20:36:00
M0396,2025-09-11T06:27:00
M0396,2025-09-12T10:54:00
M0396,2025-09-16T09:45:00
M0396,2025-09-16T18:20:00
M0396,2025-09-17T10:14:00
M0396,2025-09-18T12:40:00
M0396,2025-09-19T19:03:00
M0396,2025-09-22T17:14:00
M0396,2025-09-29T16:57:00
M0396,2025-10-02T13:04:00
M0396,2025-10-02T18:07:00
M0396,2025-10-03T08:56:00
M0396,2025-10-07T17:17:00
M0396,2025-10-07T18:53:00
M0396,2025-10-08T15:04:00
M0396,2025-10-10T16:53:00
M0396,2025-10-11T14:15:00
M0396,2025-10-19T20:57:00
M0396,2025-10-20T20:01:00
M0396,2025-10-23T08:23:00
M0396,2025-10-27T07:47:00
M0396,2025-10-27T11:15:00
M0396,2025-10-30T17:55:00
M0396,2025-11-02T13:18:00
M0396,2025-11-04T12:17:00
M0396,2025-11-05T12:28:00
M0396,2025-11-08T10:18:00
M0396,2025-11-08T14:29:00
M0396,2025-11-10T16:42:00
M0396,2025-11-13T06:29:00
M0396,2025-11-13T14:26:00
M0396,2025-11-17T20:55:00
M0396,2025-11-22T14:05:00
M0396,2025-11-24T17:01:00
M0396,2025-11-26T08:18:00
M0396,2025-11-26T17:02:00
M0396,2025-11-26T17:32:00
M0396,2025-11-28T08:06:00
M0396,2025-11-29T15:40:00
M0396,2025-12-01T06:46:00
M0396,2025-12-02T06:23:00
M0396,2025-12-02T10:33:00
M0396,2025-12-06T10:45:00
M0396,2025-12-07T16:01:00
M0396,2025-12-10T10:16:00
M0396,2025-12-10T16:49:00
M0396,2025-12-11T17:12:00
M0396,2025-12-12T15:38:00
M0396,2025-12-14T07:52:00
M0396,2025-12-14T08:01:00
M0396,2025-12-15T06:28:00
M0396,2025-12-15T07:46:00
M0396,2025-12-16T18:18:00
M0396,2025-12-18T06:45:00
M0396,2025-12-26T07:08:00
M0396,2025-12-27T10:03:00
M0396,2025-12-31T06:29:00
M0396,2026-01-07T16:54:00
M0396,2026-01-09T16:13:00
M0396,2026-01-14T06:51:00
M0396,2026-01-14T09:05:00
M0396,2026-01-16T11:50:00
M0396,2026-01-16T17:33:00
M0396,2026-01-18T13:35:00
M0396,2026-01-23T06:24:00
M0396,2026-01-24T06:49:00
M0396,2026-01-24T13:51:00
M0396,2026-01-28T11:25:00
M0396,2026-01-28T15:22:00
M0396,2026-01-30T07:16:00
M0396,2026-01-30T16:07:00
M0396,2026-02-01T09:22:00
M0396,2026-02-11T10:46:00
M0396,2026-02-12T07:21:00
M0396,2026-02-12T20:29:00
M0396,2026-02-14T06:43:00
M0396,2026-02-18T20:45:00
M0396,2026-02-20T07:07:00
M0396,2026-02-21T07:06:00
M0396,2026-02-24T09:34:00
M0396,2026-02-25T10:13:00
M0396,2026-02-25T12:06:00
M0396,2026-02-26T10:07:00
M0396,2026-02-28T08:55:00
M0396,2026-03-02T13:54:00
M0396,2026-03-03T11:39:00
M0396,2026-03-06T06:40:00
M0396,2026-03-06T17:55:00
M0396,2026-03-09T19:26:00
M0396,2026-03-13T09:07:00
M0396,2026-03-14T08:20:00
M0396,2026-03-14T09:31:00
M0396,2026-03-17T17:02:00
M0396,2026-03-18T08:09:00
M0396,2026-03-18T13:09:00
M0396,2026-03-20T17:02:00
M0396,2026-03-29T16:19:00
M0396,2026-04-01T14:33:00
M0396,2026-04-01T17:39:00
M0396,2026-04-03T19:46:00
M0396,2026-04-04T17:50:00
M0396,2026-04-06T08:19:00
M0396,2026-04-09T11:49:00
M0396,2026-04-09T19:15:00
M0396,2026-04-11T06:06:00
M0396,2026-04-11T16:37:00
M0396,2026-04-20T06:59:00
M0396,2026-04-26T17:41:00
M0396,2026-04-29T08:53:00
M0396,2026-04-29T18:38:00
M0396,2026-05-01T18:03:00
M0396,2026-05-03T15:15:00
M0396,2026-05-03T16:32:00
M0396,2026-05-04T19:39:00
M0396,2026-05-05T07:53:00
M0396,2026-05-05T15:06:00
M0396,2026-05-05T17:53:00
M0396,2026-05-09T17:07:00
M0396,2026-05-10T14:28:00
M0396,2026-05-11T17:54:00
M0396,2026-05-12T15:08:00
M0396,2026-05-12T16:11:00
M0396,2026-05-19T20:19:00
M0396,2026-05-22T15:09:00
M0396,2026-05-25T07:21:00
M0396,2026-05-25T15:55:00
M0396,2026-06-02T11:16:00
M0396,2026-06-03T08:25:00
M0396,2026-06-04T13:15:00
M0396,2026-06-06T10:41:00
M0396,2026-06-06T16:38:00
M0396,2026-06-07T20:45:00
M0396,2026-06-08T09:19:00
M0396,2026-06-08T11:52:00
M0396,2026-06-13T20:17:00
M0396,2026-06-16T12:53:00
M0396,2026-06-17T06:21:00
M0396,2026-06-17T18:10:00
M0396,2026-06-21T07:56:00
M0396,2026-06-25T17:56:00
M0396,2026-06-26T09:01:00
M0396,2026-06-27T08:52:00
M0396,2026-06-27T13:39:00
M0396,2026-06-28T16:46:00
M0396,2026-06-29T12:31:00
M0396,2026-07-03T06:32:00
M0396,2026-07-04T06:32:00
M0396,2026-07-04T13:29:00
M0396,2026-07-05T07:00:00
M0396,2026-07-05T09:42:00
M0396,2026-07-06T20:08:00
M0396,2026-07-09T09:47:00
M0396,2026-07-12T18:14:00
M0396,2026-07-13T11:05:00
M0396,2026-07-13T17:55:00
M0396,2026-07-15T14:11:00
M0396,2026-07-18T15:11:00
M0396,2026-07-20T09:50:00
M0396,2026-07-21T07:22:00
M0396,2026-07-22T13:52:00
M0396,2026-07-23T15:51:00
M0396,2026-07-25T12:05:00
M0396,2026-07-27T08:01:00
M0396,2026-07-28T17:24:00
M0396,2026-07-31T17:07:00
M0396,2026-08-01T06:56:00
M0396,2026-08-03T08:24:00
M0396,2026-08-03T19:55:00
M0396,2026-08-05T19:01:00
M0396,2026-08-08T18:07:00
M0396,2026-08-09T10:00:00
M0396,2026-08-10T14:58:00
M0396,2026-08-11T12:37:00
M0396,2026-08-12T17:36:00
M0396,2026-08-13T16:41:00
M0396,2026-08-17T09:39:00
M0396,2026-08-22T06:49:00
M0396,2026-08-22T09:48:00
M0396,2026-08-24T13:25:00
M0396,2026-08-30T12:14:00
M0396,2026-09-08T09:13:00
M0397,2025-10-27T11:53:00
M0397,2025-10-27T16:38:00
M0397,2025-10-29T06:33:00
M0397,2025-11-01T06:41:00
M0397,2025-11-03T12:40:00
M0397,2025-11-03T14:13:00
M0397,2025-11-03T17:45:00
M0397,2025-11-07T08:23:00
M0397,2025-11-07T18:32:00
M0397,2025-11-16T06:22:00
M0397,2025-11-19T20:27:00
M0397,2025-11-24T15:36:00
M0397,2025-11-26T10:51:00
M0397,2025-12-01T12:03:00
M0397,2025-12-01T19:08:00
M0397,2025-12-03T09:26:00
M0397,2025-12-06T10:49:00
M0397,2025-12-08T13:25:00
M0397,2025-12-09T15:40:00
M0397,2025-12-10T06:44:00
M0397,2025-12-14T15:39:00
M0397,2025-12-15T15:07:00
M0397,2025-12-22T17:57:00
M0397,2025-12-24T15:56:00
M0397,2025-12-26T09:26:00
M0397,2025-12-28T16:32:00
M0397,2026-01-01T14:16:00
M0397,2026-01-02T06:15:00
M0397,2026-01-06T19:05:00
M0397,2026-01-08T13:17:00
M0397,2026-01-09T19:44:00
M0397,2026-01-12T07:49:00
M0397,2026-01-15T12:28:00
M0397,2026-01-19T10:12:00
M0397,2026-01-21T11:01:00
M0397,2026-01-24T16:50:00
M0397,2026-01-24T19:12:00
M0397,2026-01-25T13:21:00
M0397,2026-01-28T16:42:00
M0397,2026-01-28T19:28:00
M0397,2026-01-31T19:06:00
M0397,2026-02-01T08:57:00
M0397,2026-02-02T17:34:00
M0397,2026-02-03T15:20:00
M0397,2026-02-03T19:35:00
M0397,2026-02-05T06:58:00
M0397,2026-02-10T12:31:00
M0397,2026-02-10T15:03:00
M0397,2026-02-11T14:27:00
M0397,2026-02-19T13:23:00
M0397,2026-02-19T19:23:00
M0397,2026-02-22T09:49:00
M0397,2026-02-25T09:16:00
M0397,2026-03-01T11:04:00
M0397,2026-03-07T17:31:00
M0397,2026-03-09T13:34:00
M0397,2026-03-09T18:52:00
M0397,2026-03-10T13:00:00
M0397,2026-03-11T09:38:00
M0397,2026-03-12T14:05:00
M0397,2026-03-13T07:10:00
M0397,2026-03-14T06:13:00
M0397,2026-03-16T09:40:00
M0397,2026-03-16T14:09:00
M0397,2026-03-16T19:49:00
M0397,2026-03-17T18:55:00
M0397,2026-03-19T06:38:00
M0397,2026-03-22T06:07:00
M0397,2026-03-22T09:16:00
M0397,2026-03-25T07:56:00
M0397,2026-03-26T12:05:00
M0397,2026-03-26T17:33:00
M0397,2026-03-27T13:22:00
M0397,2026-03-27T18:50:00
M0397,2026-03-28T15:01:00
M0397,2026-04-03T06:31:00
M0397,2026-04-06T10:14:00
M0397,2026-04-08T20:38:00
M0397,2026-04-09T10:19:00
M0397,2026-04-12T15:18:00
M0397,2026-04-16T17:04:00
M0397,2026-04-18T16:45:00
M0397,2026-04-23T16:09:00
M0397,2026-04-27T06:21:00
M0397,2026-04-28T17:10:00
M0397,2026-04-28T17:24:00
M0397,2026-04-29T18:41:00
M0397,2026-04-30T08:27:00
M0397,2026-04-30T17:53:00
M0397,2026-05-03T19:02:00
M0397,2026-05-04T17:54:00
M0397,2026-05-05T14:41:00
M0397,2026-05-06T19:50:00
M0397,2026-05-07T11:46:00
M0397,2026-05-13T15:09:00
M0397,2026-05-18T17:33:00
M0397,2026-05-21T20:16:00
M0397,2026-05-22T11:24:00
M0397,2026-05-22T14:51:00
M0397,2026-05-24T15:36:00
M0397,2026-05-26T19:12:00
M0397,2026-05-27T11:12:00
M0397,2026-05-30T15:28:00
M0397,2026-06-01T08:14:00
M0397,2026-06-05T07:34:00
M0397,2026-06-05T10:35:00
M0397,2026-06-10T10:14:00
M0397,2026-06-11T12:05:00
M0397,2026-06-13T17:54:00
M0397,2026-06-14T16:19:00
M0397,2026-06-16T12:49:00
M0397,2026-06-16T16:43:00
M0397,2026-06-19T11:28:00
M0397,2026-06-19T19:03:00
M0397,2026-06-20T16:02:00
M0397,2026-06-21T13:57:00
M0397,2026-06-24T09:49:00
M0397,2026-06-24T13:25:00
M0397,2026-06-27T13:38:00
M0397,2026-06-28T09:06:00
M0397,2026-06-29T08:18:00
M0397,2026-07-03T08:41:00
M0397,2026-07-03T17:13:00
M0397,2026-07-04T10:11:00
M0397,2026-07-04T15:01:00
M0397,2026-07-09T14:59:00
M0397,2026-07-16T17:42:00
M0397,2026-07-19T09:18:00
M0397,2026-07-19T11:10:00
M0397,2026-07-20T11:04:00
M0397,2026-07-20T18:52:00
M0397,2026-07-23T13:25:00
M0397,2026-07-26T20:10:00
M0397,2026-07-27T12:57:00
M0397,2026-07-30T06:05:00
M0397,2026-07-30T19:20:00
M0397,2026-07-31T20:38:00
M0397,2026-07-31T20:39:00
M0397,2026-08-01T06:52:00
M0397,2026-08-06T14:43:00
M0397,2026-08-11T17:19:00
M0397,2026-08-11T17:23:00
M0397,2026-08-23T12:23:00
M0397,2026-08-28T08:48:00
M0397,2026-09-04T09:35:00
M0398,2025-12-23T10:18:00
M0398,2025-12-24T14:56:00
M0398,2025-12-24T17:16:00
M0398,2025-12-26T12:38:00
M0398,2025-12-29T06:33:00
M0398,2025-12-30T08:38:00
M0398,2025-12-31T19:04:00
M0398,2026-01-01T09:11:00
M0398,2026-01-03T14:25:00
M0398,2026-01-04T12:50:00
M0398,2026-01-04T14:45:00
M0398,2026-01-07T06:30:00
M0398,2026-01-08T16:59:00
M0398,2026-01-13T13:57:00
M0398,2026-01-15T17:33:00
M0398,2026-01-17T06:50:00
M0398,2026-01-17T18:06:00
M0398,2026-01-18T13:33:00
M0398,2026-01-23T06:04:00
M0398,2026-01-28T15:33:00
M0398,2026-01-28T15:41:00
M0398,2026-01-28T20:17:00
M0398,2026-01-29T06:32:00
M0398,2026-02-01T18:40:00
M0398,2026-02-02T09:58:00
M0398,2026-02-02T11:04:00
M0398,2026-02-05T18:05:00
M0398,2026-02-07T09:12:00
M0398,2026-02-08T10:22:00
M0398,2026-02-09T13:35:00
M0398,2026-02-12T06:29:00
M0398,2026-02-14T07:19:00
M0398,2026-02-15T10:09:00
M0398,2026-02-15T13:48:00
M0398,2026-02-18T14:54:00
M0398,2026-02-23T20:19:00
M0398,2026-02-25T06:52:00
M0398,2026-02-25T15:22:00
M0398,2026-03-09T16:03:00
M0398,2026-03-10T06:49:00
M0398,2026-03-10T13:32:00
M0398,2026-03-12T09:47:00
M0398,2026-03-12T13:50:00
M0398,2026-03-13T13:28:00
M0398,2026-03-15T17:51:00
M0398,2026-03-16T11:21:00
M0398,2026-03-16T16:40:00
M0398,2026-03-17T16:14:00
M0398,2026-03-18T09:24:00
M0398,2026-03-20T19:28:00
M0398,2026-03-23T12:45:00
M0398,2026-03-24T10:11:00
M0398,2026-03-24T11:48:00
M0398,2026-03-26T13:17:00
M0398,2026-03-27T17:14:00
M0398,2026-03-30T07:53:00
M0398,2026-03-31T16:17:00
M0398,2026-04-01T15:20:00
M0398,2026-04-03T12:45:00
M0398,2026-04-07T13:33:00
M0398,2026-04-08T17:16:00
M0398,2026-04-09T14:21:00
M0398,2026-04-11T20:49:00
M0398,2026-04-12T09:26:00
M0398,2026-04-13T18:44:00
M0398,2026-04-14T18:24:00
M0398,2026-04-15T17:28:00
M0398,2026-04-17T13:12:00
M0398,2026-04-19T11:47:00
M0398,2026-04-21T10:55:00
M0398,2026-05-01T06:05:00
M0398,2026-05-01T16:16:00
M0398,2026-05-04T07:38:00
M0398,2026-05-06T11:26:00
M0398,2026-05-08T10:01:00
M0398,2026-05-10T06:03:00
M0398,2026-05-11T17:37:00
M0398,2026-05-13T20:54:00
M0398,2026-05-17T11:59:00
M0398,2026-05-17T14:50:00
M0398,2026-05-19T08:14:00
M0398,2026-05-22T11:16:00
M0398,2026-05-22T13:30:00
M0398,2026-05-22T14:15:00
M0398,2026-05-22T19:08:00
M0398,2026-05-23T16:58:00
M0398,2026-05-24T18:35:00
M0398,2026-05-26T10:22:00
M0398,2026-05-26T20:12:00
M0398,2026-05-28T13:48:00
M0398,2026-06-02T18:08:00
M0398,2026-06-05T10:42:00
M0398,2026-06-06T16:50:00
M0398,2026-06-10T12:52:00
M0398,2026-06-11T08:36:00
M0398,2026-06-11T18:52:00
M0398,2026-06-14T18:27:00
M0398,2026-06-17T20:42:00
M0398,2026-06-18T06:14:00
M0398,2026-06-18T16:52:00
M0398,2026-06-18T18:16:00
M0398,2026-06-19T08:29:00
M0398,2026-06-19T13:23:00
M0398,2026-06-21T14:48:00
M0398,2026-06-22T10:37:00
M0398,2026-06-25T11:15:00
M0398,2026-06-26T11:39:00
M0398,2026-06-26T16:19:00
M0398,2026-06-27T09:38:00
M0398,2026-06-28T08:11:00
M0398,2026-07-05T06:54:00
M0398,2026-07-07T11:16:00
M0398,2026-07-07T14:46:00
M0398,2026-07-09T13:55:00
M0398,2026-07-10T11:32:00
M0398,2026-07-11T10:28:00
M0398,2026-07-11T16:49:00
M0398,2026-07-12T17:12:00
M0398,2026-07-12T19:00:00
M0398,2026-07-17T06:17:00
M0398,2026-07-18T08:53:00
M0398,2026-07-18T11:57:00
M0398,2026-07-19T13:24:00
M0398,2026-07-20T09:32:00
M0398,2026-07-20T17:55:00
M0398,2026-07-21T19:56:00
M0398,2026-07-26T08:55:00
M0398,2026-07-27T14:28:00
M0398,2026-07-29T19:37:00
M0398,2026-07-30T09:01:00
M0398,2026-07-30T18:44:00
M0398,2026-08-01T09:17:00
M0398,2026-08-01T17:42:00
M0398,2026-08-02T16:49:00
M0398,2026-08-05T14:20:00
M0398,2026-08-07T20:45:00
M0398,2026-08-13T06:09:00
M0398,2026-08-13T10:55:00
M0398,2026-08-13T17:27:00
M0398,2026-08-13T19:56:00
M0398,2026-08-15T18:00:00
M0398,2026-08-15T20:49:00
M0398,2026-08-17T08:51:00
M0399,2025-10-29T07:22:00
M0399,2025-11-01T08:19:00
M0399,2025-11-01T18:29:00
M0399,2025-11-06T13:50:00
M0399,2025-11-08T14:29:00
M0399,2025-11-15T07:53:00
M0399,2025-11-15T08:04:00
M0399,2025-11-15T20:30:00
M0399,2025-11-16T07:21:00
M0399,2025-11-17T13:13:00
M0399,2025-11-21T06:44:00
M0399,2025-11-22T09:04:00
M0399,2025-11-24T14:46:00
M0399,2025-11-25T07:15:00
M0399,2025-11-26T15:44:00
M0399,2025-12-01T09:57:00
M0399,2025-12-09T07:25:00
M0399,2025-12-13T08:19:00
M0399,2025-12-13T12:55:00
M0399,2025-12-13T15:46:00
M0399,2025-12-15T16:42:00
M0399,2025-12-16T17:07:00
M0399,2025-12-21T14:46:00
M0399,2025-12-21T16:46:00
M0399,2025-12-25T08:19:00
M0399,2025-12-26T13:25:00
M0399,2025-12-27T08:59:00
M0399,2025-12-27T13:56:00
M0399,2025-12-27T15:40:00
M0399,2025-12-28T12:28:00
M0399,2025-12-29T07:32:00
M0399,2025-12-29T08:08:00
M0399,2025-12-29T20:59:00
M0399,2025-12-31T12:53:00
M0399,2025-12-31T16:29:00
M0399,2026-01-02T14:42:00
M0399,2026-01-03T07:40:00
M0399,2026-01-03T14:23:00
M0399,2026-01-04T08:21:00
M0399,2026-01-04T11:29:00
M0399,2026-01-09T08:38:00
M0399,2026-01-11T06:01:00
M0399,2026-01-12T08:12:00
M0399,2026-01-13T15:12:00
M0399,2026-01-16T18:04:00
M0399,2026-01-29T10:21:00
M0399,2026-01-29T18:28:00
M0399,2026-01-30T08:18:00
M0399,2026-02-07T19:55:00
M0399,2026-02-10T18:06:00
M0399,2026-02-11T11:56:00
M0399,2026-02-20T14:11:00
M0399,2026-02-22T07:52:00
M0399,2026-02-22T11:05:00
M0399,2026-02-24T08:04:00
M0399,2026-02-28T07:50:00
M0399,2026-02-28T13:41:00
M0399,2026-02-28T16:38:00
M0399,2026-03-01T06:28:00
M0399,2026-03-03T06:27:00
M0399,2026-03-04T09:06:00
M0399,2026-03-05T19:55:00
M0399,2026-03-10T10:20:00
M0399,2026-03-10T19:25:00
M0399,2026-03-19T12:56:00
M0399,2026-03-19T14:12:00
M0399,2026-03-20T08:22:00
M0399,2026-03-26T11:15:00
M0399,2026-03-26T17:58:00
M0399,2026-03-27T06:54:00
M0399,2026-04-01T06:06:00
M0399,2026-04-02T11:19:00
M0399,2026-04-02T19:46:00
M0399,2026-04-03T18:54:00
M0399,2026-04-05T07:18:00
M0399,2026-04-06T12:28:00
M0399,2026-04-06T17:46:00
M0399,2026-04-08T09:06:00
M0399,2026-04-08T11:27:00
M0399,2026-04-12T11:54:00
M0399,2026-04-12T15:42:00
M0399,2026-04-12T16:46:00
M0399,2026-04-12T18:54:00
M0399,2026-04-13T18:30:00
M0399,2026-04-14T13:30:00
M0399,2026-04-16T11:35:00
M0399,2026-04-22T20:17:00
M0399,2026-04-23T08:02:00
M0399,2026-04-24T10:23:00
M0399,2026-04-25T18:58:00
M0399,2026-04-28T20:13:00
M0399,2026-05-02T19:30:00
M0399,2026-05-05T09:50:00
M0399,2026-05-10T14:32:00
M0399,2026-05-11T18:14:00
M0399,2026-05-16T14:27:00
M0399,2026-05-20T16:25:00
M0399,2026-05-21T12:40:00
M0399,2026-05-21T18:08:00
M0399,2026-05-22T20:37:00
M0399,2026-05-24T20:07:00
M0399,2026-05-25T10:46:00
M0399,2026-05-26T19:19:00
M0399,2026-05-27T12:52:00
M0399,2026-05-29T08:55:00
M0399,2026-05-30T18:12:00
M0399,2026-05-31T08:40:00
M0399,2026-06-01T18:01:00
M0399,2026-06-02T12:55:00
M0399,2026-06-03T15:53:00
M0399,2026-06-04T18:04:00
M0399,2026-06-07T10:09:00
M0399,2026-06-07T15:55:00
M0399,2026-06-10T15:37:00
M0399,2026-06-11T10:28:00
M0399,2026-06-12T06:27:00
M0399,2026-06-12T09:41:00
M0399,2026-06-14T16:30:00
M0399,2026-06-14T20:10:00
M0399,2026-06-16T18:40:00
M0399,2026-06-24T07:08:00
M0399,2026-06-24T09:32:00
M0399,2026-06-27T08:55:00
M0399,2026-06-29T09:32:00
M0399,2026-07-02T17:37:00
M0399,2026-07-05T14:12:00
M0399,2026-07-12T18:52:00
M0399,2026-07-12T20:53:00
M0399,2026-07-15T07:23:00
M0399,2026-07-29T18:42:00
M0399,2026-08-04T16:23:00
M0399,2026-08-05T17:40:00
M0399,2026-08-08T12:05:00
M0399,2026-08-08T14:48:00
M0399,2026-08-09T11:19:00
M0399,2026-08-12T19:20:00
M0399,2026-08-13T06:19:00
M0399,2026-08-15T14:02:00
M0399,2026-08-17T19:01:00
M0399,2026-08-24T17:17:00
M0399,2026-09-01T12:33:00
M0400,2025-12-26T07:58:00
M0400,2025-12-26T17:56:00
M0400,2025-12-28T09:11:00
M0400,2026-01-04T10:36:00
M0400,2026-01-04T15:40:00
M0400,2026-01-06T08:36:00
M0400,2026-01-07T16:41:00
M0400,2026-01-09T18:43:00
M0400,2026-01-12T15:47:00
M0400,2026-01-16T15:24:00
M0400,2026-01-29T16:03:00
M0400,2026-01-29T20:39:00
M0400,2026-01-30T13:41:00
M0400,2026-01-31T12:18:00
M0400,2026-02-02T11:44:00
M0400,2026-02-03T19:04:00
M0400,2026-02-10T08:01:00
M0400,2026-02-10T10:34:00
M0400,2026-02-12T19:23:00
M0400,2026-02-16T06:57:00
M0400,2026-02-18T09:50:00
M0400,2026-02-20T12:52:00
M0400,2026-02-24T06:06:00
M0400,2026-02-24T06:56:00
M0400,2026-03-04T12:01:00
M0400,2026-03-05T07:21:00
M0400,2026-03-05T16:13:00
M0400,2026-03-07T15:19:00
M0400,2026-03-10T12:18:00
M0400,2026-03-14T06:00:00
M0400,2026-03-14T16:17:00
M0400,2026-03-15T16:54:00
M0400,2026-03-17T13:13:00
M0400,2026-03-20T07:23:00
M0400,2026-03-21T11:12:00
M0400,2026-03-26T15:26:00
M0400,2026-04-02T16:50:00
M0400,2026-04-03T11:14:00
M0400,2026-04-11T18:49:00
M0400,2026-04-11T20:19:00
M0400,2026-04-12T12:47:00
M0400,2026-04-22T14:34:00
M0400,2026-04-22T17:52:00
M0400,2026-04-22T19:35:00
M0400,2026-05-05T06:55:00
M0400,2026-05-07T10:38:00
M0400,2026-05-11T06:16:00
M0400,2026-05-11T10:35:00
M0400,2026-05-16T08:45:00
M0400,2026-05-17T06:53:00
M0400,2026-05-17T07:43:00
M0400,2026-05-18T15:46:00
M0400,2026-05-20T11:20:00
M0400,2026-05-24T20:48:00
M0400,2026-06-03T20:28:00
M0400,2026-06-04T10:06:00
M0400,2026-06-04T18:43:00
M0400,2026-06-05T20:40:00
M0400,2026-06-09T09:23:00
M0400,2026-06-13T15:06:00
M0400,2026-06-16T07:44:00
M0400,2026-06-16T16:49:00
M0400,2026-06-17T06:15:00
M0400,2026-06-20T07:32:00
M0400,2026-06-22T13:28:00
M0400,2026-06-22T19:49:00
M0400,2026-06-24T06:39:00
M0400,2026-06-25T11:43:00
M0400,2026-06-25T16:23:00
M0400,2026-06-26T10:44:00
M0400,2026-06-27T15:16:00
M0400,2026-06-30T19:24:00
M0400,2026-06-30T20:45:00
M0400,2026-07-03T18:32:00
M0400,2026-07-04T15:00:00
M0400,2026-07-08T16:33:00
M0400,2026-07-12T13:32:00
M0400,2026-07-14T08:20:00
M0400,2026-07-14T19:40:00
M0400,2026-07-16T20:50:00
M0400,2026-07-17T09:28:00
M0400,2026-07-17T09:30:00
M0400,2026-07-22T19:34:00
M0400,2026-07-23T09:38:00
M0400,2026-07-24T08:03:00
M0400,2026-07-26T14:50:00
M0400,2026-07-27T09:48:00
M0400,2026-07-28T11:13:00
M0400,2026-07-28T12:36:00
M0400,2026-07-29T17:19:00
M0400,2026-08-02T14:29:00
M0400,2026-08-04T07:51:00
M0400,2026-08-05T06:29:00
M0400,2026-08-08T10:01:00
M0400,2026-08-09T06:20:00
M0400,2026-08-12T15:22:00
M0400,2026-08-12T16:07:00
M0400,2026-08-14T17:04:00
M0400,2026-08-18T07:15:00
M0400,2026-08-24T07:31:00
M0400,2026-08-26T19:45:00
M0400,2026-08-28T06:02:00
M0400,2026-09-06T10:46:00
M0400,2026-09-06T14:52:00
M0401,2026-02-22T07:59:00
M0401,2026-02-22T19:23:00
M0401,2026-02-23T07:17:00
M0401,2026-02-28T16:45:00
M0401,2026-03-12T17:49:00
M0401,2026-03-25T15:34:00
M0401,2026-03-30T06:04:00
M0401,2026-04-02T06:39:00
M0401,2026-04-03T11:09:00
M0401,2026-04-04T16:08:00
M0401,2026-04-06T18:27:00
M0401,2026-04-07T10:06:00
M0401,2026-04-10T07:06:00
M0401,2026-04-11T08:16:00
M0401,2026-04-16T10:32:00
M0401,2026-04-23T17:02:00
M0401,2026-04-28T12:47:00
M0401,2026-05-02T20:43:00
M0401,2026-05-03T20:48:00
M0401,2026-05-11T19:04:00
M0401,2026-05-30T07:24:00
M0401,2026-06-11T18:26:00
M0401,2026-06-16T07:58:00
M0401,2026-06-17T15:19:00
M0401,2026-06-17T19:40:00
M0401,2026-06-19T06:04:00
M0401,2026-06-26T08:45:00
M0401,2026-06-27T09:44:00
M0401,2026-07-03T07:26:00
M0401,2026-07-06T11:23:00
M0401,2026-07-06T15:52:00
M0401,2026-07-11T09:35:00
M0401,2026-07-11T12:32:00
M0401,2026-07-12T07:18:00
M0401,2026-07-13T20:15:00
M0401,2026-07-15T12:41:00
M0401,2026-07-15T16:51:00
M0401,2026-07-17T17:31:00
M0401,2026-07-18T10:18:00
M0401,2026-07-18T18:32:00
M0401,2026-07-20T20:10:00
M0401,2026-07-26T16:38:00
M0401,2026-08-05T06:20:00
M0401,2026-08-08T14:43:00
M0401,2026-08-09T17:39:00
M0401,2026-08-13T16:00:00
M0401,2026-08-13T17:36:00
M0401,2026-08-30T06:39:00
M0402,2025-08-17T06:44:00
M0402,2025-08-21T13:11:00
M0402,2025-08-24T06:53:00
M0402,2025-08-27T10:59:00
M0402,2025-09-02T15:05:00
M0402,2025-09-02T17:29:00
M0402,2025-09-07T11:21:00
M0402,2025-09-12T19:47:00
M0402,2025-09-13T15:32:00
M0402,2025-09-16T07:35:00
M0402,2025-09-29T15:27:00
M0402,2025-09-30T15:22:00
M0402,2025-10-03T18:23:00
M0402,2025-10-05T13:12:00
M0402,2025-10-07T08:08:00
M0402,2025-10-07T09:40:00
M0402,2025-10-13T10:49:00
M0402,2025-10-13T14:19:00
M0402,2025-10-23T13:59:00
M0402,2025-10-30T14:03:00
M0402,2025-10-31T08:01:00
M0402,2025-10-31T16:10:00
M0402,2025-11-03T12:20:00
M0402,2025-11-03T15:04:00
M0402,2025-11-07T20:29:00
M0402,2025-11-08T07:41:00
M0402,2025-11-11T08:02:00
M0402,2025-11-11T16:21:00
M0402,2025-11-14T09:46:00
M0402,2025-11-16T10:23:00
M0402,2025-11-22T07:15:00
M0402,2025-11-22T13:33:00
M0402,2025-11-24T06:13:00
M0402,2025-11-24T17:23:00
M0402,2025-11-29T19:24:00
M0402,2025-11-30T20:08:00
M0402,2025-12-01T06:00:00
M0402,2025-12-02T19:04:00
M0402,2025-12-07T07:13:00
M0402,2025-12-07T10:27:00
M0402,2025-12-15T07:18:00
M0402,2025-12-15T13:41:00
M0402,2025-12-16T19:19:00
M0402,2025-12-24T14:43:00
M0402,2025-12-27T16:01:00
M0402,2026-01-02T20:39:00
M0402,2026-01-03T11:21:00
M0402,2026-01-04T17:19:00
M0402,2026-01-05T17:08:00
M0402,2026-01-07T13:01:00
M0402,2026-01-08T13:25:00
M0402,2026-01-09T08:27:00
M0402,2026-01-14T15:37:00
M0402,2026-01-15T20:41:00
M0402,2026-01-20T12:42:00
M0402,2026-01-21T17:11:00
M0402,2026-01-22T12:41:00
M0402,2026-01-23T14:59:00
M0402,2026-01-25T09:22:00
M0402,2026-01-25T19:28:00
M0402,2026-01-30T12:50:00
M0402,2026-01-31T10:04:00
M0402,2026-02-03T15:39:00
M0402,2026-02-04T13:10:00
M0402,2026-02-11T09:13:00
M0402,2026-02-13T13:45:00
M0402,2026-02-15T06:28:00
M0402,2026-02-15T20:06:00
M0402,2026-02-19T12:32:00
M0402,2026-02-25T11:03:00
M0402,2026-02-26T19:18:00
M0402,2026-03-01T07:04:00
M0402,2026-03-06T08:08:00
M0402,2026-03-06T18:22:00
M0402,2026-03-09T20:53:00
M0402,2026-03-14T18:00:00
M0402,2026-03-14T19:30:00
M0402,2026-03-16T09:48:00
M0402,2026-03-16T16:45:00
M0402,2026-03-16T17:23:00
M0402,2026-03-19T17:14:00
M0402,2026-03-20T10:09:00
M0402,2026-03-26T07:51:00
M0402,2026-03-31T09:13:00
M0402,2026-04-05T12:25:00
M0402,2026-04-05T12:57:00
M0402,2026-04-12T13:07:00
M0402,2026-04-15T15:31:00
M0402,2026-04-17T10:58:00
M0402,2026-04-17T13:19:00
M0402,2026-04-17T19:39:00
M0402,2026-04-19T15:33:00
M0402,2026-04-21T20:04:00
M0402,2026-04-25T17:37:00
M0402,2026-04-28T13:34:00
M0402,2026-04-29T08:15:00
M0402,2026-05-02T07:07:00
M0402,2026-05-07T06:58:00
M0402,2026-05-11T13:07:00
M0402,2026-05-12T16:23:00
M0402,2026-05-14T12:00:00
M0402,2026-05-18T09:25:00
M0402,2026-05-18T12:19:00
M0402,2026-05-27T17:37:00
M0402,2026-05-29T10:45:00
M0402,2026-05-30T08:46:00
M0402,2026-05-30T09:28:00
M0402,2026-05-30T10:21:00
M0402,2026-05-30T14:34:00
M0402,2026-05-31T18:17:00
M0402,2026-06-03T11:55:00
M0402,2026-06-03T16:35:00
M0402,2026-06-07T11:41:00
M0402,2026-06-07T14:42:00
M0402,2026-06-14T07:56:00
M0402,2026-06-19T13:40:00
M0402,2026-06-21T08:46:00
M0402,2026-06-23T08:17:00
M0402,2026-06-23T10:03:00
M0402,2026-06-24T19:16:00
M0402,2026-06-25T10:40:00
M0402,2026-06-27T14:38:00
M0402,2026-06-27T19:31:00
M0402,2026-06-30T20:14:00
M0402,2026-07-08T15:52:00
M0402,2026-07-13T12:24:00
M0402,2026-07-14T14:48:00
M0402,2026-07-15T06:18:00
M0402,2026-07-22T07:07:00
M0402,2026-07-22T18:47:00
M0402,2026-07-23T14:04:00
M0402,2026-07-29T07:33:00
M0402,2026-08-03T17:31:00
M0402,2026-08-07T13:41:00
M0402,2026-08-10T10:52:00
M0402,2026-08-11T17:08:00
M0402,2026-08-12T13:18:00
M0402,2026-08-13T12:28:00
M0402,2026-08-13T17:18:00
M0402,2026-08-19T20:15:00
M0402,2026-08-21T09:41:00
M0403,2026-03-28T18:55:00
M0403,2026-03-29T11:17:00
M0403,2026-03-30T13:57:00
M0403,2026-03-30T17:29:00
M0403,2026-04-02T16:51:00
M0403,2026-04-03T18:46:00
M0403,2026-04-04T11:21:00
M0403,2026-04-04T13:38:00
M0403,2026-04-09T16:03:00
M0403,2026-04-12T10:40:00
M0403,2026-04-13T13:12:00
M0403,2026-04-14T06:01:00
M0403,2026-04-18T11:21:00
M0403,2026-04-20T18:59:00
M0403,2026-04-22T07:09:00
M0403,2026-04-23T08:22:00
M0403,2026-04-23T13:44:00
M0403,2026-04-24T08:06:00
M0403,2026-04-25T08:36:00
M0403,2026-04-25T14:22:00
M0403,2026-04-28T10:03:00
M0403,2026-04-29T11:21:00
M0403,2026-05-03T16:58:00
M0403,2026-05-07T13:18:00
M0403,2026-05-09T08:20:00
M0403,2026-05-10T19:06:00
M0403,2026-05-12T18:56:00
M0403,2026-05-14T11:09:00
M0403,2026-05-16T10:13:00
M0403,2026-05-16T12:19:00
M0403,2026-05-16T14:22:00
M0403,2026-05-21T10:09:00
M0403,2026-05-22T17:08:00
M0403,2026-05-24T08:01:00
M0403,2026-05-26T08:03:00
M0403,2026-05-27T07:00:00
M0403,2026-06-01T19:56:00
M0403,2026-06-03T08:45:00
M0403,2026-06-04T08:24:00
M0403,2026-06-04T10:57:00
M0403,2026-06-05T12:02:00
M0403,2026-06-10T14:29:00
M0403,2026-06-11T06:39:00
M0403,2026-06-11T08:23:00
M0403,2026-06-11T13:14:00
M0403,2026-06-13T07:46:00
M0403,2026-06-15T06:36:00
M0403,2026-06-23T08:07:00
M0403,2026-06-25T17:53:00
M0403,2026-06-26T09:50:00
M0403,2026-06-27T15:21:00
M0403,2026-06-30T06:23:00
M0403,2026-07-02T20:36:00
M0403,2026-07-02T20:40:00
M0403,2026-07-04T06:27:00
M0403,2026-07-04T11:02:00
M0403,2026-07-06T16:46:00
M0403,2026-07-12T11:58:00
M0403,2026-07-15T16:22:00
M0403,2026-07-17T14:16:00
M0403,2026-07-21T09:25:00
M0403,2026-07-22T15:58:00
M0403,2026-07-27T18:56:00
M0403,2026-07-29T07:06:00
M0403,2026-07-31T15:24:00
M0403,2026-08-01T06:51:00
M0403,2026-08-01T08:02:00
M0403,2026-08-03T10:03:00
M0403,2026-08-06T12:47:00
M0403,2026-08-09T12:09:00
M0403,2026-08-25T08:06:00
M0404,2026-02-14T07:17:00
M0404,2026-02-21T06:31:00
M0404,2026-02-22T20:11:00
M0404,2026-02-25T18:13:00
M0404,2026-02-26T06:57:00
M0404,2026-02-28T08:35:00
M0404,2026-03-01T09:05:00
M0404,2026-03-02T10:39:00
M0404,2026-03-02T13:10:00
M0404,2026-03-03T19:21:00
M0404,2026-03-05T16:02:00
M0404,2026-03-08T08:34:00
M0404,2026-03-10T15:12:00
M0404,2026-03-11T12:31:00
M0404,2026-03-13T13:49:00
M0404,2026-03-16T20:44:00
M0404,2026-03-18T12:02:00
M0404,2026-03-25T13:42:00
M0404,2026-03-26T14:28:00
M0404,2026-03-27T07:06:00
M0404,2026-03-28T20:32:00
M0404,2026-04-02T20:33:00
M0404,2026-04-03T16:22:00
M0404,2026-04-03T18:13:00
M0404,2026-04-04T16:59:00
M0404,2026-04-11T08:13:00
M0404,2026-04-13T13:21:00
M0404,2026-04-14T08:13:00
M0404,2026-04-14T09:23:00
M0404,2026-04-17T10:18:00
M0404,2026-04-23T14:51:00
M0404,2026-04-24T12:41:00
M0404,2026-04-25T16:11:00
M0404,2026-04-26T10:35:00
M0404,2026-04-29T15:25:00
M0404,2026-05-01T10:54:00
M0404,2026-05-01T20:59:00
M0404,2026-05-05T10:26:00
M0404,2026-05-08T12:46:00
M0404,2026-05-13T08:26:00
M0404,2026-05-13T11:20:00
M0404,2026-05-18T15:15:00
M0404,2026-05-20T10:08:00
M0404,2026-05-23T07:56:00
M0404,2026-05-23T16:37:00
M0404,2026-05-26T13:03:00
M0404,2026-05-29T06:09:00
M0404,2026-05-29T17:24:00
M0404,2026-05-31T16:24:00
M0404,2026-06-01T16:24:00
M0404,2026-06-02T19:27:00
M0404,2026-06-02T19:47:00
M0404,2026-06-04T06:19:00
M0404,2026-06-07T07:37:00
M0404,2026-06-10T11:16:00
M0404,2026-06-10T18:41:00
M0404,2026-06-17T06:48:00
M0404,2026-06-18T10:12:00
M0404,2026-06-19T08:39:00
M0404,2026-06-22T13:55:00
M0404,2026-06-24T12:29:00
M0404,2026-06-26T11:00:00
M0404,2026-06-27T09:28:00
M0404,2026-06-27T11:26:00
M0404,2026-07-02T19:53:00
M0404,2026-07-09T08:48:00
M0404,2026-07-12T12:42:00
M0404,2026-07-17T15:37:00
M0404,2026-07-19T14:48:00
M0404,2026-07-19T18:20:00
M0404,2026-07-19T19:05:00
M0404,2026-07-23T12:00:00
M0404,2026-07-24T20:25:00
M0404,2026-07-26T18:25:00
M0404,2026-07-29T09:11:00
M0404,2026-08-06T08:43:00
M0404,2026-08-07T18:07:00
M0404,2026-08-07T19:31:00
M0404,2026-08-10T13:38:00
M0404,2026-08-22T11:38:00
M0404,2026-08-25T11:07:00
M0404,2026-09-02T08:43:00
M0405,2026-03-06T10:04:00
M0405,2026-03-12T07:31:00
M0405,2026-03-12T08:10:00
M0405,2026-03-12T11:43:00
M0405,2026-03-13T13:21:00
M0405,2026-03-15T19:30:00
M0405,2026-03-18T19:33:00
M0405,2026-03-21T10:55:00
M0405,2026-03-22T14:55:00
M0405,2026-03-24T12:27:00
M0405,2026-04-06T13:37:00
M0405,2026-04-17T09:15:00
M0405,2026-04-18T10:03:00
M0405,2026-04-24T09:46:00
M0405,2026-04-26T18:12:00
M0405,2026-04-27T11:53:00
M0405,2026-04-30T14:13:00
M0405,2026-04-30T19:40:00
M0405,2026-05-02T15:11:00
M0405,2026-05-03T12:26:00
M0405,2026-05-08T12:24:00
M0405,2026-05-15T06:30:00
M0405,2026-05-15T11:26:00
M0405,2026-05-16T14:01:00
M0405,2026-05-18T06:11:00
M0405,2026-05-20T09:03:00
M0405,2026-05-25T15:09:00
M0405,2026-05-26T17:26:00
M0405,2026-05-27T06:39:00
M0405,2026-05-27T13:55:00
M0405,2026-05-30T19:01:00
M0405,2026-05-31T08:31:00
M0405,2026-06-01T10:09:00
M0405,2026-06-02T13:51:00
M0405,2026-06-05T06:15:00
M0405,2026-06-09T15:11:00
M0405,2026-06-11T17:45:00
M0405,2026-06-11T19:11:00
M0405,2026-06-11T19:36:00
M0405,2026-06-12T15:17:00
M0405,2026-06-13T07:13:00
M0405,2026-06-13T08:43:00
M0405,2026-06-14T13:18:00
M0405,2026-06-17T08:31:00
M0405,2026-06-21T12:47:00
M0405,2026-06-21T15:20:00
M0405,2026-06-23T15:15:00
M0405,2026-06-27T17:48:00
M0405,2026-06-30T12:46:00
M0405,2026-07-03T19:32:00
M0405,2026-07-07T08:48:00
M0405,2026-07-08T06:43:00
M0405,2026-07-16T08:51:00
M0405,2026-07-16T20:04:00
M0405,2026-07-17T07:50:00
M0405,2026-07-17T14:06:00
M0405,2026-07-17T18:32:00
M0405,2026-07-17T19:22:00
M0405,2026-07-18T14:01:00
M0405,2026-07-18T20:42:00
M0405,2026-07-31T14:35:00
M0405,2026-08-01T06:16:00
M0405,2026-08-02T18:01:00
M0405,2026-08-03T15:13:00
M0405,2026-08-04T12:46:00
M0405,2026-08-04T13:09:00
M0405,2026-08-04T13:23:00
M0405,2026-08-05T18:19:00
M0405,2026-08-05T19:08:00
M0405,2026-08-13T13:14:00
M0405,2026-08-14T10:08:00
M0405,2026-08-16T08:44:00
M0405,2026-09-03T08:11:00
M0405,2026-09-05T17:45:00
M0405,2026-09-08T07:51:00
M0406,2025-10-27T17:42:00
M0406,2025-10-29T11:06:00
M0406,2025-10-30T11:52:00
M0406,2025-11-08T18:50:00
M0406,2025-11-10T09:12:00
M0406,2025-11-10T12:00:00
M0406,2025-11-14T12:11:00
M0406,2025-11-14T12:27:00
M0406,2025-11-14T18:20:00
M0406,2025-11-16T10:53:00
M0406,2025-11-20T11:54:00
M0406,2025-11-22T11:52:00
M0406,2025-11-23T17:00:00
M0406,2025-11-24T16:05:00
M0406,2025-11-25T16:36:00
M0406,2025-11-26T20:30:00
M0406,2025-11-27T12:47:00
M0406,2025-12-02T16:00:00
M0406,2025-12-05T07:13:00
M0406,2025-12-10T20:23:00
M0406,2025-12-11T08:12:00
M0406,2025-12-12T10:25:00
M0406,2025-12-12T17:05:00
M0406,2025-12-13T15:07:00
M0406,2025-12-17T20:50:00
M0406,2025-12-18T15:44:00
M0406,2025-12-18T20:13:00
M0406,2025-12-20T19:32:00
M0406,2025-12-21T06:49:00
M0406,2025-12-22T12:29:00
M0406,2025-12-24T15:39:00
M0406,2025-12-25T06:47:00
M0406,2025-12-25T15:28:00
M0406,2025-12-26T12:52:00
M0406,2025-12-27T19:23:00
M0406,2025-12-27T19:26:00
M0406,2025-12-28T15:04:00
M0406,2025-12-30T08:12:00
M0406,2026-01-01T10:19:00
M0406,2026-01-02T17:36:00
M0406,2026-01-04T18:22:00
M0406,2026-01-07T09:28:00
M0406,2026-01-10T07:54:00
M0406,2026-01-14T09:56:00
M0406,2026-01-17T06:47:00
M0406,2026-01-17T10:09:00
M0406,2026-01-21T15:06:00
M0406,2026-01-25T12:09:00
M0406,2026-01-29T09:07:00
M0406,2026-02-04T08:11:00
M0406,2026-02-05T13:30:00
M0406,2026-02-08T10:45:00
M0406,2026-02-10T07:54:00
M0406,2026-02-10T16:06:00
M0406,2026-02-10T16:19:00
M0406,2026-02-22T17:50:00
M0406,2026-02-27T19:30:00
M0406,2026-03-03T14:05:00
M0406,2026-03-14T17:55:00
M0406,2026-03-15T16:36:00
M0406,2026-03-16T13:20:00
M0406,2026-03-16T20:14:00
M0406,2026-03-18T13:13:00
M0406,2026-03-23T06:42:00
M0406,2026-03-31T15:59:00
M0406,2026-04-01T14:15:00
M0406,2026-04-06T14:47:00
M0406,2026-04-11T14:20:00
M0406,2026-04-14T09:10:00
M0406,2026-04-15T11:13:00
M0406,2026-04-16T07:01:00
M0406,2026-04-21T07:44:00
M0406,2026-04-21T11:41:00
M0406,2026-04-23T07:38:00
M0406,2026-04-23T17:12:00
M0406,2026-04-25T11:05:00
M0406,2026-04-25T16:04:00
M0406,2026-04-25T17:18:00
M0406,2026-04-29T10:28:00
M0406,2026-04-30T09:59:00
M0406,2026-05-03T09:48:00
M0406,2026-05-06T19:16:00
M0406,2026-05-09T07:44:00
M0406,2026-05-24T09:15:00
M0406,2026-05-30T16:32:00
M0406,2026-06-01T13:51:00
M0406,2026-06-02T11:19:00
M0406,2026-06-02T17:43:00
M0406,2026-06-04T14:36:00
M0406,2026-06-09T06:25:00
M0406,2026-06-12T08:36:00
M0406,2026-06-13T15:57:00
M0406,2026-06-20T10:21:00
M0406,2026-06-21T14:44:00
M0406,2026-06-22T08:59:00
M0406,2026-06-24T13:07:00
M0406,2026-06-26T20:19:00
M0406,2026-07-03T16:06:00
M0406,2026-07-04T14:26:00
M0406,2026-07-11T14:05:00
M0406,2026-07-12T15:42:00
M0406,2026-07-15T10:38:00
M0406,2026-07-15T11:15:00
M0406,2026-07-16T17:11:00
M0406,2026-07-17T09:06:00
M0406,2026-07-18T12:21:00
M0406,2026-07-20T09:13:00
M0406,2026-07-23T07:27:00
M0406,2026-07-23T17:18:00
M0406,2026-07-24T12:07:00
M0406,2026-07-26T09:26:00
M0406,2026-07-26T12:05:00
M0406,2026-07-28T12:30:00
M0406,2026-07-29T09:14:00
M0406,2026-07-30T16:01:00
M0406,2026-07-30T18:42:00
M0406,2026-08-02T06:20:00
M0406,2026-08-02T17:53:00
M0406,2026-08-03T08:31:00
M0406,2026-08-03T12:38:00
M0406,2026-08-05T09:51:00
M0406,2026-08-08T10:30:00
M0406,2026-08-09T20:54:00
M0406,2026-08-10T08:06:00
M0406,2026-08-12T19:00:00
M0406,2026-08-13T18:33:00
M0406,2026-08-16T18:38:00
M0406,2026-08-21T18:28:00
M0406,2026-08-22T16:24:00
M0406,2026-09-08T15:27:00
M0407,2025-10-12T12:56:00
M0407,2025-10-17T14:59:00
M0407,2025-10-19T13:20:00
M0407,2025-10-21T20:49:00
M0407,2025-10-23T13:16:00
M0407,2025-10-25T12:44:00
M0407,2025-10-26T17:59:00
M0407,2025-10-28T15:52:00
M0407,2025-10-29T16:23:00
M0407,2025-11-06T09:56:00
M0407,2025-11-11T13:21:00
M0407,2025-11-13T12:53:00
M0407,2025-11-13T18:00:00
M0407,2025-11-18T12:07:00
M0407,2025-11-20T17:14:00
M0407,2025-11-27T06:14:00
M0407,2025-11-29T19:46:00
M0407,2025-12-03T19:24:00
M0407,2025-12-06T19:29:00
M0407,2025-12-11T13:26:00
M0407,2025-12-12T11:18:00
M0407,2025-12-15T15:40:00
M0407,2025-12-16T10:08:00
M0407,2025-12-16T15:18:00
M0407,2025-12-18T20:42:00
M0407,2025-12-22T06:39:00
M0407,2025-12-23T09:32:00
M0407,2025-12-25T12:12:00
M0407,2025-12-26T16:46:00
M0407,2025-12-30T09:09:00
M0407,2025-12-31T14:48:00
M0407,2026-01-01T16:20:00
M0407,2026-01-03T08:12:00
M0407,2026-01-09T14:13:00
M0407,2026-01-10T15:27:00
M0407,2026-01-14T20:22:00
M0407,2026-01-17T17:43:00
M0407,2026-01-18T11:39:00
M0407,2026-01-19T19:19:00
M0407,2026-01-24T07:55:00
M0407,2026-01-24T13:56:00
M0407,2026-01-26T13:26:00
M0407,2026-01-28T14:23:00
M0407,2026-01-31T20:25:00
M0407,2026-02-05T17:41:00
M0407,2026-02-07T08:09:00
M0407,2026-02-08T10:14:00
M0407,2026-02-08T18:42:00
M0407,2026-02-11T12:25:00
M0407,2026-02-13T17:26:00
M0407,2026-02-17T07:29:00
M0407,2026-02-18T14:31:00
M0407,2026-02-20T11:55:00
M0407,2026-02-23T07:51:00
M0407,2026-02-25T16:21:00
M0407,2026-02-26T09:38:00
M0407,2026-02-26T20:23:00
M0407,2026-02-28T11:32:00
M0407,2026-02-28T18:21:00
M0407,2026-03-01T15:33:00
M0407,2026-03-02T06:27:00
M0407,2026-03-02T16:08:00
M0407,2026-03-06T09:50:00
M0407,2026-03-07T10:34:00
M0407,2026-03-09T06:38:00
M0407,2026-03-12T11:44:00
M0407,2026-03-14T17:29:00
M0407,2026-03-15T08:33:00
M0407,2026-03-27T15:13:00
M0407,2026-03-28T10:58:00
M0407,2026-03-29T10:07:00
M0407,2026-03-29T19:49:00
M0407,2026-04-01T07:19:00
M0407,2026-04-04T17:07:00
M0407,2026-04-07T11:16:00
M0407,2026-04-09T08:58:00
M0407,2026-04-09T17:55:00
M0407,2026-04-15T14:23:00
M0407,2026-04-17T08:19:00
M0407,2026-04-17T13:53:00
M0407,2026-04-20T06:37:00
M0407,2026-04-23T06:49:00
M0407,2026-04-23T08:47:00
M0407,2026-04-24T10:02:00
M0407,2026-04-26T17:29:00
M0407,2026-04-26T17:31:00
M0407,2026-04-27T06:12:00
M0407,2026-04-29T06:28:00
M0407,2026-04-30T10:58:00
M0407,2026-05-01T12:24:00
M0407,2026-05-01T15:51:00
M0407,2026-05-04T16:56:00
M0407,2026-05-04T18:52:00
M0407,2026-05-09T13:20:00
M0407,2026-05-12T15:01:00
M0407,2026-05-12T16:41:00
M0407,2026-05-19T15:54:00
M0407,2026-05-21T06:31:00
M0407,2026-05-21T18:52:00
M0407,2026-05-22T17:41:00
M0407,2026-05-27T19:51:00
M0407,2026-06-03T10:51:00
M0407,2026-06-05T07:23:00
M0407,2026-06-09T17:47:00
M0407,2026-06-14T06:17:00
M0407,2026-06-16T13:03:00
M0407,2026-06-17T08:03:00
M0407,2026-06-20T08:36:00
M0407,2026-06-20T08:52:00
M0407,2026-06-23T06:11:00
M0407,2026-06-25T07:48:00
M0407,2026-06-28T09:39:00
M0407,2026-06-30T07:50:00
M0407,2026-07-03T10:57:00
M0407,2026-07-04T17:22:00
M0407,2026-07-05T07:19:00
M0407,2026-07-09T11:20:00
M0407,2026-07-10T08:39:00
M0407,2026-07-11T06:45:00
M0407,2026-07-12T19:54:00
M0407,2026-07-15T09:30:00
M0407,2026-07-18T09:44:00
M0407,2026-07-23T13:44:00
M0407,2026-07-25T06:16:00
M0407,2026-07-25T20:31:00
M0407,2026-07-27T10:20:00
M0407,2026-07-29T09:52:00
M0407,2026-07-29T18:57:00
M0407,2026-07-30T10:08:00
M0407,2026-07-31T20:34:00
M0407,2026-08-03T12:14:00
M0407,2026-08-03T16:35:00
M0407,2026-08-04T09:45:00
M0407,2026-08-06T07:36:00
M0407,2026-08-08T20:19:00
M0407,2026-08-09T19:26:00
M0407,2026-08-12T06:07:00
M0407,2026-08-12T10:05:00
M0407,2026-08-13T14:12:00
M0407,2026-08-14T18:03:00
M0407,2026-08-17T06:35:00
M0407,2026-08-21T16:49:00
M0407,2026-08-24T10:42:00
M0407,2026-08-31T15:02:00
M0407,2026-08-31T17:16:00
M0408,2026-03-17T10:45:00
M0408,2026-03-21T16:14:00
M0408,2026-03-22T17:40:00
M0408,2026-03-23T18:45:00
M0408,2026-03-29T20:58:00
M0408,2026-03-30T18:24:00
M0408,2026-04-02T07:35:00
M0408,2026-04-04T06:56:00
M0408,2026-04-04T19:09:00
M0408,2026-04-05T07:40:00
M0408,2026-04-05T14:10:00
M0408,2026-04-09T16:12:00
M0408,2026-04-13T14:59:00
M0408,2026-04-16T13:40:00
M0408,2026-04-17T08:14:00
M0408,2026-04-24T18:59:00
M0408,2026-04-25T07:42:00
M0408,2026-04-25T14:07:00
M0408,2026-04-26T19:01:00
M0408,2026-04-27T08:59:00
M0408,2026-05-01T14:15:00
M0408,2026-05-03T09:58:00
M0408,2026-05-07T15:43:00
M0408,2026-05-07T20:00:00
M0408,2026-05-17T11:28:00
M0408,2026-05-17T16:08:00
M0408,2026-05-17T19:42:00
M0408,2026-05-19T18:22:00
M0408,2026-05-22T20:20:00
M0408,2026-06-04T10:17:00
M0408,2026-06-06T07:57:00
M0408,2026-06-08T15:41:00
M0408,2026-06-10T20:49:00
M0408,2026-06-13T09:22:00
M0408,2026-06-18T17:11:00
M0408,2026-06-25T08:19:00
M0408,2026-06-26T12:15:00
M0408,2026-06-26T15:44:00
M0408,2026-07-07T06:14:00
M0408,2026-07-07T09:32:00
M0408,2026-07-11T10:39:00
M0408,2026-07-12T06:42:00
M0408,2026-07-13T13:40:00
M0408,2026-07-15T11:00:00
M0408,2026-07-15T15:04:00
M0408,2026-07-31T06:38:00
M0408,2026-08-04T15:43:00
M0408,2026-08-08T06:41:00
M0408,2026-08-26T18:30:00
M0408,2026-09-01T14:57:00
M0409,2026-04-03T11:52:00
M0409,2026-04-04T08:28:00
M0409,2026-04-08T18:18:00
M0409,2026-04-16T15:24:00
M0409,2026-04-18T16:03:00
M0409,2026-04-20T08:44:00
M0409,2026-04-22T14:23:00
M0409,2026-04-24T14:39:00
M0409,2026-04-25T17:10:00
M0409,2026-04-30T17:11:00
M0409,2026-05-02T11:46:00
M0409,2026-05-05T07:00:00
M0409,2026-05-10T20:07:00
M0409,2026-05-17T17:57:00
M0409,2026-05-17T20:51:00
M0409,2026-05-21T10:49:00
M0409,2026-05-24T11:43:00
M0409,2026-05-28T14:54:00
M0409,2026-06-04T13:38:00
M0409,2026-06-09T18:46:00
M0409,2026-06-10T06:28:00
M0409,2026-06-11T06:23:00
M0409,2026-06-15T17:35:00
M0409,2026-06-22T13:00:00
M0409,2026-06-24T07:46:00
M0409,2026-06-24T16:08:00
M0409,2026-06-28T13:29:00
M0409,2026-06-30T08:22:00
M0409,2026-07-02T15:39:00
M0409,2026-07-05T15:33:00
M0409,2026-07-06T10:47:00
M0409,2026-07-07T09:11:00
M0409,2026-07-07T17:17:00
M0409,2026-07-08T15:04:00
M0409,2026-07-21T17:03:00
M0409,2026-07-22T14:48:00
M0409,2026-07-22T16:31:00
M0409,2026-07-28T06:09:00
M0409,2026-08-03T20:38:00
M0409,2026-08-11T08:27:00
M0409,2026-08-12T13:03:00
M0409,2026-08-13T19:53:00
M0409,2026-08-14T08:38:00
M0409,2026-08-14T11:22:00
M0409,2026-08-16T06:31:00
M0409,2026-08-19T17:01:00
M0409,2026-08-20T07:29:00
M0409,2026-08-21T12:27:00
M0409,2026-08-23T17:13:00
M0409,2026-08-24T08:10:00
M0409,2026-08-24T14:39:00
M0409,2026-08-24T15:27:00
M0409,2026-08-24T20:59:00
M0409,2026-08-26T13:18:00
M0409,2026-08-29T08:07:00
M0409,2026-09-04T08:06:00
M0409,2026-09-10T11:36:00
M0410,2025-10-24T15:57:00
M0410,2025-10-26T19:38:00
M0410,2025-10-28T20:46:00
M0410,2025-11-05T15:19:00
M0410,2025-11-06T10:04:00
M0410,2025-11-06T10:31:00
M0410,2025-11-09T20:13:00
M0410,2025-11-13T09:48:00
M0410,2025-11-13T13:27:00
M0410,2025-11-17T18:35:00
M0410,2025-11-19T19:11:00
M0410,2025-11-23T12:59:00
M0410,2025-11-23T14:27:00
M0410,2025-11-23T18:32:00
M0410,2025-11-30T13:27:00
M0410,2025-12-01T13:46:00
M0410,2025-12-01T15:22:00
M0410,2025-12-03T11:43:00
M0410,2025-12-05T11:07:00
M0410,2025-12-07T19:03:00
M0410,2025-12-09T12:55:00
M0410,2025-12-15T13:38:00
M0410,2025-12-17T18:37:00
M0410,2025-12-22T20:17:00
M0410,2025-12-25T11:04:00
M0410,2025-12-26T11:37:00
M0410,2025-12-30T08:55:00
M0410,2025-12-30T13:00:00
M0410,2025-12-31T06:20:00
M0410,2026-01-01T11:26:00
M0410,2026-01-04T06:54:00
M0410,2026-01-04T19:10:00
M0410,2026-01-05T10:24:00
M0410,2026-01-06T13:39:00
M0410,2026-01-07T14:03:00
M0410,2026-01-08T18:19:00
M0410,2026-01-14T12:14:00
M0410,2026-01-14T12:26:00
M0410,2026-01-15T06:44:00
M0410,2026-01-19T08:48:00
M0410,2026-01-19T11:00:00
M0410,2026-01-20T11:02:00
M0410,2026-01-20T17:50:00
M0410,2026-01-21T10:06:00
M0410,2026-01-22T19:11:00
M0410,2026-01-24T11:11:00
M0410,2026-01-28T08:01:00
M0410,2026-01-28T15:10:00
M0410,2026-01-29T18:40:00
M0410,2026-01-30T08:49:00
M0410,2026-02-05T19:14:00
M0410,2026-02-10T06:11:00
M0410,2026-02-10T19:43:00
M0410,2026-02-11T10:16:00
M0410,2026-02-18T19:24:00
M0410,2026-02-22T17:06:00
M0410,2026-02-23T12:15:00
M0410,2026-02-26T08:57:00
M0410,2026-03-02T10:37:00
M0410,2026-03-05T10:32:00
M0410,2026-03-05T13:40:00
M0410,2026-03-06T08:43:00
M0410,2026-03-06T11:42:00
M0410,2026-03-15T18:51:00
M0410,2026-03-17T11:17:00
M0410,2026-03-24T15:15:00
M0410,2026-03-25T14:20:00
M0410,2026-03-28T20:40:00
M0410,2026-03-29T15:38:00
M0410,2026-03-31T19:42:00
M0410,2026-04-01T15:53:00
M0410,2026-04-01T19:38:00
M0410,2026-04-02T09:21:00
M0410,2026-04-04T14:45:00
M0410,2026-04-05T20:48:00
M0410,2026-04-07T11:14:00
M0410,2026-04-08T11:09:00
M0410,2026-04-08T16:38:00
M0410,2026-04-09T07:27:00
M0410,2026-04-10T07:35:00
M0410,2026-04-10T13:42:00
M0410,2026-04-10T15:44:00
M0410,2026-04-12T07:08:00
M0410,2026-04-12T18:36:00
M0410,2026-04-13T16:43:00
M0410,2026-04-17T07:05:00
M0410,2026-04-19T20:38:00
M0410,2026-04-20T09:49:00
M0410,2026-04-27T09:13:00
M0410,2026-04-27T19:01:00
M0410,2026-04-28T14:39:00
M0410,2026-04-29T06:18:00
M0410,2026-04-29T07:59:00
M0410,2026-04-29T18:20:00
M0410,2026-04-30T06:20:00
M0410,2026-05-05T18:24:00
M0410,2026-05-12T16:28:00
M0410,2026-05-13T10:03:00
M0410,2026-05-13T19:06:00
M0410,2026-05-15T19:45:00
M0410,2026-05-16T10:58:00
M0410,2026-05-17T15:31:00
M0410,2026-05-17T18:33:00
M0410,2026-05-20T10:22:00
M0410,2026-05-23T07:01:00
M0410,2026-05-26T17:17:00
M0410,2026-05-27T10:10:00
M0410,2026-05-29T16:32:00
M0410,2026-05-31T19:05:00
M0410,2026-06-02T08:34:00
M0410,2026-06-05T11:56:00
M0410,2026-06-05T19:29:00
M0410,2026-06-07T10:36:00
M0410,2026-06-07T11:02:00
M0410,2026-06-09T13:11:00
M0410,2026-06-10T11:19:00
M0410,2026-06-10T20:26:00
M0410,2026-06-12T15:03:00
M0410,2026-06-14T19:28:00
M0410,2026-06-16T09:29:00
M0410,2026-06-18T13:00:00
M0410,2026-06-19T19:43:00
M0410,2026-06-22T16:57:00
M0410,2026-06-25T18:37:00
M0410,2026-06-25T19:28:00
M0410,2026-06-28T07:13:00
M0410,2026-06-29T07:58:00
M0410,2026-07-01T12:37:00
M0410,2026-07-02T11:52:00
M0410,2026-07-03T08:52:00
M0410,2026-07-07T10:50:00
M0410,2026-07-09T14:13:00
M0410,2026-07-13T19:38:00
M0410,2026-07-19T15:53:00
M0410,2026-07-19T18:50:00
M0410,2026-07-24T17:26:00
M0410,2026-07-26T14:10:00
M0410,2026-07-27T13:47:00
M0410,2026-07-28T15:54:00
M0410,2026-08-01T20:08:00
M0410,2026-08-03T15:53:00
M0410,2026-08-05T07:52:00
M0410,2026-08-09T12:36:00
M0410,2026-08-09T15:01:00
M0410,2026-08-10T20:01:00
M0410,2026-08-12T16:57:00
M0410,2026-08-13T14:41:00
M0410,2026-08-28T06:00:00
M0410,2026-08-29T13:27:00
M0411,2026-05-03T09:30:00
M0411,2026-05-04T20:12:00
M0411,2026-05-06T07:21:00
M0411,2026-05-06T11:59:00
M0411,2026-05-07T10:38:00
M0411,2026-05-07T16:27:00
M0411,2026-05-08T13:13:00
M0411,2026-05-11T15:55:00
M0411,2026-05-13T17:46:00
M0411,2026-05-16T09:46:00
M0411,2026-05-18T15:44:00
M0411,2026-05-20T17:30:00
M0411,2026-05-28T14:31:00
M0411,2026-05-29T06:07:00
M0411,2026-06-03T14:05:00
M0411,2026-06-04T07:07:00
M0411,2026-06-04T09:14:00
M0411,2026-06-04T18:42:00
M0411,2026-06-04T19:45:00
M0411,2026-06-07T09:12:00
M0411,2026-06-08T20:42:00
M0411,2026-06-12T13:39:00
M0411,2026-06-13T10:15:00
M0411,2026-06-14T10:05:00
M0411,2026-06-25T20:28:00
M0411,2026-06-27T16:29:00
M0411,2026-07-03T18:06:00
M0411,2026-07-05T13:32:00
M0411,2026-07-05T16:11:00
M0411,2026-07-05T17:03:00
M0411,2026-07-07T09:15:00
M0411,2026-07-07T18:38:00
M0411,2026-07-08T17:04:00
M0411,2026-07-09T06:53:00
M0411,2026-07-09T14:31:00
M0411,2026-07-10T14:09:00
M0411,2026-07-10T19:39:00
M0411,2026-07-12T20:03:00
M0411,2026-07-13T10:33:00
M0411,2026-07-13T16:52:00
M0411,2026-07-16T09:55:00
M0411,2026-07-20T07:38:00
M0411,2026-07-21T14:49:00
M0411,2026-07-21T20:16:00
M0411,2026-07-22T11:30:00
M0411,2026-07-24T14:06:00
M0411,2026-07-25T18:18:00
M0411,2026-07-25T18:48:00
M0411,2026-07-26T16:55:00
M0411,2026-08-01T06:45:00
M0411,2026-08-03T15:37:00
M0411,2026-08-07T19:40:00
M0411,2026-08-16T14:18:00
M0411,2026-08-23T08:17:00
M0411,2026-09-04T07:31:00
M0411,2026-09-05T17:07:00
M0411,2026-09-09T18:49:00
M0412,2025-09-10T11:47:00
M0412,2025-09-12T11:45:00
M0412,2025-09-16T13:36:00
M0412,2025-09-17T16:05:00
M0412,2025-09-19T20:22:00
M0412,2025-09-21T09:14:00
M0412,2025-09-28T14:10:00
M0412,2025-09-29T07:14:00
M0412,2025-10-01T08:03:00
M0412,2025-10-02T16:56:00
M0412,2025-10-04T19:09:00
M0412,2025-10-05T08:05:00
M0412,2025-10-05T15:26:00
M0412,2025-10-06T11:18:00
M0412,2025-10-06T20:44:00
M0412,2025-10-09T12:28:00
M0412,2025-10-16T16:03:00
M0412,2025-10-19T08:02:00
M0412,2025-10-20T08:06:00
M0412,2025-10-29T08:17:00
M0412,2025-10-30T13:53:00
M0412,2025-11-02T10:46:00
M0412,2025-11-04T16:21:00
M0412,2025-11-05T16:24:00
M0412,2025-11-09T08:53:00
M0412,2025-11-10T08:07:00
M0412,2025-11-11T11:02:00
M0412,2025-11-11T19:13:00
M0412,2025-11-12T17:15:00
M0412,2025-11-13T09:17:00
M0412,2025-11-18T19:06:00
M0412,2025-11-22T20:38:00
M0412,2025-11-23T14:58:00
M0412,2025-11-25T20:52:00
M0412,2025-12-01T08:52:00
M0412,2025-12-01T11:01:00
M0412,2025-12-08T07:53:00
M0412,2025-12-10T14:18:00
M0412,2025-12-13T16:58:00
M0412,2025-12-15T10:22:00
M0412,2025-12-15T15:59:00
M0412,2025-12-16T15:17:00
M0412,2025-12-16T15:28:00
M0412,2025-12-19T11:18:00
M0412,2025-12-28T19:09:00
M0412,2025-12-30T20:48:00
M0412,2026-01-01T10:31:00
M0412,2026-01-01T13:53:00
M0412,2026-01-03T08:43:00
M0412,2026-01-03T18:53:00
M0412,2026-01-08T10:52:00
M0412,2026-01-10T12:14:00
M0412,2026-01-11T11:06:00
M0412,2026-01-12T10:37:00
M0412,2026-01-15T18:18:00
M0412,2026-01-17T10:26:00
M0412,2026-01-18T10:33:00
M0412,2026-01-20T18:23:00
M0412,2026-01-21T10:19:00
M0412,2026-01-27T11:10:00
M0412,2026-01-31T08:45:00
M0412,2026-02-02T16:51:00
M0412,2026-02-02T18:32:00
M0412,2026-02-05T10:15:00
M0412,2026-02-05T13:59:00
M0412,2026-02-07T19:01:00
M0412,2026-02-08T10:24:00
M0412,2026-02-09T15:14:00
M0412,2026-02-12T09:38:00
M0412,2026-02-12T09:49:00
M0412,2026-02-15T17:38:00
M0412,2026-02-16T10:09:00
M0412,2026-02-21T14:14:00
M0412,2026-02-23T13:21:00
M0412,2026-03-01T13:57:00
M0412,2026-03-02T09:31:00
M0412,2026-03-06T17:49:00
M0412,2026-03-07T10:53:00
M0412,2026-03-08T17:07:00
M0412,2026-03-12T08:20:00
M0412,2026-03-13T08:16:00
M0412,2026-03-18T18:00:00
M0412,2026-03-20T08:14:00
M0412,2026-03-20T10:30:00
M0412,2026-03-21T18:06:00
M0412,2026-03-23T16:13:00
M0412,2026-03-24T09:54:00
M0412,2026-03-27T06:28:00
M0412,2026-03-28T20:04:00
M0412,2026-04-01T19:29:00
M0412,2026-04-03T19:30:00
M0412,2026-04-06T13:22:00
M0412,2026-04-09T16:03:00
M0412,2026-04-10T09:38:00
M0412,2026-04-12T13:13:00
M0412,2026-04-13T14:42:00
M0412,2026-04-14T14:57:00
M0412,2026-04-15T12:15:00
M0412,2026-04-16T06:33:00
M0412,2026-04-17T11:10:00
M0412,2026-04-17T16:29:00
M0412,2026-04-18T11:43:00
M0412,2026-04-18T20:33:00
M0412,2026-04-24T08:05:00
M0412,2026-04-27T15:17:00
M0412,2026-04-27T20:50:00
M0412,2026-04-29T08:26:00
M0412,2026-05-02T20:06:00
M0412,2026-05-05T06:35:00
M0412,2026-05-06T18:49:00
M0412,2026-05-11T07:58:00
M0412,2026-05-11T11:48:00
M0412,2026-05-11T15:45:00
M0412,2026-05-12T15:33:00
M0412,2026-05-12T16:05:00
M0412,2026-05-14T18:38:00
M0412,2026-05-15T18:41:00
M0412,2026-05-18T07:31:00
M0412,2026-05-18T09:18:00
M0412,2026-05-18T10:11:00
M0412,2026-05-20T20:45:00
M0412,2026-05-28T12:16:00
M0412,2026-05-29T09:42:00
M0412,2026-05-29T10:36:00
M0412,2026-05-30T11:12:00
M0412,2026-06-01T17:41:00
M0412,2026-06-03T10:12:00
M0412,2026-06-04T18:38:00
M0412,2026-06-09T13:45:00
M0412,2026-06-11T10:03:00
M0412,2026-06-14T08:40:00
M0412,2026-06-17T20:55:00
M0412,2026-06-19T10:09:00
M0412,2026-06-20T18:12:00
M0412,2026-06-22T16:13:00
M0412,2026-06-24T16:49:00
M0412,2026-06-24T19:02:00
M0412,2026-06-30T07:43:00
M0412,2026-06-30T18:29:00
M0412,2026-07-01T06:39:00
M0412,2026-07-03T07:24:00
M0412,2026-07-03T09:08:00
M0412,2026-07-04T16:14:00
M0412,2026-07-09T16:33:00
M0412,2026-07-11T10:30:00
M0412,2026-07-12T18:10:00
M0412,2026-07-14T18:42:00
M0412,2026-07-20T09:53:00
M0412,2026-07-20T17:01:00
M0412,2026-07-24T07:58:00
M0412,2026-07-24T11:31:00
M0412,2026-07-26T07:57:00
M0412,2026-07-27T18:34:00
M0412,2026-08-03T12:59:00
M0412,2026-08-06T15:32:00
M0412,2026-08-07T10:54:00
M0412,2026-08-07T13:48:00
M0412,2026-08-10T07:03:00
M0412,2026-08-12T19:42:00
M0412,2026-08-14T10:18:00
M0412,2026-08-18T15:23:00
M0412,2026-08-21T06:28:00
M0412,2026-08-30T15:37:00
M0412,2026-09-03T20:49:00
M0412,2026-09-05T08:52:00
M0412,2026-09-07T09:05:00
M0412,2026-09-08T19:04:00
M0413,2025-10-09T11:17:00
M0413,2025-10-11T06:48:00
M0413,2025-10-17T13:28:00
M0413,2025-10-19T06:07:00
M0413,2025-10-21T19:08:00
M0413,2025-10-24T07:24:00
M0413,2025-10-24T11:53:00
M0413,2025-10-26T11:05:00
M0413,2025-10-30T06:01:00
M0413,2025-10-31T12:55:00
M0413,2025-11-01T09:37:00
M0413,2025-11-01T13:55:00
M0413,2025-11-02T18:34:00
M0413,2025-11-11T09:35:00
M0413,2025-11-12T20:30:00
M0413,2025-11-15T19:51:00
M0413,2025-11-16T16:52:00
M0413,2025-11-18T14:17:00
M0413,2025-11-19T07:47:00
M0413,2025-11-19T20:23:00
M0413,2025-11-24T07:55:00
M0413,2025-11-27T08:37:00
M0413,2025-11-27T20:11:00
M0413,2025-11-30T09:55:00
M0413,2025-12-05T09:26:00
M0413,2025-12-10T07:34:00
M0413,2025-12-11T07:08:00
M0413,2025-12-11T17:55:00
M0413,2025-12-12T11:52:00
M0413,2025-12-12T19:30:00
M0413,2025-12-15T16:33:00
M0413,2025-12-18T06:09:00
M0413,2025-12-19T18:46:00
M0413,2025-12-21T06:23:00
M0413,2025-12-21T08:14:00
M0413,2025-12-25T12:50:00
M0413,2025-12-26T16:22:00
M0413,2025-12-28T16:18:00
M0413,2025-12-29T17:59:00
M0413,2026-01-02T19:09:00
M0413,2026-01-03T19:56:00
M0413,2026-01-05T08:20:00
M0413,2026-01-07T12:21:00
M0413,2026-01-08T10:23:00
M0413,2026-01-08T12:38:00
M0413,2026-01-11T09:51:00
M0413,2026-01-13T10:31:00
M0413,2026-01-14T18:45:00
M0413,2026-01-17T17:59:00
M0413,2026-01-17T20:38:00
M0413,2026-01-18T11:14:00
M0413,2026-01-21T06:13:00
M0413,2026-01-21T20:18:00
M0413,2026-01-23T13:10:00
M0413,2026-01-23T19:59:00
M0413,2026-01-24T12:27:00
M0413,2026-01-30T12:58:00
M0413,2026-02-01T19:24:00
M0413,2026-02-03T19:08:00
M0413,2026-02-05T10:51:00
M0413,2026-02-05T13:19:00
M0413,2026-02-06T18:09:00
M0413,2026-02-07T17:48:00
M0413,2026-02-07T18:21:00
M0413,2026-02-10T13:24:00
M0413,2026-02-10T13:37:00
M0413,2026-02-13T17:02:00
M0413,2026-02-14T15:50:00
M0413,2026-02-21T10:38:00
M0413,2026-02-22T10:09:00
M0413,2026-03-01T14:03:00
M0413,2026-03-08T10:14:00
M0413,2026-03-15T06:44:00
M0413,2026-03-15T07:39:00
M0413,2026-03-17T09:18:00
M0413,2026-03-18T16:59:00
M0413,2026-03-20T07:06:00
M0413,2026-03-23T15:31:00
M0413,2026-03-25T18:51:00
M0413,2026-03-28T12:54:00
M0413,2026-03-29T06:07:00
M0413,2026-04-02T11:01:00
M0413,2026-04-02T18:47:00
M0413,2026-04-03T10:00:00
M0413,2026-04-03T20:05:00
M0413,2026-04-04T09:56:00
M0413,2026-04-04T10:51:00
M0413,2026-04-06T15:23:00
M0413,2026-04-07T17:43:00
M0413,2026-04-09T14:51:00
M0413,2026-04-09T17:33:00
M0413,2026-04-10T19:40:00
M0413,2026-04-12T15:50:00
M0413,2026-04-12T19:35:00
M0413,2026-04-14T17:16:00
M0413,2026-04-20T09:21:00
M0413,2026-04-25T20:22:00
M0413,2026-04-26T10:20:00
M0413,2026-04-27T16:14:00
M0413,2026-04-27T17:47:00
M0413,2026-05-02T16:35:00
M0413,2026-05-03T11:48:00
M0413,2026-05-07T17:49:00
M0413,2026-05-08T11:46:00
M0413,2026-05-09T20:10:00
M0413,2026-05-11T13:36:00
M0413,2026-05-11T18:48:00
M0413,2026-05-12T13:16:00
M0413,2026-05-12T15:41:00
M0413,2026-05-17T14:10:00
M0413,2026-05-17T14:16:00
M0413,2026-05-20T10:13:00
M0413,2026-05-20T13:20:00
M0413,2026-05-21T18:44:00
M0413,2026-05-25T13:56:00
M0413,2026-05-26T14:20:00
M0413,2026-06-07T14:55:00
M0413,2026-06-09T19:27:00
M0413,2026-06-12T06:48:00
M0413,2026-06-12T18:20:00
M0413,2026-06-17T13:59:00
M0413,2026-06-22T06:34:00
M0413,2026-06-22T07:21:00
M0413,2026-06-22T16:49:00
M0413,2026-06-24T12:28:00
M0413,2026-06-25T07:54:00
M0413,2026-06-29T10:23:00
M0413,2026-07-03T18:18:00
M0413,2026-07-05T13:04:00
M0413,2026-07-06T20:14:00
M0413,2026-07-07T20:54:00
M0413,2026-07-09T06:56:00
M0413,2026-07-09T17:09:00
M0413,2026-07-10T09:28:00
M0413,2026-07-10T13:21:00
M0413,2026-07-13T15:37:00
M0413,2026-07-14T17:41:00
M0413,2026-07-17T11:04:00
M0413,2026-07-20T16:24:00
M0413,2026-07-21T18:39:00
M0413,2026-07-22T11:55:00
M0413,2026-07-23T15:45:00
M0413,2026-07-24T12:04:00
M0413,2026-07-24T19:11:00
M0413,2026-07-26T06:23:00
M0413,2026-07-29T13:22:00
M0413,2026-07-29T18:35:00
M0413,2026-07-30T07:18:00
M0413,2026-07-31T16:40:00
M0413,2026-08-01T18:26:00
M0413,2026-08-08T18:06:00
M0413,2026-08-09T13:20:00
M0413,2026-08-10T06:24:00
M0413,2026-08-10T13:10:00
M0413,2026-08-11T06:13:00
M0413,2026-08-11T10:04:00
M0413,2026-08-11T15:53:00
M0413,2026-08-14T08:45:00
M0413,2026-08-17T18:46:00
M0413,2026-08-18T14:57:00
M0413,2026-08-18T18:49:00
M0413,2026-08-20T07:29:00
M0413,2026-08-20T19:12:00
M0413,2026-08-24T10:02:00
M0413,2026-08-27T18:15:00
M0414,2025-12-31T12:51:00
M0414,2026-01-03T09:40:00
M0414,2026-01-04T18:09:00
M0414,2026-01-06T17:14:00
M0414,2026-01-07T06:01:00
M0414,2026-01-08T13:19:00
M0414,2026-01-10T11:39:00
M0414,2026-01-10T16:38:00
M0414,2026-01-10T20:03:00
M0414,2026-01-14T14:00:00
M0414,2026-01-14T15:44:00
M0414,2026-01-16T16:43:00
M0414,2026-01-17T06:04:00
M0414,2026-01-17T07:00:00
M0414,2026-01-17T10:03:00
M0414,2026-01-17T17:55:00
M0414,2026-01-18T09:08:00
M0414,2026-01-19T18:25:00
M0414,2026-01-19T19:28:00
M0414,2026-01-24T06:00:00
M0414,2026-01-25T20:21:00
M0414,2026-01-27T09:51:00
M0414,2026-01-28T07:00:00
M0414,2026-01-29T17:07:00
M0414,2026-01-29T18:08:00
M0414,2026-01-31T06:53:00
M0414,2026-02-05T17:25:00
M0414,2026-02-06T07:54:00
M0414,2026-02-08T19:13:00
M0414,2026-02-09T06:07:00
M0414,2026-02-10T07:48:00
M0414,2026-02-10T15:02:00
M0414,2026-02-15T20:04:00
M0414,2026-02-16T12:36:00
M0414,2026-02-19T18:17:00
M0414,2026-02-23T15:07:00
M0414,2026-02-25T18:24:00
M0414,2026-02-28T12:39:00
M0414,2026-03-01T20:30:00
M0414,2026-03-03T07:02:00
M0414,2026-03-03T07:18:00
M0414,2026-03-04T18:51:00
M0414,2026-03-08T10:05:00
M0414,2026-03-17T08:35:00
M0414,2026-03-17T12:14:00
M0414,2026-03-19T17:09:00
M0414,2026-03-19T20:58:00
M0414,2026-03-20T07:36:00
M0414,2026-03-21T10:49:00
M0414,2026-03-29T20:21:00
M0414,2026-04-01T12:28:00
M0414,2026-04-02T07:04:00
M0414,2026-04-05T16:24:00
M0414,2026-04-07T13:01:00
M0414,2026-04-14T10:50:00
M0414,2026-04-14T11:16:00
M0414,2026-04-14T15:24:00
M0414,2026-04-14T18:09:00
M0414,2026-04-16T17:17:00
M0414,2026-04-17T11:02:00
M0414,2026-04-20T08:57:00
M0414,2026-04-26T16:50:00
M0414,2026-04-27T07:54:00
M0414,2026-04-30T20:20:00
M0414,2026-05-01T06:56:00
M0414,2026-05-01T15:53:00
M0414,2026-05-01T17:29:00
M0414,2026-05-04T14:03:00
M0414,2026-05-05T18:16:00
M0414,2026-05-07T10:09:00
M0414,2026-05-07T12:13:00
M0414,2026-05-08T16:49:00
M0414,2026-05-14T07:42:00
M0414,2026-05-14T11:11:00
M0414,2026-05-16T16:20:00
M0414,2026-05-22T14:28:00
M0414,2026-05-30T07:54:00
M0414,2026-06-01T09:09:00
M0414,2026-06-03T08:01:00
M0414,2026-06-06T07:44:00
M0414,2026-06-11T07:49:00
M0414,2026-06-11T15:51:00
M0414,2026-06-14T12:28:00
M0414,2026-06-15T08:00:00
M0414,2026-06-20T19:46:00
M0414,2026-06-23T19:29:00
M0414,2026-06-25T08:32:00
M0414,2026-06-26T10:33:00
M0414,2026-07-01T13:58:00
M0414,2026-07-06T13:35:00
M0414,2026-07-08T20:53:00
M0414,2026-07-09T06:44:00
M0414,2026-07-09T15:03:00
M0414,2026-07-10T15:27:00
M0414,2026-07-19T20:24:00
M0414,2026-07-25T12:55:00
M0414,2026-08-01T18:53:00
M0414,2026-08-08T06:40:00
M0414,2026-08-08T08:36:00
M0414,2026-08-13T18:45:00
M0414,2026-08-16T19:27:00
M0414,2026-09-06T15:04:00
M0414,2026-09-07T10:54:00
M0415,2026-01-05T17:52:00
M0415,2026-01-07T11:29:00
M0415,2026-01-07T17:07:00
M0415,2026-01-09T13:07:00
M0415,2026-01-12T13:32:00
M0415,2026-01-13T09:16:00
M0415,2026-01-16T15:13:00
M0415,2026-01-16T19:11:00
M0415,2026-01-19T20:50:00
M0415,2026-01-21T18:13:00
M0415,2026-01-21T18:24:00
M0415,2026-01-22T20:54:00
M0415,2026-01-24T08:51:00
M0415,2026-01-28T11:16:00
M0415,2026-02-06T10:08:00
M0415,2026-02-07T17:34:00
M0415,2026-02-11T19:19:00
M0415,2026-02-21T15:49:00
M0415,2026-02-22T09:57:00
M0415,2026-02-27T10:21:00
M0415,2026-02-27T10:41:00
M0415,2026-02-28T10:27:00
M0415,2026-03-01T08:41:00
M0415,2026-03-01T19:19:00
M0415,2026-03-06T06:46:00
M0415,2026-03-09T12:26:00
M0415,2026-03-10T18:54:00
M0415,2026-03-16T09:08:00
M0415,2026-03-16T10:50:00
M0415,2026-03-16T14:35:00
M0415,2026-03-19T10:22:00
M0415,2026-03-23T08:49:00
M0415,2026-03-23T11:24:00
M0415,2026-03-24T17:15:00
M0415,2026-03-25T14:51:00
M0415,2026-03-28T14:38:00
M0415,2026-04-03T18:26:00
M0415,2026-04-11T11:49:00
M0415,2026-04-14T15:57:00
M0415,2026-04-15T16:23:00
M0415,2026-04-17T08:42:00
M0415,2026-04-19T18:14:00
M0415,2026-04-20T09:51:00
M0415,2026-04-23T06:07:00
M0415,2026-04-25T17:39:00
M0415,2026-04-29T07:50:00
M0415,2026-05-01T13:40:00
M0415,2026-05-03T20:05:00
M0415,2026-05-05T16:29:00
M0415,2026-05-05T20:05:00
M0415,2026-05-06T06:06:00
M0415,2026-05-07T07:57:00
M0415,2026-05-12T17:49:00
M0415,2026-05-14T07:40:00
M0415,2026-05-17T11:34:00
M0415,2026-05-18T07:22:00
M0415,2026-05-18T14:04:00
M0415,2026-05-18T15:17:00
M0415,2026-05-20T19:09:00
M0415,2026-05-27T09:57:00
M0415,2026-05-27T11:02:00
M0415,2026-05-27T20:46:00
M0415,2026-05-28T18:04:00
M0415,2026-06-02T20:28:00
M0415,2026-06-04T13:56:00
M0415,2026-06-05T11:01:00
M0415,2026-06-06T17:38:00
M0415,2026-06-08T07:55:00
M0415,2026-06-13T18:48:00
M0415,2026-06-20T11:04:00
M0415,2026-06-21T06:41:00
M0415,2026-06-21T16:38:00
M0415,2026-06-23T09:00:00
M0415,2026-06-25T19:05:00
M0415,2026-06-25T19:16:00
M0415,2026-06-28T08:29:00
M0415,2026-07-01T09:08:00
M0415,2026-07-08T11:25:00
M0415,2026-07-08T16:26:00
M0415,2026-07-09T10:09:00
M0415,2026-07-10T09:35:00
M0415,2026-07-11T06:43:00
M0415,2026-07-12T19:40:00
M0415,2026-07-13T19:25:00
M0415,2026-07-16T08:24:00
M0415,2026-07-18T09:59:00
M0415,2026-07-18T13:26:00
M0415,2026-07-24T07:05:00
M0415,2026-07-24T09:44:00
M0415,2026-07-28T09:05:00
M0415,2026-07-28T09:55:00
M0415,2026-07-30T14:55:00
M0415,2026-07-31T06:29:00
M0415,2026-08-01T20:55:00
M0415,2026-08-02T10:54:00
M0415,2026-08-03T06:50:00
M0415,2026-08-03T12:46:00
M0415,2026-08-04T08:37:00
M0415,2026-08-05T07:17:00
M0415,2026-08-16T10:12:00
M0415,2026-08-18T17:24:00
M0415,2026-08-19T16:51:00
M0415,2026-08-27T17:12:00
M0415,2026-08-27T19:47:00
M0415,2026-08-29T20:46:00
M0416,2025-08-14T14:18:00
M0416,2025-08-20T14:50:00
M0416,2025-08-23T10:31:00
M0416,2025-08-24T13:16:00
M0416,2025-08-28T08:50:00
M0416,2025-08-30T15:30:00
M0416,2025-09-06T08:11:00
M0416,2025-09-06T14:37:00
M0416,2025-09-07T10:21:00
M0416,2025-09-08T15:29:00
M0416,2025-09-08T19:10:00
M0416,2025-09-09T06:07:00
M0416,2025-09-09T17:41:00
M0416,2025-09-11T08:07:00
M0416,2025-09-11T16:37:00
M0416,2025-09-11T17:18:00
M0416,2025-09-15T10:21:00
M0416,2025-09-20T12:07:00
M0416,2025-09-23T18:53:00
M0416,2025-09-29T13:28:00
M0416,2025-10-02T11:13:00
M0416,2025-10-04T11:51:00
M0416,2025-10-04T17:53:00
M0416,2025-10-09T13:45:00
M0416,2025-10-12T06:46:00
M0416,2025-10-18T14:24:00
M0416,2025-10-24T20:08:00
M0416,2025-10-29T09:36:00
M0416,2025-10-29T19:50:00
M0416,2025-10-30T18:15:00
M0416,2025-11-02T12:38:00
M0416,2025-11-04T17:42:00
M0416,2025-11-09T19:00:00
M0416,2025-11-16T11:47:00
M0416,2025-11-16T20:08:00
M0416,2025-11-19T19:40:00
M0416,2025-11-20T09:38:00
M0416,2025-11-20T19:42:00
M0416,2025-11-27T12:44:00
M0416,2025-12-03T13:53:00
M0416,2025-12-07T09:06:00
M0416,2025-12-08T13:42:00
M0416,2025-12-10T10:23:00
M0416,2025-12-10T19:22:00
M0416,2025-12-19T18:02:00
M0416,2025-12-20T17:53:00
M0416,2025-12-23T09:06:00
M0416,2025-12-30T13:22:00
M0416,2026-01-04T19:07:00
M0416,2026-01-06T13:15:00
M0416,2026-01-17T09:26:00
M0416,2026-01-18T09:23:00
M0416,2026-01-21T07:21:00
M0416,2026-01-21T20:18:00
M0416,2026-01-26T15:40:00
M0416,2026-02-03T11:27:00
M0416,2026-02-14T10:19:00
M0416,2026-02-18T14:31:00
M0416,2026-02-21T13:04:00
M0416,2026-02-24T20:22:00
M0416,2026-02-25T11:43:00
M0416,2026-02-27T20:04:00
M0416,2026-02-28T09:22:00
M0416,2026-03-01T15:05:00
M0416,2026-03-01T16:32:00
M0416,2026-03-07T20:49:00
M0416,2026-03-09T08:21:00
M0416,2026-03-09T19:17:00
M0416,2026-03-13T08:46:00
M0416,2026-03-13T09:39:00
M0416,2026-03-18T16:49:00
M0416,2026-03-18T19:07:00
M0416,2026-03-20T18:17:00
M0416,2026-03-25T06:41:00
M0416,2026-03-27T07:49:00
M0416,2026-03-28T15:09:00
M0416,2026-04-04T12:42:00
M0416,2026-04-11T16:46:00
M0416,2026-04-12T13:35:00
M0416,2026-04-16T08:42:00
M0416,2026-04-26T13:30:00
M0416,2026-04-30T07:20:00
M0416,2026-05-06T12:42:00
M0416,2026-05-08T18:08:00
M0416,2026-05-12T17:37:00
M0416,2026-05-15T19:47:00
M0416,2026-05-21T06:52:00
M0416,2026-05-22T12:39:00
M0416,2026-05-23T07:43:00
M0416,2026-05-31T08:46:00
M0416,2026-06-11T15:55:00
M0416,2026-06-13T11:54:00
M0416,2026-06-14T12:33:00
M0416,2026-06-16T18:57:00
M0416,2026-06-18T10:05:00
M0416,2026-06-19T10:52:00
M0416,2026-06-20T09:13:00
M0416,2026-06-23T07:20:00
M0416,2026-06-26T18:40:00
M0416,2026-07-05T14:20:00
M0416,2026-07-16T06:10:00
M0416,2026-07-21T12:45:00
M0416,2026-07-22T07:33:00
M0416,2026-07-24T17:53:00
M0416,2026-07-26T16:50:00
M0416,2026-07-28T17:15:00
M0416,2026-07-29T09:43:00
M0416,2026-07-30T17:07:00
M0416,2026-08-03T12:15:00
M0416,2026-08-04T09:44:00
M0416,2026-08-05T08:38:00
M0416,2026-08-08T11:55:00
M0416,2026-08-09T07:27:00
M0416,2026-08-10T11:25:00
M0417,2025-08-27T10:59:00
M0417,2025-09-01T13:41:00
M0417,2025-09-03T18:21:00
M0417,2025-09-07T09:01:00
M0417,2025-09-07T16:48:00
M0417,2025-09-08T16:56:00
M0417,2025-09-11T17:31:00
M0417,2025-09-11T20:18:00
M0417,2025-09-17T20:26:00
M0417,2025-09-21T19:47:00
M0417,2025-09-28T18:22:00
M0417,2025-10-14T07:25:00
M0417,2025-10-14T09:48:00
M0417,2025-10-14T20:23:00
M0417,2025-10-19T07:32:00
M0417,2025-10-21T19:50:00
M0417,2025-10-28T06:21:00
M0417,2025-10-28T17:27:00
M0417,2025-11-06T17:22:00
M0417,2025-11-06T17:32:00
M0417,2025-11-09T06:29:00
M0417,2025-11-09T12:25:00
M0417,2025-11-10T08:52:00
M0417,2025-11-16T11:01:00
M0417,2025-12-04T17:24:00
M0417,2025-12-11T12:02:00
M0417,2025-12-18T15:41:00
M0417,2025-12-20T11:01:00
M0417,2025-12-22T06:26:00
M0417,2025-12-26T20:23:00
M0417,2025-12-27T08:27:00
M0417,2025-12-31T11:55:00
M0417,2026-01-02T15:26:00
M0417,2026-01-11T17:13:00
M0417,2026-01-13T12:48:00
M0417,2026-01-14T13:17:00
M0417,2026-01-19T16:48:00
M0417,2026-01-20T16:17:00
M0417,2026-01-24T10:04:00
M0417,2026-01-25T07:41:00
M0417,2026-02-01T10:12:00
M0417,2026-02-04T14:54:00
M0417,2026-02-06T12:33:00
M0417,2026-02-10T11:37:00
M0417,2026-02-15T18:24:00
M0417,2026-02-16T06:00:00
M0417,2026-02-23T14:42:00
M0417,2026-02-27T13:06:00
M0417,2026-02-28T08:00:00
M0417,2026-03-02T15:13:00
M0417,2026-03-05T16:13:00
M0417,2026-03-06T20:35:00
M0417,2026-03-14T16:37:00
M0417,2026-03-16T14:37:00
M0417,2026-03-16T15:34:00
M0417,2026-03-19T07:36:00
M0417,2026-03-20T18:14:00
M0417,2026-03-20T19:54:00
M0417,2026-03-21T16:09:00
M0417,2026-03-31T07:26:00
M0417,2026-04-01T06:06:00
M0417,2026-04-02T20:38:00
M0417,2026-04-05T14:04:00
M0417,2026-04-09T17:23:00
M0417,2026-04-16T12:47:00
M0417,2026-04-20T07:32:00
M0417,2026-04-20T14:27:00
M0417,2026-04-28T08:26:00
M0417,2026-05-02T13:43:00
M0417,2026-05-03T11:47:00
M0417,2026-05-05T10:38:00
M0417,2026-05-10T07:21:00
M0417,2026-05-12T16:33:00
M0417,2026-05-15T07:58:00
M0417,2026-05-15T09:10:00
M0417,2026-05-24T12:21:00
M0417,2026-05-24T19:25:00
M0417,2026-05-31T17:05:00
M0417,2026-06-04T13:12:00
M0417,2026-06-08T09:05:00
M0417,2026-06-17T15:15:00
M0417,2026-06-21T13:57:00
M0417,2026-06-21T15:49:00
M0417,2026-06-22T09:20:00
M0417,2026-06-23T17:50:00
M0417,2026-06-24T15:15:00
M0417,2026-06-25T18:11:00
M0417,2026-06-27T13:43:00
M0417,2026-06-28T18:22:00
M0417,2026-07-01T07:05:00
M0417,2026-07-02T12:42:00
M0417,2026-07-12T14:56:00
M0417,2026-07-13T12:13:00
M0417,2026-07-14T11:27:00
M0417,2026-07-18T18:21:00
M0417,2026-07-19T20:27:00
M0417,2026-07-20T19:47:00
M0417,2026-07-21T13:06:00
M0417,2026-07-23T08:34:00
M0417,2026-07-24T07:29:00
M0417,2026-07-24T17:12:00
M0417,2026-07-26T11:16:00
M0417,2026-07-28T10:07:00
M0417,2026-08-03T09:12:00
M0417,2026-08-04T18:21:00
M0417,2026-08-12T12:00:00
M0417,2026-08-14T12:54:00
M0417,2026-08-15T13:19:00
M0417,2026-09-02T13:19:00
M0417,2026-09-05T14:28:00
M0418,2026-01-07T15:35:00
M0418,2026-01-11T08:06:00
M0418,2026-01-12T08:57:00
M0418,2026-01-13T20:49:00
M0418,2026-01-15T06:13:00
M0418,2026-01-15T20:20:00
M0418,2026-01-16T10:52:00
M0418,2026-01-17T14:31:00
M0418,2026-01-20T09:19:00
M0418,2026-01-26T07:21:00
M0418,2026-01-26T16:24:00
M0418,2026-01-29T06:34:00
M0418,2026-01-29T17:26:00
M0418,2026-01-30T17:47:00
M0418,2026-01-31T15:58:00
M0418,2026-02-01T16:26:00
M0418,2026-02-04T14:31:00
M0418,2026-02-06T20:31:00
M0418,2026-02-09T10:18:00
M0418,2026-02-10T08:21:00
M0418,2026-02-10T09:19:00
M0418,2026-02-15T09:41:00
M0418,2026-02-22T20:57:00
M0418,2026-02-23T14:53:00
M0418,2026-02-26T19:53:00
M0418,2026-03-02T16:15:00
M0418,2026-03-03T06:27:00
M0418,2026-03-05T18:29:00
M0418,2026-03-14T13:26:00
M0418,2026-03-14T17:46:00
M0418,2026-03-16T20:08:00
M0418,2026-03-20T18:10:00
M0418,2026-03-20T19:31:00
M0418,2026-03-22T06:55:00
M0418,2026-03-22T18:02:00
M0418,2026-03-23T12:23:00
M0418,2026-03-25T09:24:00
M0418,2026-03-25T20:38:00
M0418,2026-03-27T19:43:00
M0418,2026-04-07T19:47:00
M0418,2026-04-09T19:06:00
M0418,2026-04-10T13:16:00
M0418,2026-04-14T17:49:00
M0418,2026-04-15T15:30:00
M0418,2026-04-15T17:03:00
M0418,2026-04-19T14:16:00
M0418,2026-04-20T07:33:00
M0418,2026-04-21T09:42:00
M0418,2026-04-23T06:39:00
M0418,2026-04-26T09:21:00
M0418,2026-04-26T18:32:00
M0418,2026-04-29T13:47:00
M0418,2026-05-01T09:43:00
M0418,2026-05-03T07:58:00
M0418,2026-05-13T07:42:00
M0418,2026-05-17T20:08:00
M0418,2026-05-18T20:03:00
M0418,2026-05-19T12:25:00
M0418,2026-05-19T19:32:00
M0418,2026-05-21T13:32:00
M0418,2026-05-22T10:57:00
M0418,2026-05-22T17:23:00
M0418,2026-05-25T14:31:00
M0418,2026-05-30T13:33:00
M0418,2026-05-30T14:19:00
M0418,2026-05-31T20:41:00
M0418,2026-06-02T10:55:00
M0418,2026-06-04T13:44:00
M0418,2026-06-04T19:32:00
M0418,2026-06-05T15:46:00
M0418,2026-06-06T13:05:00
M0418,2026-06-07T17:46:00
M0418,2026-06-13T07:29:00
M0418,2026-06-13T19:18:00
M0418,2026-06-19T07:41:00
M0418,2026-06-19T15:45:00
M0418,2026-06-22T15:03:00
M0418,2026-06-23T14:55:00
M0418,2026-06-24T18:14:00
M0418,2026-06-28T17:36:00
M0418,2026-06-29T11:06:00
M0418,2026-07-05T19:46:00
M0418,2026-07-06T17:58:00
M0418,2026-07-08T08:48:00
M0418,2026-07-10T12:33:00
M0418,2026-07-10T16:33:00
M0418,2026-07-13T12:34:00
M0418,2026-07-18T10:09:00
M0418,2026-07-19T15:36:00
M0418,2026-07-21T06:14:00
M0418,2026-07-22T12:51:00
M0418,2026-07-29T06:56:00
M0418,2026-07-30T06:41:00
M0418,2026-07-30T07:06:00
M0418,2026-07-30T20:08:00
M0418,2026-08-04T17:28:00
M0418,2026-08-06T18:10:00
M0418,2026-08-07T11:54:00
M0418,2026-08-11T18:14:00
M0418,2026-08-12T11:11:00
M0418,2026-09-05T11:30:00
M0418,2026-09-07T15:18:00
M0418,2026-09-11T06:15:00
M0419,2025-08-15T06:19:00
M0419,2025-08-18T11:13:00
M0419,2025-08-18T17:37:00
M0419,2025-08-23T12:34:00
M0419,2025-09-03T17:48:00
M0419,2025-09-05T12:04:00
M0419,2025-09-12T12:09:00
M0419,2025-09-13T13:26:00
M0419,2025-09-16T16:54:00
M0419,2025-09-24T11:19:00
M0419,2025-09-28T11:25:00
M0419,2025-09-30T11:47:00
M0419,2025-10-05T09:54:00
M0419,2025-10-06T07:17:00
M0419,2025-10-15T20:42:00
M0419,2025-10-18T16:12:00
M0419,2025-10-19T20:19:00
M0419,2025-10-25T19:53:00
M0419,2025-11-02T15:55:00
M0419,2025-11-04T06:33:00
M0419,2025-11-04T08:55:00
M0419,2025-11-06T09:59:00
M0419,2025-11-08T17:55:00
M0419,2025-11-18T10:03:00
M0419,2025-11-24T11:36:00
M0419,2025-12-08T06:55:00
M0419,2025-12-31T10:06:00
M0419,2026-01-18T13:02:00
M0419,2026-01-21T12:45:00
M0419,2026-01-29T08:56:00
M0419,2026-02-04T18:31:00
M0419,2026-02-15T09:13:00
M0419,2026-02-17T09:19:00
M0419,2026-02-23T16:09:00
M0419,2026-02-26T07:18:00
M0419,2026-03-01T13:07:00
M0419,2026-03-09T14:36:00
M0419,2026-03-10T18:30:00
M0419,2026-03-13T08:54:00
M0419,2026-03-13T19:52:00
M0419,2026-03-16T20:30:00
M0419,2026-03-21T19:59:00
M0419,2026-03-22T19:46:00
M0419,2026-04-01T07:02:00
M0419,2026-04-01T16:39:00
M0419,2026-04-05T10:46:00
M0419,2026-04-13T07:31:00
M0419,2026-04-15T13:57:00
M0419,2026-04-16T14:49:00
M0419,2026-04-22T07:45:00
M0419,2026-04-23T20:05:00
M0419,2026-05-01T18:21:00
M0419,2026-05-05T17:59:00
M0419,2026-05-06T08:17:00
M0419,2026-05-08T09:05:00
M0419,2026-05-08T16:36:00
M0419,2026-05-14T15:24:00
M0419,2026-05-17T06:42:00
M0419,2026-05-18T17:59:00
M0419,2026-05-20T13:05:00
M0419,2026-05-22T17:41:00
M0419,2026-05-23T12:25:00
M0419,2026-05-24T11:05:00
M0419,2026-05-25T07:39:00
M0419,2026-05-28T11:30:00
M0419,2026-06-02T12:20:00
M0419,2026-06-07T14:57:00
M0419,2026-06-14T12:49:00
M0419,2026-06-20T12:10:00
M0419,2026-06-29T18:59:00
M0419,2026-07-06T09:28:00
M0419,2026-07-07T16:56:00
M0419,2026-07-11T11:44:00
M0419,2026-07-13T13:29:00
M0419,2026-07-14T15:37:00
M0419,2026-07-17T07:11:00
M0419,2026-08-01T09:54:00
M0419,2026-08-02T16:55:00
M0419,2026-08-07T12:46:00
M0419,2026-08-08T18:05:00
M0419,2026-08-09T13:00:00
M0420,2025-10-05T08:28:00
M0420,2025-10-07T19:18:00
M0420,2025-10-11T06:44:00
M0420,2025-10-17T09:38:00
M0420,2025-10-21T13:32:00
M0420,2025-10-22T18:02:00
M0420,2025-10-27T18:18:00
M0420,2025-10-27T20:21:00
M0420,2025-11-06T15:19:00
M0420,2025-11-12T15:05:00
M0420,2025-11-12T18:54:00
M0420,2025-11-18T12:34:00
M0420,2025-11-26T17:52:00
M0420,2025-12-10T14:31:00
M0420,2025-12-11T10:38:00
M0420,2025-12-17T10:38:00
M0420,2025-12-24T09:44:00
M0420,2025-12-27T06:13:00
M0420,2025-12-31T15:09:00
M0420,2026-01-10T12:35:00
M0420,2026-01-15T20:25:00
M0420,2026-01-27T13:01:00
M0420,2026-01-28T16:13:00
M0420,2026-02-02T11:23:00
M0420,2026-02-04T18:31:00
M0420,2026-02-10T11:50:00
M0420,2026-02-23T17:44:00
M0420,2026-02-26T10:20:00
M0420,2026-03-02T20:20:00
M0420,2026-03-07T06:37:00
M0420,2026-03-07T10:47:00
M0420,2026-03-09T10:13:00
M0420,2026-03-13T09:08:00
M0420,2026-03-13T20:32:00
M0420,2026-03-28T08:22:00
M0420,2026-03-30T11:01:00
M0420,2026-04-05T07:08:00
M0420,2026-04-11T12:25:00
M0420,2026-04-12T18:15:00
M0420,2026-04-22T18:23:00
M0420,2026-04-29T18:00:00
M0420,2026-05-12T10:53:00
M0420,2026-05-17T11:47:00
M0420,2026-05-27T16:28:00
M0420,2026-05-30T07:18:00
M0420,2026-06-06T08:51:00
M0420,2026-06-10T12:27:00
M0420,2026-06-11T15:09:00
M0420,2026-06-24T10:31:00
M0420,2026-06-27T14:09:00
M0420,2026-06-29T12:00:00
M0420,2026-07-03T13:04:00
M0420,2026-07-09T16:32:00
M0420,2026-07-10T06:09:00
M0420,2026-07-12T11:33:00
M0420,2026-07-14T16:48:00
M0420,2026-07-16T19:45:00
M0420,2026-07-20T10:07:00
M0420,2026-07-22T13:41:00
M0420,2026-07-28T09:38:00
M0420,2026-07-28T19:24:00
M0420,2026-08-01T16:55:00
M0420,2026-08-04T13:38:00
M0420,2026-08-13T18:50:00
M0421,2025-08-23T08:22:00
M0421,2025-08-23T15:50:00
M0421,2025-08-27T14:55:00
M0421,2025-08-30T07:28:00
M0421,2025-08-31T12:34:00
M0421,2025-09-02T20:24:00
M0421,2025-09-24T09:21:00
M0421,2025-09-25T08:47:00
M0421,2025-09-30T13:51:00
M0421,2025-10-13T16:38:00
M0421,2025-10-20T17:40:00
M0421,2025-10-25T09:30:00
M0421,2025-11-01T13:14:00
M0421,2025-11-02T16:23:00
M0421,2025-11-05T07:37:00
M0421,2025-11-08T14:01:00
M0421,2025-11-14T14:16:00
M0421,2025-11-15T12:01:00
M0421,2025-11-16T09:59:00
M0421,2025-11-19T15:58:00
M0421,2025-11-19T20:18:00
M0421,2025-11-29T12:29:00
M0421,2025-11-30T11:03:00
M0421,2025-12-01T18:39:00
M0421,2025-12-02T20:03:00
M0421,2025-12-03T17:09:00
M0421,2025-12-05T08:34:00
M0421,2025-12-05T16:40:00
M0421,2025-12-12T12:28:00
M0421,2025-12-12T17:28:00
M0421,2025-12-22T18:34:00
M0421,2025-12-29T12:28:00
M0421,2025-12-30T14:04:00
M0421,2026-01-04T15:30:00
M0421,2026-01-04T17:14:00
M0421,2026-01-10T06:22:00
M0421,2026-01-18T15:28:00
M0421,2026-01-22T20:27:00
M0421,2026-01-24T18:36:00
M0421,2026-01-31T09:13:00
M0421,2026-02-03T11:13:00
M0421,2026-02-15T13:17:00
M0421,2026-02-17T16:27:00
M0421,2026-02-18T10:08:00
M0421,2026-02-20T07:03:00
M0421,2026-03-11T10:35:00
M0421,2026-03-15T09:15:00
M0421,2026-03-15T13:31:00
M0421,2026-03-17T14:34:00
M0421,2026-03-18T12:22:00
M0421,2026-03-24T15:34:00
M0421,2026-03-26T18:38:00
M0421,2026-03-27T07:13:00
M0421,2026-03-30T12:48:00
M0421,2026-03-31T12:15:00
M0421,2026-04-01T15:19:00
M0421,2026-04-09T13:11:00
M0421,2026-04-09T13:25:00
M0421,2026-04-11T11:30:00
M0421,2026-04-13T09:38:00
M0421,2026-04-20T08:51:00
M0421,2026-04-21T13:08:00
M0421,2026-04-24T16:44:00
M0421,2026-04-25T11:02:00
M0421,2026-05-02T20:43:00
M0421,2026-05-03T10:53:00
M0421,2026-05-06T14:41:00
M0421,2026-05-09T18:55:00
M0421,2026-05-10T17:22:00
M0421,2026-05-11T06:01:00
M0421,2026-05-16T15:51:00
M0421,2026-05-16T20:32:00
M0421,2026-05-22T12:57:00
M0421,2026-05-30T08:50:00
M0421,2026-05-31T06:59:00
M0421,2026-05-31T10:41:00
M0421,2026-05-31T20:44:00
M0421,2026-06-01T20:20:00
M0421,2026-06-04T07:55:00
M0421,2026-06-04T14:48:00
M0421,2026-06-04T15:01:00
M0421,2026-06-11T17:38:00
M0421,2026-06-12T17:14:00
M0421,2026-06-19T11:17:00
M0421,2026-06-24T19:18:00
M0421,2026-06-29T11:15:00
M0421,2026-07-03T19:18:00
M0421,2026-07-04T15:25:00
M0421,2026-07-07T17:03:00
M0421,2026-07-10T13:09:00
M0421,2026-07-10T13:46:00
M0421,2026-07-11T15:40:00
M0421,2026-07-15T08:09:00
M0421,2026-07-19T12:19:00
M0421,2026-07-20T20:24:00
M0421,2026-08-16T16:05:00
M0421,2026-08-25T08:31:00
M0421,2026-08-26T09:02:00
M0421,2026-08-31T11:59:00
M0421,2026-09-01T08:29:00
M0421,2026-09-01T19:54:00
M0421,2026-09-04T19:26:00
M0421,2026-09-07T11:47:00
M0421,2026-09-07T19:39:00
M0422,2026-04-26T07:59:00
M0422,2026-04-29T14:57:00
M0422,2026-05-01T15:43:00
M0422,2026-05-02T07:09:00
M0422,2026-05-02T20:02:00
M0422,2026-05-03T06:01:00
M0422,2026-05-06T11:55:00
M0422,2026-05-06T15:54:00
M0422,2026-05-09T20:39:00
M0422,2026-05-15T07:22:00
M0422,2026-05-19T14:56:00
M0422,2026-05-19T20:36:00
M0422,2026-05-25T19:37:00
M0422,2026-05-29T08:55:00
M0422,2026-06-01T19:16:00
M0422,2026-06-02T11:22:00
M0422,2026-06-03T11:11:00
M0422,2026-06-07T10:47:00
M0422,2026-06-08T08:08:00
M0422,2026-06-09T18:05:00
M0422,2026-06-11T15:19:00
M0422,2026-06-15T15:51:00
M0422,2026-06-16T16:05:00
M0422,2026-06-17T12:36:00
M0422,2026-06-20T15:36:00
M0422,2026-06-21T09:35:00
M0422,2026-06-21T11:27:00
M0422,2026-06-25T09:13:00
M0422,2026-06-25T11:37:00
M0422,2026-06-28T13:00:00
M0422,2026-06-30T17:42:00
M0422,2026-07-16T11:45:00
M0422,2026-07-17T18:27:00
M0422,2026-07-26T06:53:00
M0422,2026-08-05T19:52:00
M0423,2026-03-05T16:24:00
M0423,2026-03-08T19:12:00
M0423,2026-03-09T18:38:00
M0423,2026-03-10T07:04:00
M0423,2026-03-13T07:17:00
M0423,2026-03-13T19:33:00
M0423,2026-03-21T08:34:00
M0423,2026-04-05T20:51:00
M0423,2026-04-06T15:38:00
M0423,2026-04-15T15:56:00
M0423,2026-04-27T12:08:00
M0423,2026-05-04T15:15:00
M0423,2026-05-07T11:09:00
M0423,2026-05-07T18:41:00
M0423,2026-05-08T14:18:00
M0423,2026-05-21T11:24:00
M0423,2026-05-21T14:22:00
M0423,2026-05-27T06:35:00
M0423,2026-05-29T17:06:00
M0423,2026-06-08T07:09:00
M0423,2026-06-09T12:03:00
M0423,2026-06-13T17:46:00
M0423,2026-06-15T11:47:00
M0423,2026-06-29T15:26:00
M0423,2026-07-04T10:39:00
M0423,2026-07-06T07:35:00
M0423,2026-07-11T10:00:00
M0423,2026-07-27T19:15:00
M0423,2026-08-01T10:29:00
M0423,2026-08-03T19:27:00
M0423,2026-08-06T15:49:00
M0423,2026-08-14T20:31:00
M0424,2025-10-23T15:41:00
M0424,2025-10-25T10:40:00
M0424,2025-10-29T11:25:00
M0424,2025-10-30T08:53:00
M0424,2025-11-01T06:54:00
M0424,2025-11-02T19:06:00
M0424,2025-11-04T09:58:00
M0424,2025-11-05T16:49:00
M0424,2025-11-08T06:26:00
M0424,2025-11-09T16:23:00
M0424,2025-11-12T12:27:00
M0424,2025-11-15T15:01:00
M0424,2025-11-19T06:54:00
M0424,2025-11-19T11:01:00
M0424,2025-11-19T14:54:00
M0424,2025-11-22T13:34:00
M0424,2025-11-22T16:23:00
M0424,2025-11-25T13:27:00
M0424,2025-12-01T09:52:00
M0424,2025-12-04T20:38:00
M0424,2025-12-09T09:37:00
M0424,2025-12-10T13:36:00
M0424,2025-12-12T13:09:00
M0424,2025-12-13T13:17:00
M0424,2025-12-18T17:12:00
M0424,2025-12-20T19:09:00
M0424,2025-12-22T19:37:00
M0424,2025-12-25T17:50:00
M0424,2025-12-30T20:59:00
M0424,2025-12-31T18:36:00
M0424,2026-01-01T15:07:00
M0424,2026-01-04T18:54:00
M0424,2026-01-08T08:29:00
M0424,2026-01-10T08:16:00
M0424,2026-01-10T13:04:00
M0424,2026-01-11T20:50:00
M0424,2026-01-14T18:55:00
M0424,2026-01-15T19:40:00
M0424,2026-01-16T07:06:00
M0424,2026-01-20T16:14:00
M0424,2026-01-26T06:08:00
M0424,2026-01-30T13:28:00
M0424,2026-02-01T16:26:00
M0424,2026-02-04T16:08:00
M0424,2026-02-06T16:59:00
M0424,2026-02-13T06:39:00
M0424,2026-02-13T19:50:00
M0424,2026-02-16T07:50:00
M0424,2026-02-16T09:06:00
M0424,2026-02-20T10:24:00
M0424,2026-02-20T13:34:00
M0424,2026-02-20T18:12:00
M0424,2026-02-21T11:10:00
M0424,2026-02-23T13:16:00
M0424,2026-02-24T20:11:00
M0424,2026-02-25T18:00:00
M0424,2026-03-03T08:51:00
M0424,2026-03-05T17:23:00
M0424,2026-03-07T12:20:00
M0424,2026-03-08T20:58:00
M0424,2026-03-09T06:02:00
M0424,2026-03-09T12:26:00
M0424,2026-03-10T16:21:00
M0424,2026-03-11T14:02:00
M0424,2026-03-14T20:56:00
M0424,2026-03-15T19:23:00
M0424,2026-03-16T07:20:00
M0424,2026-03-16T15:42:00
M0424,2026-03-17T18:13:00
M0424,2026-03-18T20:03:00
M0424,2026-03-19T19:20:00
M0424,2026-03-21T09:43:00
M0424,2026-03-30T17:47:00
M0424,2026-04-01T11:29:00
M0424,2026-04-06T07:35:00
M0424,2026-04-09T18:18:00
M0424,2026-04-12T15:58:00
M0424,2026-04-13T20:46:00
M0424,2026-04-14T06:30:00
M0424,2026-04-14T18:17:00
M0424,2026-04-20T14:55:00
M0424,2026-04-21T18:53:00
M0424,2026-04-22T07:22:00
M0424,2026-04-28T18:53:00
M0424,2026-04-30T10:17:00
M0424,2026-05-02T10:07:00
M0424,2026-05-03T07:02:00
M0424,2026-05-03T12:05:00
M0424,2026-05-04T16:38:00
M0424,2026-05-07T19:53:00
M0424,2026-05-16T16:21:00
M0424,2026-05-16T19:50:00
M0424,2026-05-17T12:27:00
M0424,2026-05-17T19:09:00
M0424,2026-05-17T20:23:00
M0424,2026-05-18T14:23:00
M0424,2026-05-22T13:59:00
M0424,2026-05-22T18:55:00
M0424,2026-05-26T16:25:00
M0424,2026-05-31T11:38:00
M0424,2026-06-01T20:22:00
M0424,2026-06-03T13:27:00
M0424,2026-06-08T15:02:00
M0424,2026-06-12T16:14:00
M0424,2026-06-20T10:59:00
M0424,2026-06-24T18:08:00
M0424,2026-06-26T20:51:00
M0424,2026-06-28T08:11:00
M0424,2026-06-28T12:17:00
M0424,2026-06-29T07:53:00
M0424,2026-06-29T16:06:00
M0424,2026-06-29T19:19:00
M0424,2026-07-02T10:24:00
M0424,2026-07-03T12:13:00
M0424,2026-07-03T14:33:00
M0424,2026-07-06T16:25:00
M0424,2026-07-07T11:34:00
M0424,2026-07-09T16:23:00
M0424,2026-07-16T16:23:00
M0424,2026-07-22T09:12:00
M0424,2026-07-23T16:12:00
M0424,2026-07-23T16:12:00
M0424,2026-08-01T12:07:00
M0424,2026-08-05T07:28:00
M0424,2026-08-06T08:31:00
M0424,2026-08-07T10:19:00
M0424,2026-08-10T10:30:00
M0424,2026-08-16T19:36:00
M0424,2026-08-19T09:28:00
M0424,2026-09-04T17:11:00
M0424,2026-09-04T18:39:00
M0425,2026-02-28T10:42:00
M0425,2026-03-02T07:13:00
M0425,2026-03-03T17:43:00
M0425,2026-03-06T17:48:00
M0425,2026-03-15T14:28:00
M0425,2026-03-20T13:19:00
M0425,2026-03-22T19:28:00
M0425,2026-03-23T15:30:00
M0425,2026-03-23T15:40:00
M0425,2026-03-24T13:17:00
M0425,2026-03-31T13:31:00
M0425,2026-04-01T07:47:00
M0425,2026-04-01T11:26:00
M0425,2026-04-02T15:51:00
M0425,2026-04-05T07:32:00
M0425,2026-04-05T14:57:00
M0425,2026-04-06T17:18:00
M0425,2026-04-07T08:21:00
M0425,2026-04-11T06:24:00
M0425,2026-04-12T11:59:00
M0425,2026-04-12T15:20:00
M0425,2026-04-12T15:57:00
M0425,2026-04-13T10:35:00
M0425,2026-04-13T14:27:00
M0425,2026-04-14T11:20:00
M0425,2026-04-17T08:18:00
M0425,2026-04-21T06:04:00
M0425,2026-04-22T19:49:00
M0425,2026-04-26T10:19:00
M0425,2026-04-26T16:28:00
M0425,2026-04-26T20:53:00
M0425,2026-04-28T09:15:00
M0425,2026-04-28T15:58:00
M0425,2026-05-01T16:24:00
M0425,2026-05-03T19:23:00
M0425,2026-05-06T17:22:00
M0425,2026-05-09T08:01:00
M0425,2026-05-10T12:43:00
M0425,2026-05-12T07:22:00
M0425,2026-05-12T12:43:00
M0425,2026-05-13T15:06:00
M0425,2026-05-20T09:12:00
M0425,2026-05-27T12:57:00
M0425,2026-05-28T10:00:00
M0425,2026-05-29T15:05:00
M0425,2026-05-31T06:39:00
M0425,2026-05-31T13:07:00
M0425,2026-06-01T10:04:00
M0425,2026-06-05T13:32:00
M0425,2026-06-07T10:37:00
M0425,2026-06-09T07:17:00
M0425,2026-06-09T20:22:00
M0425,2026-06-11T11:30:00
M0425,2026-06-11T19:44:00
M0425,2026-06-12T07:42:00
M0425,2026-06-12T11:20:00
M0425,2026-06-18T13:54:00
M0425,2026-06-18T18:12:00
M0425,2026-06-21T19:29:00
M0425,2026-06-22T12:35:00
M0425,2026-06-22T15:25:00
M0425,2026-06-24T17:04:00
M0425,2026-06-28T14:16:00
M0425,2026-07-04T19:33:00
M0425,2026-07-13T20:33:00
M0425,2026-07-15T19:34:00
M0425,2026-07-16T20:04:00
M0425,2026-07-20T09:41:00
M0425,2026-07-21T14:08:00
M0425,2026-07-25T13:45:00
M0425,2026-07-26T09:01:00
M0425,2026-07-26T18:19:00
M0425,2026-07-26T19:38:00
M0425,2026-07-28T10:21:00
M0425,2026-07-30T06:29:00
M0425,2026-07-31T20:24:00
M0425,2026-08-07T06:16:00
M0425,2026-08-07T06:24:00
M0425,2026-08-11T17:46:00
M0426,2025-08-27T09:50:00
M0426,2025-08-27T17:08:00
M0426,2025-09-01T13:11:00
M0426,2025-09-04T06:16:00
M0426,2025-09-05T09:53:00
M0426,2025-09-05T15:54:00
M0426,2025-09-08T09:09:00
M0426,2025-09-09T11:37:00
M0426,2025-09-14T12:56:00
M0426,2025-09-16T10:29:00
M0426,2025-09-17T11:13:00
M0426,2025-10-01T12:48:00
M0426,2025-10-02T19:09:00
M0426,2025-10-08T06:50:00
M0426,2025-10-09T10:37:00
M0426,2025-10-13T16:58:00
M0426,2025-10-17T20:12:00
M0426,2025-10-20T09:36:00
M0426,2025-10-20T18:22:00
M0426,2025-10-23T07:12:00
M0426,2025-10-26T16:22:00
M0426,2025-10-27T10:53:00
M0426,2025-11-03T15:37:00
M0426,2025-11-07T06:40:00
M0426,2025-11-07T10:09:00
M0426,2025-11-07T19:03:00
M0426,2025-11-13T20:00:00
M0426,2025-11-14T08:29:00
M0426,2025-11-15T15:45:00
M0426,2025-11-16T06:39:00
M0426,2025-11-20T16:44:00
M0426,2025-11-23T11:05:00
M0426,2025-11-25T18:04:00
M0426,2025-11-26T07:58:00
M0426,2025-11-29T15:54:00
M0426,2025-12-01T12:18:00
M0426,2025-12-02T17:12:00
M0426,2025-12-04T17:03:00
M0426,2025-12-05T11:26:00
M0426,2025-12-09T12:08:00
M0426,2025-12-10T12:02:00
M0426,2025-12-11T20:52:00
M0426,2025-12-13T18:41:00
M0426,2025-12-14T11:59:00
M0426,2025-12-14T18:10:00
M0426,2025-12-17T09:33:00
M0426,2025-12-18T09:23:00
M0426,2025-12-20T16:11:00
M0426,2025-12-27T09:34:00
M0426,2025-12-27T10:23:00
M0426,2025-12-28T15:20:00
M0426,2025-12-29T13:38:00
M0426,2025-12-31T11:04:00
M0426,2026-01-03T15:10:00
M0426,2026-01-04T13:17:00
M0426,2026-01-12T13:20:00
M0426,2026-01-14T15:17:00
M0426,2026-01-17T13:29:00
M0426,2026-01-22T07:10:00
M0426,2026-01-22T12:23:00
M0426,2026-01-31T16:21:00
M0426,2026-01-31T19:49:00
M0426,2026-02-02T14:43:00
M0426,2026-02-04T07:47:00
M0426,2026-02-04T12:31:00
M0426,2026-02-06T09:34:00
M0426,2026-02-06T12:22:00
M0426,2026-02-09T13:03:00
M0426,2026-02-10T07:10:00
M0426,2026-02-11T16:04:00
M0426,2026-02-18T09:41:00
M0426,2026-02-21T13:22:00
M0426,2026-02-23T09:41:00
M0426,2026-02-23T20:44:00
M0426,2026-02-26T08:04:00
M0426,2026-02-26T10:47:00
M0426,2026-02-28T09:52:00
M0426,2026-03-02T16:50:00
M0426,2026-03-05T18:50:00
M0426,2026-03-08T18:48:00
M0426,2026-03-09T11:18:00
M0426,2026-03-13T10:36:00
M0426,2026-03-14T14:45:00
M0426,2026-03-15T09:39:00
M0426,2026-03-18T06:39:00
M0426,2026-03-18T11:09:00
M0426,2026-03-18T14:44:00
M0426,2026-03-19T19:18:00
M0426,2026-03-20T20:33:00
M0426,2026-03-23T09:21:00
M0426,2026-03-24T11:04:00
M0426,2026-03-27T09:43:00
M0426,2026-03-29T09:59:00
M0426,2026-03-30T11:11:00
M0426,2026-04-02T18:24:00
M0426,2026-04-03T19:01:00
M0426,2026-04-11T18:45:00
M0426,2026-04-12T15:40:00
M0426,2026-04-13T12:34:00
M0426,2026-04-23T12:57:00
M0426,2026-04-23T13:06:00
M0426,2026-04-23T13:49:00
M0426,2026-04-26T08:47:00
M0426,2026-04-28T06:34:00
M0426,2026-04-28T06:51:00
M0426,2026-04-28T16:58:00
M0426,2026-04-29T19:01:00
M0426,2026-05-06T08:56:00
M0426,2026-05-12T17:08:00
M0426,2026-05-19T19:52:00
M0426,2026-05-20T08:12:00
M0426,2026-05-20T14:22:00
M0426,2026-05-20T15:21:00
M0426,2026-05-21T07:11:00
M0426,2026-05-22T15:32:00
M0426,2026-05-27T20:10:00
M0426,2026-05-28T07:16:00
M0426,2026-06-05T19:14:00
M0426,2026-06-14T08:26:00
M0426,2026-06-14T17:08:00
M0426,2026-06-16T10:16:00
M0426,2026-06-18T09:58:00
M0426,2026-06-19T07:21:00
M0426,2026-06-28T06:17:00
M0426,2026-07-02T07:53:00
M0426,2026-07-04T12:31:00
M0426,2026-07-04T19:28:00
M0426,2026-07-10T14:32:00
M0426,2026-07-13T06:49:00
M0426,2026-07-13T07:43:00
M0426,2026-07-14T16:22:00
M0426,2026-07-20T15:06:00
M0426,2026-07-22T08:27:00
M0426,2026-07-25T10:11:00
M0426,2026-07-29T11:22:00
M0426,2026-07-29T20:11:00
M0426,2026-08-02T16:25:00
M0426,2026-08-04T06:56:00
M0426,2026-08-05T09:45:00
M0426,2026-08-07T19:47:00
M0426,2026-08-08T16:02:00
M0426,2026-08-08T17:12:00
M0426,2026-08-10T10:26:00
M0426,2026-08-11T15:29:00
M0426,2026-08-12T08:12:00
M0426,2026-08-17T11:28:00
M0426,2026-08-20T10:21:00
M0426,2026-08-23T14:06:00
M0426,2026-08-27T08:29:00
M0426,2026-09-05T17:30:00
M0426,2026-09-11T16:49:00
M0427,2025-12-02T14:27:00
M0427,2025-12-02T15:05:00
M0427,2025-12-02T15:48:00
M0427,2025-12-09T17:23:00
M0427,2025-12-12T13:44:00
M0427,2025-12-16T12:31:00
M0427,2025-12-16T12:36:00
M0427,2025-12-23T15:36:00
M0427,2025-12-27T16:33:00
M0427,2026-01-02T15:41:00
M0427,2026-01-02T20:57:00
M0427,2026-01-07T15:18:00
M0427,2026-01-13T19:58:00
M0427,2026-01-14T13:17:00
M0427,2026-01-19T07:11:00
M0427,2026-01-23T06:09:00
M0427,2026-01-24T16:05:00
M0427,2026-01-25T07:23:00
M0427,2026-01-27T17:42:00
M0427,2026-02-08T07:31:00
M0427,2026-02-12T20:20:00
M0427,2026-02-14T20:59:00
M0427,2026-02-16T09:21:00
M0427,2026-02-17T18:25:00
M0427,2026-02-21T09:10:00
M0427,2026-02-23T06:08:00
M0427,2026-02-24T15:25:00
M0427,2026-02-24T18:52:00
M0427,2026-03-02T12:32:00
M0427,2026-03-02T18:56:00
M0427,2026-03-03T11:52:00
M0427,2026-03-15T09:04:00
M0427,2026-03-17T19:47:00
M0427,2026-03-20T12:10:00
M0427,2026-04-03T06:45:00
M0427,2026-04-08T17:25:00
M0427,2026-04-12T19:54:00
M0427,2026-04-15T15:16:00
M0427,2026-04-16T07:19:00
M0427,2026-04-23T13:13:00
M0427,2026-04-23T15:59:00
M0427,2026-04-27T17:23:00
M0427,2026-05-06T09:05:00
M0427,2026-05-06T18:18:00
M0427,2026-05-08T11:22:00
M0427,2026-05-11T13:04:00
M0427,2026-05-13T06:59:00
M0427,2026-05-16T16:03:00
M0427,2026-05-18T06:35:00
M0427,2026-05-18T11:36:00
M0427,2026-05-20T18:09:00
M0427,2026-05-27T14:37:00
M0427,2026-06-01T15:28:00
M0427,2026-06-04T11:35:00
M0427,2026-06-09T09:21:00
M0427,2026-06-18T14:19:00
M0427,2026-06-20T09:06:00
M0427,2026-06-20T10:57:00
M0427,2026-06-21T15:17:00
M0427,2026-06-25T11:10:00
M0427,2026-06-28T17:55:00
M0427,2026-06-30T12:02:00
M0427,2026-07-01T07:10:00
M0427,2026-07-06T08:41:00
M0427,2026-07-09T06:48:00
M0427,2026-07-10T14:02:00
M0427,2026-07-14T20:32:00
M0427,2026-07-29T10:03:00
M0427,2026-08-05T15:55:00
M0427,2026-08-13T17:46:00
M0427,2026-08-18T07:20:00
M0427,2026-08-19T19:39:00
M0428,2026-04-16T18:26:00
M0428,2026-04-17T07:56:00
M0428,2026-04-18T16:17:00
M0428,2026-04-20T08:38:00
M0428,2026-04-20T12:58:00
M0428,2026-04-23T08:51:00
M0428,2026-04-23T11:44:00
M0428,2026-04-25T10:28:00
M0428,2026-05-01T09:38:00
M0428,2026-05-01T17:14:00
M0428,2026-05-04T15:47:00
M0428,2026-05-05T08:18:00
M0428,2026-05-18T12:00:00
M0428,2026-05-19T10:08:00
M0428,2026-05-20T13:18:00
M0428,2026-05-21T11:43:00
M0428,2026-05-22T06:34:00
M0428,2026-05-25T16:17:00
M0428,2026-05-28T20:36:00
M0428,2026-06-01T17:52:00
M0428,2026-06-01T18:54:00
M0428,2026-06-04T13:50:00
M0428,2026-06-05T18:40:00
M0428,2026-06-06T14:41:00
M0428,2026-06-09T08:01:00
M0428,2026-06-09T12:32:00
M0428,2026-06-11T08:19:00
M0428,2026-06-14T07:35:00
M0428,2026-06-15T14:06:00
M0428,2026-06-16T18:24:00
M0428,2026-06-19T20:10:00
M0428,2026-06-20T07:59:00
M0428,2026-06-23T18:34:00
M0428,2026-06-24T15:48:00
M0428,2026-06-24T15:51:00
M0428,2026-06-27T06:10:00
M0428,2026-07-04T16:15:00
M0428,2026-07-06T06:38:00
M0428,2026-07-07T13:37:00
M0428,2026-07-08T07:30:00
M0428,2026-07-08T19:53:00
M0428,2026-07-10T16:13:00
M0428,2026-07-10T19:58:00
M0428,2026-07-13T11:39:00
M0428,2026-07-15T08:42:00
M0428,2026-07-16T07:28:00
M0428,2026-07-21T11:57:00
M0428,2026-07-23T09:31:00
M0428,2026-07-23T13:48:00
M0428,2026-07-24T20:41:00
M0428,2026-07-26T12:03:00
M0428,2026-07-26T13:00:00
M0428,2026-08-01T20:22:00
M0428,2026-08-06T06:43:00
M0428,2026-08-08T07:31:00
M0428,2026-08-09T13:11:00
M0428,2026-08-11T11:12:00
M0428,2026-08-12T09:59:00
M0428,2026-08-12T11:14:00
M0428,2026-08-13T09:01:00
M0428,2026-09-05T15:58:00
M0428,2026-09-08T08:21:00
M0429,2026-04-21T10:34:00
M0429,2026-04-23T18:44:00
M0429,2026-04-26T08:09:00
M0429,2026-05-02T07:23:00
M0429,2026-05-04T16:27:00
M0429,2026-05-08T15:56:00
M0429,2026-05-10T20:13:00
M0429,2026-05-16T16:41:00
M0429,2026-05-21T15:01:00
M0429,2026-05-22T09:04:00
M0429,2026-05-24T17:36:00
M0429,2026-05-24T19:24:00
M0429,2026-06-03T11:12:00
M0429,2026-06-04T19:45:00
M0429,2026-06-05T09:25:00
M0429,2026-06-05T17:59:00
M0429,2026-06-07T12:56:00
M0429,2026-06-08T12:31:00
M0429,2026-06-10T09:21:00
M0429,2026-06-14T11:10:00
M0429,2026-06-20T14:48:00
M0429,2026-06-24T08:13:00
M0429,2026-06-27T20:20:00
M0429,2026-06-28T14:42:00
M0429,2026-06-28T17:11:00
M0429,2026-07-01T09:53:00
M0429,2026-07-06T18:39:00
M0429,2026-07-09T17:38:00
M0429,2026-07-19T15:54:00
M0429,2026-07-21T09:45:00
M0429,2026-07-25T16:14:00
M0429,2026-07-26T08:07:00
M0429,2026-07-27T11:28:00
M0429,2026-07-27T11:35:00
M0429,2026-07-31T16:24:00
M0429,2026-08-01T20:44:00
M0429,2026-08-02T06:27:00
M0429,2026-08-02T07:09:00
M0429,2026-08-05T15:31:00
M0429,2026-08-06T17:41:00
M0429,2026-08-07T08:19:00
M0429,2026-08-07T11:17:00
M0429,2026-08-09T13:32:00
M0429,2026-08-15T06:56:00
M0429,2026-09-07T20:21:00
M0429,2026-09-11T07:25:00
M0430,2026-01-06T12:38:00
M0430,2026-01-13T17:04:00
M0430,2026-01-14T08:29:00
M0430,2026-01-17T12:12:00
M0430,2026-01-18T20:26:00
M0430,2026-01-20T20:55:00
M0430,2026-01-28T10:12:00
M0430,2026-01-29T10:43:00
M0430,2026-01-29T13:26:00
M0430,2026-02-05T13:40:00
M0430,2026-02-05T15:27:00
M0430,2026-02-05T16:19:00
M0430,2026-02-06T16:49:00
M0430,2026-02-12T15:32:00
M0430,2026-02-12T17:12:00
M0430,2026-02-15T20:11:00
M0430,2026-02-16T17:14:00
M0430,2026-02-16T20:50:00
M0430,2026-02-24T09:08:00
M0430,2026-02-26T15:49:00
M0430,2026-03-06T17:51:00
M0430,2026-03-07T14:08:00
M0430,2026-03-09T10:54:00
M0430,2026-03-12T06:10:00
M0430,2026-03-13T15:24:00
M0430,2026-03-14T12:42:00
M0430,2026-03-15T07:53:00
M0430,2026-03-15T13:07:00
M0430,2026-03-16T19:34:00
M0430,2026-03-17T14:18:00
M0430,2026-03-18T07:19:00
M0430,2026-03-19T07:26:00
M0430,2026-03-20T10:39:00
M0430,2026-03-21T06:50:00
M0430,2026-03-21T13:22:00
M0430,2026-03-24T12:01:00
M0430,2026-03-27T11:44:00
M0430,2026-03-31T19:10:00
M0430,2026-04-05T12:32:00
M0430,2026-04-10T13:36:00
M0430,2026-04-20T10:49:00
M0430,2026-04-20T18:00:00
M0430,2026-04-22T17:25:00
M0430,2026-04-24T20:24:00
M0430,2026-04-29T15:10:00
M0430,2026-04-30T07:43:00
M0430,2026-05-05T17:21:00
M0430,2026-05-07T14:38:00
M0430,2026-05-08T20:12:00
M0430,2026-05-11T20:35:00
M0430,2026-05-15T11:50:00
M0430,2026-05-18T09:03:00
M0430,2026-05-18T12:36:00
M0430,2026-05-31T09:18:00
M0430,2026-05-31T17:56:00
M0430,2026-06-06T17:30:00
M0430,2026-06-06T19:52:00
M0430,2026-06-08T07:11:00
M0430,2026-06-13T18:47:00
M0430,2026-06-15T08:30:00
M0430,2026-06-16T06:53:00
M0430,2026-06-23T19:33:00
M0430,2026-06-28T16:08:00
M0430,2026-07-08T17:55:00
M0430,2026-07-11T15:53:00
M0430,2026-07-11T19:23:00
M0430,2026-07-18T08:37:00
M0430,2026-07-19T07:44:00
M0430,2026-07-25T08:02:00
M0430,2026-07-28T06:50:00
M0430,2026-07-30T08:09:00
M0430,2026-08-04T09:23:00
M0430,2026-08-04T09:36:00
M0430,2026-08-08T14:09:00
M0430,2026-08-12T07:06:00
M0430,2026-08-14T15:43:00
M0430,2026-08-22T07:15:00
M0431,2026-01-14T06:40:00
M0431,2026-01-14T13:34:00
M0431,2026-01-17T08:15:00
M0431,2026-01-19T08:37:00
M0431,2026-01-22T17:18:00
M0431,2026-01-24T12:51:00
M0431,2026-01-25T10:16:00
M0431,2026-01-31T12:21:00
M0431,2026-01-31T18:54:00
M0431,2026-02-04T10:12:00
M0431,2026-02-05T12:21:00
M0431,2026-02-06T10:50:00
M0431,2026-02-08T20:25:00
M0431,2026-02-09T19:01:00
M0431,2026-02-10T16:43:00
M0431,2026-02-11T14:04:00
M0431,2026-02-21T14:40:00
M0431,2026-02-23T19:37:00
M0431,2026-02-24T18:36:00
M0431,2026-02-25T08:03:00
M0431,2026-02-26T07:04:00
M0431,2026-02-26T14:44:00
M0431,2026-02-26T16:07:00
M0431,2026-03-01T14:17:00
M0431,2026-03-02T06:48:00
M0431,2026-03-02T15:07:00
M0431,2026-03-02T20:41:00
M0431,2026-03-03T20:05:00
M0431,2026-03-05T17:35:00
M0431,2026-03-08T18:04:00
M0431,2026-03-16T06:40:00
M0431,2026-03-19T12:15:00
M0431,2026-03-20T16:28:00
M0431,2026-03-24T06:29:00
M0431,2026-03-31T06:55:00
M0431,2026-03-31T10:15:00
M0431,2026-04-04T10:36:00
M0431,2026-04-08T07:52:00
M0431,2026-04-09T14:56:00
M0431,2026-04-10T06:09:00
M0431,2026-04-10T14:17:00
M0431,2026-04-11T15:10:00
M0431,2026-04-11T19:10:00
M0431,2026-04-17T10:48:00
M0431,2026-04-19T18:50:00
M0431,2026-04-22T07:43:00
M0431,2026-04-22T15:13:00
M0431,2026-05-03T14:47:00
M0431,2026-05-04T10:53:00
M0431,2026-05-08T12:51:00
M0431,2026-05-14T18:21:00
M0431,2026-05-18T08:15:00
M0431,2026-05-22T16:27:00
M0431,2026-05-23T07:57:00
M0431,2026-05-27T06:57:00
M0431,2026-05-28T07:12:00
M0431,2026-05-31T06:15:00
M0431,2026-06-03T12:59:00
M0431,2026-06-05T11:30:00
M0431,2026-06-05T16:18:00
M0431,2026-06-08T08:26:00
M0431,2026-06-11T10:07:00
M0431,2026-06-13T17:21:00
M0431,2026-06-16T20:56:00
M0431,2026-06-19T11:08:00
M0431,2026-06-20T14:13:00
M0431,2026-06-21T18:07:00
M0431,2026-06-23T13:33:00
M0431,2026-06-25T11:05:00
M0431,2026-06-27T12:14:00
M0431,2026-07-01T10:50:00
M0431,2026-07-01T12:52:00
M0431,2026-07-04T10:45:00
M0431,2026-07-06T08:43:00
M0431,2026-07-08T07:52:00
M0431,2026-07-09T10:51:00
M0431,2026-07-12T18:03:00
M0431,2026-07-16T06:50:00
M0431,2026-07-27T19:38:00
M0431,2026-07-28T16:07:00
M0431,2026-07-30T18:54:00
M0431,2026-07-31T07:21:00
M0431,2026-08-01T16:55:00
M0431,2026-08-02T19:03:00
M0431,2026-08-04T14:05:00
M0431,2026-08-08T07:35:00
M0431,2026-08-09T08:12:00
M0431,2026-08-09T10:24:00
M0431,2026-08-10T20:21:00
M0431,2026-08-14T18:37:00
M0431,2026-08-15T17:23:00
M0431,2026-08-16T14:07:00
M0431,2026-08-16T18:17:00
M0431,2026-08-19T14:10:00
M0431,2026-08-20T15:00:00
M0431,2026-08-29T08:44:00
M0431,2026-08-31T11:27:00
M0432,2026-04-24T20:40:00
M0432,2026-05-01T14:17:00
M0432,2026-05-03T13:32:00
M0432,2026-05-07T07:34:00
M0432,2026-05-10T16:50:00
M0432,2026-05-18T19:39:00
M0432,2026-05-19T19:34:00
M0432,2026-06-02T10:31:00
M0432,2026-06-13T06:22:00
M0432,2026-06-13T20:28:00
M0432,2026-06-15T06:41:00
M0432,2026-06-21T18:47:00
M0432,2026-06-30T06:40:00
M0432,2026-07-03T06:11:00
M0432,2026-07-03T08:06:00
M0432,2026-07-04T10:30:00
M0432,2026-07-06T17:19:00
M0432,2026-07-07T07:45:00
M0432,2026-07-14T06:17:00
M0432,2026-07-15T16:56:00
M0432,2026-07-18T10:47:00
M0432,2026-07-19T07:53:00
M0432,2026-07-19T14:11:00
M0432,2026-07-23T15:29:00
M0432,2026-07-26T10:19:00
M0432,2026-07-28T10:37:00
M0432,2026-07-29T08:50:00
M0432,2026-07-29T15:26:00
M0432,2026-07-31T16:37:00
M0432,2026-08-09T06:59:00
M0432,2026-08-09T18:01:00
M0432,2026-08-17T15:28:00
M0432,2026-08-27T14:46:00
M0432,2026-08-29T15:14:00
M0433,2025-11-13T18:24:00
M0433,2025-11-16T12:04:00
M0433,2025-11-20T06:24:00
M0433,2025-11-20T14:46:00
M0433,2025-11-20T16:46:00
M0433,2025-11-22T20:06:00
M0433,2025-12-03T19:26:00
M0433,2025-12-09T18:41:00
M0433,2025-12-10T18:44:00
M0433,2025-12-12T16:58:00
M0433,2025-12-15T20:38:00
M0433,2025-12-19T13:08:00
M0433,2025-12-22T14:06:00
M0433,2025-12-26T10:49:00
M0433,2025-12-26T12:36:00
M0433,2025-12-26T20:53:00
M0433,2025-12-30T18:17:00
M0433,2026-01-01T15:08:00
M0433,2026-01-05T11:23:00
M0433,2026-01-07T13:48:00
M0433,2026-01-07T20:16:00
M0433,2026-01-08T08:54:00
M0433,2026-01-15T08:05:00
M0433,2026-01-18T09:49:00
M0433,2026-01-19T16:17:00
M0433,2026-01-20T06:45:00
M0433,2026-01-20T16:25:00
M0433,2026-01-23T07:26:00
M0433,2026-01-23T12:54:00
M0433,2026-01-28T07:30:00
M0433,2026-01-30T16:58:00
M0433,2026-01-31T17:10:00
M0433,2026-02-05T06:44:00
M0433,2026-02-06T06:04:00
M0433,2026-02-08T09:04:00
M0433,2026-02-08T12:27:00
M0433,2026-02-12T09:52:00
M0433,2026-02-15T14:58:00
M0433,2026-02-19T08:06:00
M0433,2026-02-25T18:35:00
M0433,2026-02-28T14:50:00
M0433,2026-03-06T09:53:00
M0433,2026-03-11T14:16:00
M0433,2026-03-14T17:59:00
M0433,2026-03-19T06:49:00
M0433,2026-03-21T13:05:00
M0433,2026-03-22T16:03:00
M0433,2026-03-22T18:19:00
M0433,2026-03-22T20:23:00
M0433,2026-03-24T19:26:00
M0433,2026-03-29T20:51:00
M0433,2026-04-01T12:22:00
M0433,2026-04-02T19:58:00
M0433,2026-04-04T10:06:00
M0433,2026-04-09T07:21:00
M0433,2026-04-09T12:26:00
M0433,2026-04-11T12:20:00
M0433,2026-04-13T07:52:00
M0433,2026-04-13T08:02:00
M0433,2026-04-13T17:21:00
M0433,2026-04-16T06:06:00
M0433,2026-04-16T18:50:00
M0433,2026-04-17T17:42:00
M0433,2026-04-24T09:48:00
M0433,2026-04-25T14:49:00
M0433,2026-04-29T15:27:00
M0433,2026-05-07T16:37:00
M0433,2026-05-14T08:23:00
M0433,2026-05-17T08:51:00
M0433,2026-05-23T19:21:00
M0433,2026-05-25T17:45:00
M0433,2026-05-26T11:29:00
M0433,2026-05-28T07:22:00
M0433,2026-06-07T20:15:00
M0433,2026-06-09T11:55:00
M0433,2026-06-17T14:03:00
M0433,2026-06-20T14:41:00
M0433,2026-06-21T15:51:00
M0433,2026-06-22T14:27:00
M0433,2026-06-28T14:26:00
M0433,2026-07-04T09:48:00
M0433,2026-07-04T16:33:00
M0433,2026-07-04T18:42:00
M0433,2026-07-13T19:16:00
M0433,2026-07-14T10:09:00
M0433,2026-07-14T15:38:00
M0433,2026-07-21T08:52:00
M0433,2026-07-23T14:23:00
M0433,2026-07-26T07:44:00
M0433,2026-07-26T16:53:00
M0433,2026-08-01T06:04:00
M0433,2026-08-01T09:14:00
M0433,2026-08-07T14:36:00
M0433,2026-08-10T06:15:00
M0433,2026-08-13T20:52:00
M0433,2026-08-14T06:17:00
M0433,2026-08-16T09:00:00
M0433,2026-08-16T12:22:00
M0433,2026-08-21T10:53:00
M0433,2026-08-22T15:42:00
M0433,2026-08-22T20:57:00
M0434,2025-10-06T16:47:00
M0434,2025-10-13T10:25:00
M0434,2025-10-13T15:20:00
M0434,2025-10-17T06:09:00
M0434,2025-10-18T15:36:00
M0434,2025-10-18T20:29:00
M0434,2025-10-19T18:38:00
M0434,2025-10-21T12:38:00
M0434,2025-10-27T14:48:00
M0434,2025-10-31T18:36:00
M0434,2025-11-02T07:49:00
M0434,2025-11-04T18:33:00
M0434,2025-11-06T20:17:00
M0434,2025-11-11T12:08:00
M0434,2025-11-14T18:34:00
M0434,2025-11-20T07:26:00
M0434,2025-11-20T15:58:00
M0434,2025-11-27T16:30:00
M0434,2025-11-29T09:24:00
M0434,2025-12-01T13:58:00
M0434,2025-12-09T15:26:00
M0434,2025-12-13T13:20:00
M0434,2025-12-13T20:43:00
M0434,2025-12-19T17:19:00
M0434,2025-12-20T18:11:00
M0434,2025-12-22T11:54:00
M0434,2025-12-24T17:34:00
M0434,2025-12-27T12:39:00
M0434,2025-12-29T16:40:00
M0434,2026-01-02T14:46:00
M0434,2026-01-03T15:29:00
M0434,2026-01-06T10:20:00
M0434,2026-01-07T07:44:00
M0434,2026-01-18T08:50:00
M0434,2026-01-22T06:23:00
M0434,2026-01-22T18:52:00
M0434,2026-01-26T18:34:00
M0434,2026-01-28T06:20:00
M0434,2026-01-29T08:16:00
M0434,2026-02-01T13:21:00
M0434,2026-02-04T19:52:00
M0434,2026-02-06T07:34:00
M0434,2026-02-07T18:55:00
M0434,2026-02-13T14:42:00
M0434,2026-02-14T19:46:00
M0434,2026-02-15T20:24:00
M0434,2026-02-16T07:14:00
M0434,2026-02-19T14:37:00
M0434,2026-02-20T07:58:00
M0434,2026-02-20T09:33:00
M0434,2026-02-21T11:55:00
M0434,2026-02-25T19:45:00
M0434,2026-02-26T06:28:00
M0434,2026-03-02T10:56:00
M0434,2026-03-03T06:06:00
M0434,2026-03-10T10:53:00
M0434,2026-03-13T19:42:00
M0434,2026-03-15T14:54:00
M0434,2026-03-18T09:35:00
M0434,2026-03-21T08:34:00
M0434,2026-03-21T18:59:00
M0434,2026-03-23T20:57:00
M0434,2026-03-25T06:18:00
M0434,2026-04-02T08:19:00
M0434,2026-04-02T14:27:00
M0434,2026-04-04T17:12:00
M0434,2026-04-07T09:26:00
M0434,2026-04-09T20:48:00
M0434,2026-04-11T08:30:00
M0434,2026-04-12T11:53:00
M0434,2026-04-14T09:03:00
M0434,2026-04-20T09:19:00
M0434,2026-04-22T18:18:00
M0434,2026-04-24T16:36:00
M0434,2026-04-28T18:11:00
M0434,2026-04-29T12:41:00
M0434,2026-05-01T10:51:00
M0434,2026-05-10T07:47:00
M0434,2026-05-11T19:58:00
M0434,2026-05-14T07:31:00
M0434,2026-05-15T11:18:00
M0434,2026-05-15T12:35:00
M0434,2026-05-21T18:45:00
M0434,2026-05-30T09:03:00
M0434,2026-06-05T15:04:00
M0434,2026-06-05T20:00:00
M0434,2026-06-07T20:30:00
M0434,2026-06-12T15:41:00
M0434,2026-06-13T19:46:00
M0434,2026-06-20T16:50:00
M0434,2026-06-28T18:52:00
M0434,2026-06-28T19:32:00
M0434,2026-06-29T15:36:00
M0434,2026-07-01T07:05:00
M0434,2026-07-01T12:28:00
M0434,2026-07-02T07:29:00
M0434,2026-07-19T06:13:00
M0434,2026-07-22T13:44:00
M0434,2026-07-23T17:10:00
M0434,2026-07-25T19:22:00
M0434,2026-07-27T17:40:00
M0434,2026-07-30T08:04:00
M0434,2026-07-31T06:09:00
M0434,2026-08-21T06:22:00
M0434,2026-08-27T18:58:00
M0434,2026-08-31T18:03:00
M0434,2026-09-02T07:22:00
M0434,2026-09-02T11:01:00
M0434,2026-09-03T19:53:00
M0434,2026-09-06T10:19:00
M0434,2026-09-06T15:44:00
M0434,2026-09-06T18:24:00
M0435,2025-10-05T13:20:00
M0435,2025-10-06T15:44:00
M0435,2025-10-09T15:11:00
M0435,2025-10-11T20:35:00
M0435,2025-10-12T11:12:00
M0435,2025-10-15T06:07:00
M0435,2025-10-15T17:25:00
M0435,2025-10-17T09:41:00
M0435,2025-10-19T16:53:00
M0435,2025-10-20T08:57:00
M0435,2025-10-24T10:33:00
M0435,2025-10-24T13:11:00
M0435,2025-10-24T17:01:00
M0435,2025-11-05T20:23:00
M0435,2025-11-06T09:53:00
M0435,2025-11-07T13:57:00
M0435,2025-11-08T08:14:00
M0435,2025-11-12T12:55:00
M0435,2025-11-12T13:30:00
M0435,2025-11-13T11:13:00
M0435,2025-11-13T20:17:00
M0435,2025-11-16T18:18:00
M0435,2025-11-22T08:17:00
M0435,2025-11-26T16:35:00
M0435,2025-11-27T10:09:00
M0435,2025-11-27T14:35:00
M0435,2025-11-28T06:56:00
M0435,2025-12-03T13:22:00
M0435,2025-12-07T18:44:00
M0435,2025-12-08T13:36:00
M0435,2025-12-09T12:50:00
M0435,2025-12-09T14:21:00
M0435,2025-12-10T19:40:00
M0435,2025-12-11T08:17:00
M0435,2025-12-11T11:25:00
M0435,2025-12-12T17:28:00
M0435,2025-12-13T10:23:00
M0435,2025-12-15T10:24:00
M0435,2025-12-18T16:08:00
M0435,2025-12-19T14:23:00
M0435,2025-12-20T16:39:00
M0435,2025-12-21T12:22:00
M0435,2025-12-22T08:42:00
M0435,2025-12-22T11:06:00
M0435,2025-12-25T13:56:00
M0435,2025-12-28T14:29:00
M0435,2025-12-29T10:40:00
M0435,2025-12-31T14:25:00
M0435,2026-01-04T10:18:00
M0435,2026-01-08T20:30:00
M0435,2026-01-13T13:26:00
M0435,2026-01-16T13:28:00
M0435,2026-01-17T09:37:00
M0435,2026-01-18T06:12:00
M0435,2026-01-18T14:34:00
M0435,2026-01-21T16:46:00
M0435,2026-01-28T19:36:00
M0435,2026-01-28T19:49:00
M0435,2026-01-31T08:31:00
M0435,2026-02-04T06:55:00
M0435,2026-02-04T16:34:00
M0435,2026-02-05T18:33:00
M0435,2026-02-06T12:28:00
M0435,2026-02-10T17:58:00
M0435,2026-02-13T17:50:00
M0435,2026-02-16T06:21:00
M0435,2026-02-17T12:11:00
M0435,2026-02-17T13:34:00
M0435,2026-02-20T17:01:00
M0435,2026-02-20T19:53:00
M0435,2026-02-22T14:46:00
M0435,2026-02-23T19:04:00
M0435,2026-02-25T09:16:00
M0435,2026-02-28T12:21:00
M0435,2026-03-02T07:08:00
M0435,2026-03-04T19:20:00
M0435,2026-03-07T07:22:00
M0435,2026-03-08T10:57:00
M0435,2026-03-08T16:54:00
M0435,2026-03-09T16:39:00
M0435,2026-03-09T17:33:00
M0435,2026-03-18T15:03:00
M0435,2026-03-19T16:53:00
M0435,2026-03-19T17:53:00
M0435,2026-03-26T12:20:00
M0435,2026-03-27T12:42:00
M0435,2026-03-28T07:58:00
M0435,2026-03-29T13:00:00
M0435,2026-03-29T18:50:00
M0435,2026-04-03T10:27:00
M0435,2026-04-04T12:51:00
M0435,2026-04-11T18:47:00
M0435,2026-04-12T07:57:00
M0435,2026-04-14T15:15:00
M0435,2026-04-14T17:55:00
M0435,2026-04-16T12:29:00
M0435,2026-04-18T17:21:00
M0435,2026-04-20T08:24:00
M0435,2026-04-20T10:24:00
M0435,2026-04-21T07:47:00
M0435,2026-04-28T11:09:00
M0435,2026-05-01T16:59:00
M0435,2026-05-08T15:23:00
M0435,2026-05-10T12:34:00
M0435,2026-05-11T08:00:00
M0435,2026-05-11T20:20:00
M0435,2026-05-13T18:59:00
M0435,2026-05-15T13:35:00
M0435,2026-05-16T08:10:00
M0435,2026-05-18T16:05:00
M0435,2026-05-22T07:05:00
M0435,2026-05-23T20:29:00
M0435,2026-05-25T07:47:00
M0435,2026-05-28T06:03:00
M0435,2026-05-31T06:46:00
M0435,2026-06-02T15:33:00
M0435,2026-06-13T14:16:00
M0435,2026-06-17T16:20:00
M0435,2026-06-20T19:21:00
M0435,2026-06-23T13:43:00
M0435,2026-06-24T09:18:00
M0435,2026-06-26T16:13:00
M0435,2026-06-28T09:08:00
M0435,2026-06-29T14:11:00
M0435,2026-06-29T20:38:00
M0435,2026-07-08T15:51:00
M0435,2026-07-09T09:22:00
M0435,2026-07-09T18:52:00
M0435,2026-07-10T09:26:00
M0435,2026-07-10T10:39:00
M0435,2026-07-10T17:04:00
M0435,2026-07-12T14:17:00
M0435,2026-07-16T14:41:00
M0435,2026-07-27T08:36:00
M0435,2026-07-28T14:17:00
M0435,2026-07-29T15:33:00
M0435,2026-08-01T13:57:00
M0435,2026-08-01T18:31:00
M0435,2026-08-02T16:09:00
M0435,2026-08-03T13:06:00
M0435,2026-08-07T09:29:00
M0435,2026-08-08T11:27:00
M0435,2026-08-11T20:19:00
M0435,2026-08-19T19:39:00
M0435,2026-08-20T10:22:00
M0435,2026-08-20T14:39:00
M0435,2026-08-23T12:25:00
M0435,2026-08-25T13:33:00
M0435,2026-08-28T06:38:00
M0435,2026-08-29T06:36:00
M0435,2026-08-31T06:52:00
M0435,2026-09-09T08:59:00
M0435,2026-09-09T17:21:00
M0436,2026-02-14T08:46:00
M0436,2026-02-18T16:17:00
M0436,2026-02-21T15:11:00
M0436,2026-02-24T10:37:00
M0436,2026-02-27T08:43:00
M0436,2026-02-28T08:08:00
M0436,2026-02-28T08:41:00
M0436,2026-02-28T08:48:00
M0436,2026-02-28T09:24:00
M0436,2026-02-28T11:41:00
M0436,2026-03-01T16:36:00
M0436,2026-03-04T07:43:00
M0436,2026-03-05T14:22:00
M0436,2026-03-06T06:37:00
M0436,2026-03-07T17:24:00
M0436,2026-03-07T18:34:00
M0436,2026-03-08T13:00:00
M0436,2026-03-09T10:53:00
M0436,2026-03-11T10:02:00
M0436,2026-03-12T11:10:00
M0436,2026-03-17T13:23:00
M0436,2026-03-20T20:28:00
M0436,2026-03-21T15:03:00
M0436,2026-03-22T08:46:00
M0436,2026-03-22T10:48:00
M0436,2026-03-24T06:30:00
M0436,2026-03-27T06:13:00
M0436,2026-03-29T12:29:00
M0436,2026-03-30T20:34:00
M0436,2026-04-02T10:15:00
M0436,2026-04-03T13:32:00
M0436,2026-04-06T12:17:00
M0436,2026-04-09T09:04:00
M0436,2026-04-10T06:52:00
M0436,2026-04-17T09:08:00
M0436,2026-04-19T09:34:00
M0436,2026-04-30T18:22:00
M0436,2026-05-01T10:15:00
M0436,2026-05-05T09:03:00
M0436,2026-05-05T17:27:00
M0436,2026-05-09T15:27:00
M0436,2026-05-11T14:11:00
M0436,2026-05-14T11:35:00
M0436,2026-05-17T10:13:00
M0436,2026-05-18T15:39:00
M0436,2026-05-19T14:09:00
M0436,2026-05-21T10:48:00
M0436,2026-05-23T20:08:00
M0436,2026-05-28T16:56:00
M0436,2026-05-30T08:22:00
M0436,2026-06-08T14:32:00
M0436,2026-06-10T14:12:00
M0436,2026-06-11T15:10:00
M0436,2026-06-18T09:01:00
M0436,2026-06-22T07:08:00
M0436,2026-06-23T06:42:00
M0436,2026-06-23T13:57:00
M0436,2026-06-23T14:07:00
M0436,2026-06-26T18:21:00
M0436,2026-06-27T13:31:00
M0436,2026-07-03T15:45:00
M0436,2026-07-09T17:46:00
M0436,2026-07-09T19:41:00
M0436,2026-07-12T19:53:00
M0436,2026-07-13T10:57:00
M0436,2026-07-23T19:21:00
M0436,2026-07-25T09:53:00
M0436,2026-07-27T17:52:00
M0436,2026-07-28T11:41:00
M0436,2026-07-29T13:04:00
M0436,2026-08-01T11:51:00
M0436,2026-08-04T09:07:00
M0436,2026-08-07T14:53:00
M0436,2026-08-07T17:26:00
M0436,2026-08-10T08:24:00
M0436,2026-08-13T06:08:00
M0436,2026-08-14T10:20:00
M0436,2026-08-15T18:00:00
M0436,2026-08-16T19:22:00
M0436,2026-08-18T20:14:00
M0436,2026-08-19T09:45:00
M0436,2026-08-19T10:23:00
M0436,2026-08-19T10:27:00
M0436,2026-08-19T17:51:00
M0436,2026-08-21T15:00:00
M0436,2026-09-09T16:22:00
M0437,2025-09-15T17:00:00
M0437,2025-09-16T09:35:00
M0437,2025-09-18T10:11:00
M0437,2025-09-21T13:52:00
M0437,2025-09-22T13:15:00
M0437,2025-09-23T20:54:00
M0437,2025-09-26T19:35:00
M0437,2025-10-02T12:59:00
M0437,2025-10-04T20:49:00
M0437,2025-10-09T16:39:00
M0437,2025-10-10T13:02:00
M0437,2025-10-11T07:36:00
M0437,2025-10-11T15:00:00
M0437,2025-10-11T16:19:00
M0437,2025-10-11T17:43:00
M0437,2025-10-12T11:37:00
M0437,2025-10-14T17:42:00
M0437,2025-10-16T08:12:00
M0437,2025-10-18T09:22:00
M0437,2025-10-18T19:17:00
M0437,2025-10-19T12:42:00
M0437,2025-10-20T08:04:00
M0437,2025-10-20T19:07:00
M0437,2025-10-24T11:50:00
M0437,2025-10-24T13:00:00
M0437,2025-10-25T06:00:00
M0437,2025-10-27T11:15:00
M0437,2025-10-27T14:55:00
M0437,2025-10-28T08:08:00
M0437,2025-10-28T17:10:00
M0437,2025-11-03T14:37:00
M0437,2025-11-04T15:45:00
M0437,2025-11-10T14:36:00
M0437,2025-11-12T12:49:00
M0437,2025-11-13T12:04:00
M0437,2025-11-14T06:18:00
M0437,2025-11-16T13:07:00
M0437,2025-11-16T19:00:00
M0437,2025-11-20T19:34:00
M0437,2025-11-23T07:18:00
M0437,2025-11-24T18:07:00
M0437,2025-11-24T18:25:00
M0437,2025-11-25T10:51:00
M0437,2025-11-27T09:36:00
M0437,2025-11-27T11:03:00
M0437,2025-11-27T19:22:00
M0437,2025-11-28T11:29:00
M0437,2025-11-28T15:46:00
M0437,2025-11-28T16:46:00
M0437,2025-11-29T12:32:00
M0437,2025-11-29T12:49:00
M0437,2025-12-01T08:29:00
M0437,2025-12-01T09:53:00
M0437,2025-12-02T07:27:00
M0437,2025-12-03T06:09:00
M0437,2025-12-04T19:12:00
M0437,2025-12-06T10:57:00
M0437,2025-12-07T11:00:00
M0437,2025-12-09T17:29:00
M0437,2025-12-10T08:54:00
M0437,2025-12-13T17:43:00
M0437,2025-12-14T19:03:00
M0437,2025-12-17T12:34:00
M0437,2025-12-17T12:57:00
M0437,2025-12-17T20:05:00
M0437,2025-12-20T12:38:00
M0437,2025-12-21T10:49:00
M0437,2025-12-21T16:47:00
M0437,2025-12-23T17:32:00
M0437,2025-12-24T12:39:00
M0437,2025-12-25T12:29:00
M0437,2025-12-25T18:40:00
M0437,2025-12-27T17:45:00
M0437,2025-12-28T07:17:00
M0437,2025-12-29T20:57:00
M0437,2025-12-30T13:32:00
M0437,2025-12-31T06:01:00
M0437,2026-01-03T07:13:00
M0437,2026-01-04T06:53:00
M0437,2026-01-04T13:16:00
M0437,2026-01-05T06:48:00
M0437,2026-01-07T13:46:00
M0437,2026-01-08T09:32:00
M0437,2026-01-13T08:20:00
M0437,2026-01-17T14:44:00
M0437,2026-01-18T08:12:00
M0437,2026-01-18T17:42:00
M0437,2026-01-20T09:30:00
M0437,2026-01-20T16:46:00
M0437,2026-01-20T19:13:00
M0437,2026-01-21T06:07:00
M0437,2026-01-22T18:49:00
M0437,2026-01-24T09:17:00
M0437,2026-01-28T10:07:00
M0437,2026-01-28T13:34:00
M0437,2026-01-29T13:25:00
M0437,2026-02-02T06:44:00
M0437,2026-02-02T14:57:00
M0437,2026-02-02T20:22:00
M0437,2026-02-05T08:41:00
M0437,2026-02-05T19:27:00
M0437,2026-02-06T07:54:00
M0437,2026-02-07T06:02:00
M0437,2026-02-13T09:40:00
M0437,2026-02-13T18:15:00
M0437,2026-02-14T10:31:00
M0437,2026-02-17T10:32:00
M0437,2026-02-21T15:05:00
M0437,2026-02-25T06:08:00
M0437,2026-02-26T15:41:00
M0437,2026-02-28T12:58:00
M0437,2026-03-03T07:20:00
M0437,2026-03-07T11:40:00
M0437,2026-03-09T16:01:00
M0437,2026-03-11T16:33:00
M0437,2026-03-12T11:06:00
M0437,2026-03-12T18:21:00
M0437,2026-03-13T13:23:00
M0437,2026-03-13T20:48:00
M0437,2026-03-14T09:07:00
M0437,2026-03-17T17:46:00
M0437,2026-03-18T10:24:00
M0437,2026-03-19T06:42:00
M0437,2026-03-20T08:12:00
M0437,2026-03-20T20:40:00
M0437,2026-03-21T14:17:00
M0437,2026-04-01T06:06:00
M0437,2026-04-03T07:15:00
M0437,2026-04-04T09:40:00
M0437,2026-04-06T14:19:00
M0437,2026-04-07T12:47:00
M0437,2026-04-07T15:14:00
M0437,2026-04-08T11:29:00
M0437,2026-04-10T11:45:00
M0437,2026-04-11T10:54:00
M0437,2026-04-13T07:03:00
M0437,2026-04-13T07:30:00
M0437,2026-04-14T09:53:00
M0437,2026-04-15T18:46:00
M0437,2026-04-16T06:22:00
M0437,2026-04-16T11:12:00
M0437,2026-04-19T13:42:00
M0437,2026-04-19T18:28:00
M0437,2026-04-20T08:30:00
M0437,2026-04-24T09:05:00
M0437,2026-04-25T06:34:00
M0437,2026-04-26T15:31:00
M0437,2026-04-28T16:41:00
M0437,2026-04-28T20:24:00
M0437,2026-04-30T13:20:00
M0437,2026-04-30T19:49:00
M0437,2026-05-04T12:44:00
M0437,2026-05-09T15:38:00
M0437,2026-05-09T15:47:00
M0437,2026-05-11T10:07:00
M0437,2026-05-14T19:53:00
M0437,2026-05-15T11:24:00
M0437,2026-05-15T12:39:00
M0437,2026-05-17T12:00:00
M0437,2026-05-18T07:52:00
M0437,2026-05-19T14:36:00
M0437,2026-05-19T19:05:00
M0437,2026-05-20T09:23:00
M0437,2026-05-20T14:27:00
M0437,2026-05-22T18:15:00
M0437,2026-05-23T06:30:00
M0437,2026-05-23T19:35:00
M0437,2026-05-25T10:37:00
M0437,2026-05-25T15:31:00
M0437,2026-05-27T09:12:00
M0437,2026-05-30T12:12:00
M0437,2026-05-31T08:32:00
M0437,2026-06-05T07:33:00
M0437,2026-06-06T12:07:00
M0437,2026-06-06T13:20:00
M0437,2026-06-06T15:26:00
M0437,2026-06-09T08:01:00
M0437,2026-06-09T11:49:00
M0437,2026-06-10T16:17:00
M0437,2026-06-10T16:43:00
M0437,2026-06-11T09:16:00
M0437,2026-06-11T18:52:00
M0437,2026-06-13T12:34:00
M0437,2026-06-14T15:24:00
M0437,2026-06-14T15:42:00
M0437,2026-06-14T15:57:00
M0437,2026-06-16T06:00:00
M0437,2026-06-16T18:53:00
M0437,2026-06-17T14:03:00
M0437,2026-06-17T14:49:00
M0437,2026-06-26T18:29:00
M0437,2026-06-27T17:45:00
M0437,2026-06-30T10:47:00
M0437,2026-07-01T12:40:00
M0437,2026-07-01T15:06:00
M0437,2026-07-04T19:55:00
M0437,2026-07-06T14:33:00
M0437,2026-07-06T20:38:00
M0437,2026-07-07T13:46:00
M0437,2026-07-08T14:58:00
M0437,2026-07-08T19:14:00
M0437,2026-07-10T09:58:00
M0437,2026-07-12T18:57:00
M0437,2026-07-14T10:03:00
M0437,2026-07-14T20:28:00
M0437,2026-07-16T14:50:00
M0437,2026-07-19T18:58:00
M0437,2026-07-20T14:05:00
M0437,2026-07-20T20:31:00
M0437,2026-07-21T08:32:00
M0437,2026-07-23T15:53:00
M0437,2026-07-23T16:30:00
M0437,2026-07-25T16:51:00
M0437,2026-07-27T06:14:00
M0437,2026-07-27T13:19:00
M0437,2026-07-27T20:31:00
M0437,2026-07-29T06:11:00
M0437,2026-07-30T16:06:00
M0437,2026-08-02T09:27:00
M0437,2026-08-05T07:30:00
M0437,2026-08-05T13:48:00
M0437,2026-08-08T15:04:00
M0437,2026-08-14T06:01:00
M0437,2026-08-14T10:40:00
M0437,2026-08-16T06:01:00
M0438,2026-04-06T07:46:00
M0438,2026-04-12T20:15:00
M0438,2026-04-13T11:42:00
M0438,2026-04-18T15:10:00
M0438,2026-04-19T18:49:00
M0438,2026-04-24T08:29:00
M0438,2026-04-25T14:55:00
M0438,2026-04-25T20:04:00
M0438,2026-04-29T10:15:00
M0438,2026-05-03T13:09:00
M0438,2026-05-14T07:33:00
M0438,2026-05-14T10:20:00
M0438,2026-05-16T13:45:00
M0438,2026-05-20T12:35:00
M0438,2026-05-23T20:47:00
M0438,2026-05-27T20:44:00
M0438,2026-05-28T11:39:00
M0438,2026-05-29T20:06:00
M0438,2026-05-30T14:47:00
M0438,2026-05-31T09:13:00
M0438,2026-06-07T13:19:00
M0438,2026-06-11T20:02:00
M0438,2026-06-13T15:06:00
M0438,2026-06-17T14:29:00
M0438,2026-06-20T17:07:00
M0438,2026-06-26T08:44:00
M0438,2026-06-29T19:32:00
M0438,2026-07-03T20:08:00
M0438,2026-07-04T15:48:00
M0438,2026-07-05T09:14:00
M0438,2026-07-12T17:24:00
M0438,2026-07-22T12:07:00
M0438,2026-07-24T13:34:00
M0438,2026-07-25T18:49:00
M0438,2026-07-31T12:34:00
M0438,2026-08-03T08:24:00
M0438,2026-08-13T12:43:00
M0438,2026-08-13T17:54:00
M0438,2026-08-14T15:07:00
M0438,2026-08-21T19:36:00
M0438,2026-08-30T08:46:00
M0438,2026-09-05T13:55:00
M0439,2025-11-06T15:58:00
M0439,2025-11-06T19:38:00
M0439,2025-11-07T13:27:00
M0439,2025-11-07T13:42:00
M0439,2025-11-14T09:44:00
M0439,2025-11-18T20:29:00
M0439,2025-11-23T14:01:00
M0439,2025-11-23T18:51:00
M0439,2025-11-26T09:41:00
M0439,2025-11-26T15:15:00
M0439,2025-11-27T06:46:00
M0439,2025-11-27T13:49:00
M0439,2025-11-28T09:53:00
M0439,2025-11-30T09:49:00
M0439,2025-12-01T12:33:00
M0439,2025-12-04T17:05:00
M0439,2025-12-05T13:35:00
M0439,2025-12-07T17:11:00
M0439,2025-12-13T12:52:00
M0439,2025-12-18T10:53:00
M0439,2025-12-18T13:03:00
M0439,2025-12-19T09:41:00
M0439,2025-12-22T14:57:00
M0439,2025-12-26T06:47:00
M0439,2025-12-28T18:23:00
M0439,2025-12-31T07:29:00
M0439,2025-12-31T08:04:00
M0439,2025-12-31T09:00:00
M0439,2026-01-03T15:10:00
M0439,2026-01-03T20:00:00
M0439,2026-01-04T11:32:00
M0439,2026-01-05T13:43:00
M0439,2026-01-05T16:32:00
M0439,2026-01-07T17:49:00
M0439,2026-01-11T08:37:00
M0439,2026-01-11T19:22:00
M0439,2026-01-15T18:48:00
M0439,2026-01-19T19:31:00
M0439,2026-01-21T06:32:00
M0439,2026-01-23T15:48:00
M0439,2026-01-23T19:43:00
M0439,2026-01-24T14:13:00
M0439,2026-02-03T13:38:00
M0439,2026-02-08T15:46:00
M0439,2026-02-10T19:44:00
M0439,2026-02-15T15:50:00
M0439,2026-02-18T09:43:00
M0439,2026-02-22T06:26:00
M0439,2026-02-26T17:18:00
M0439,2026-03-01T16:05:00
M0439,2026-03-04T18:19:00
M0439,2026-03-05T15:05:00
M0439,2026-03-05T20:54:00
M0439,2026-03-07T19:31:00
M0439,2026-03-13T06:40:00
M0439,2026-03-14T20:18:00
M0439,2026-03-28T17:25:00
M0439,2026-04-03T07:07:00
M0439,2026-04-05T13:48:00
M0439,2026-04-08T12:23:00
M0439,2026-04-09T19:37:00
M0439,2026-04-10T09:16:00
M0439,2026-04-11T14:40:00
M0439,2026-04-13T06:39:00
M0439,2026-04-13T08:18:00
M0439,2026-04-13T18:46:00
M0439,2026-04-15T16:44:00
M0439,2026-04-16T07:26:00
M0439,2026-04-20T17:49:00
M0439,2026-04-23T06:32:00
M0439,2026-04-24T13:11:00
M0439,2026-04-25T12:10:00
M0439,2026-04-28T07:56:00
M0439,2026-05-02T16:31:00
M0439,2026-05-03T09:09:00
M0439,2026-05-08T13:03:00
M0439,2026-05-11T07:23:00
M0439,2026-05-11T19:25:00
M0439,2026-05-12T06:17:00
M0439,2026-05-12T16:55:00
M0439,2026-05-15T07:29:00
M0439,2026-05-16T07:32:00
M0439,2026-05-16T15:51:00
M0439,2026-05-18T11:45:00
M0439,2026-05-19T13:51:00
M0439,2026-05-19T20:33:00
M0439,2026-05-23T08:45:00
M0439,2026-05-31T06:09:00
M0439,2026-06-01T15:35:00
M0439,2026-06-03T07:15:00
M0439,2026-06-16T14:37:00
M0439,2026-06-25T06:12:00
M0439,2026-06-25T12:06:00
M0439,2026-06-28T12:02:00
M0439,2026-06-30T13:15:00
M0439,2026-07-06T20:40:00
M0439,2026-07-07T10:26:00
M0439,2026-07-09T07:30:00
M0439,2026-07-12T10:58:00
M0439,2026-07-13T11:23:00
M0439,2026-07-16T11:05:00
M0439,2026-07-21T12:50:00
M0439,2026-07-23T11:37:00
M0439,2026-07-27T08:15:00
M0439,2026-07-27T09:59:00
M0439,2026-07-27T10:47:00
M0439,2026-07-29T06:44:00
M0439,2026-07-29T12:12:00
M0439,2026-07-29T14:26:00
M0439,2026-08-01T07:22:00
M0439,2026-08-02T10:32:00
M0439,2026-08-02T12:25:00
M0439,2026-08-04T13:59:00
M0439,2026-08-06T08:57:00
M0439,2026-08-06T10:13:00
M0439,2026-08-07T11:01:00
M0439,2026-08-15T07:26:00
M0439,2026-08-16T06:04:00
M0439,2026-08-17T11:54:00
M0440,2025-10-12T19:54:00
M0440,2025-10-13T10:04:00
M0440,2025-10-14T18:21:00
M0440,2025-10-15T14:40:00
M0440,2025-10-27T10:54:00
M0440,2025-10-28T14:59:00
M0440,2025-10-29T10:49:00
M0440,2025-10-30T07:43:00
M0440,2025-11-04T20:01:00
M0440,2025-11-06T06:42:00
M0440,2025-11-08T11:13:00
M0440,2025-11-11T09:22:00
M0440,2025-11-14T18:04:00
M0440,2025-11-15T14:17:00
M0440,2025-11-16T20:24:00
M0440,2025-11-24T15:09:00
M0440,2025-11-27T17:16:00
M0440,2025-11-28T17:25:00
M0440,2025-12-01T08:58:00
M0440,2025-12-02T07:49:00
M0440,2025-12-07T10:39:00
M0440,2025-12-10T07:03:00
M0440,2025-12-19T15:06:00
M0440,2025-12-20T08:27:00
M0440,2025-12-23T18:15:00
M0440,2025-12-24T17:01:00
M0440,2025-12-25T10:48:00
M0440,2025-12-26T15:35:00
M0440,2025-12-27T20:49:00
M0440,2025-12-28T15:51:00
M0440,2025-12-29T16:01:00
M0440,2026-01-06T06:59:00
M0440,2026-01-08T07:24:00
M0440,2026-01-10T09:15:00
M0440,2026-01-12T16:15:00
M0440,2026-01-15T16:47:00
M0440,2026-01-19T11:37:00
M0440,2026-01-24T18:25:00
M0440,2026-01-26T08:55:00
M0440,2026-01-28T17:50:00
M0440,2026-01-29T12:23:00
M0440,2026-02-01T07:44:00
M0440,2026-02-02T14:49:00
M0440,2026-02-02T17:18:00
M0440,2026-02-05T17:06:00
M0440,2026-02-07T20:38:00
M0440,2026-02-08T12:11:00
M0440,2026-02-09T06:56:00
M0440,2026-02-13T20:49:00
M0440,2026-02-14T09:48:00
M0440,2026-02-15T13:28:00
M0440,2026-02-16T20:59:00
M0440,2026-02-17T11:07:00
M0440,2026-02-18T13:36:00
M0440,2026-02-19T07:32:00
M0440,2026-02-20T15:10:00
M0440,2026-02-25T07:43:00
M0440,2026-02-27T15:27:00
M0440,2026-03-08T13:39:00
M0440,2026-03-09T17:20:00
M0440,2026-03-11T08:39:00
M0440,2026-03-12T07:15:00
M0440,2026-03-14T07:06:00
M0440,2026-03-14T08:15:00
M0440,2026-03-16T07:57:00
M0440,2026-03-17T09:22:00
M0440,2026-03-18T08:45:00
M0440,2026-03-20T09:23:00
M0440,2026-03-28T14:54:00
M0440,2026-04-01T17:08:00
M0440,2026-04-03T10:22:00
M0440,2026-04-05T18:17:00
M0440,2026-04-10T19:40:00
M0440,2026-04-17T06:36:00
M0440,2026-04-17T20:58:00
M0440,2026-04-21T07:17:00
M0440,2026-04-22T07:48:00
M0440,2026-04-25T13:42:00
M0440,2026-05-11T14:42:00
M0440,2026-05-16T12:35:00
M0440,2026-05-17T14:41:00
M0440,2026-05-18T10:18:00
M0440,2026-05-20T14:10:00
M0440,2026-05-21T14:11:00
M0440,2026-05-23T20:06:00
M0440,2026-05-24T09:33:00
M0440,2026-05-25T15:31:00
M0440,2026-05-26T16:55:00
M0440,2026-05-27T09:24:00
M0440,2026-05-27T19:41:00
M0440,2026-06-05T16:28:00
M0440,2026-06-05T20:42:00
M0440,2026-06-08T08:45:00
M0440,2026-06-15T08:16:00
M0440,2026-06-15T09:57:00
M0440,2026-06-15T19:27:00
M0440,2026-06-22T13:55:00
M0440,2026-06-24T14:47:00
M0440,2026-06-25T17:13:00
M0440,2026-06-28T08:21:00
M0440,2026-06-30T07:18:00
M0440,2026-06-30T08:59:00
M0440,2026-07-09T18:31:00
M0440,2026-07-12T10:16:00
M0440,2026-07-15T11:39:00
M0440,2026-07-18T14:17:00
M0440,2026-07-22T10:44:00
M0440,2026-07-26T13:27:00
M0440,2026-07-28T07:00:00
M0440,2026-07-28T09:17:00
M0440,2026-07-28T13:37:00
M0440,2026-08-02T12:44:00
M0440,2026-08-04T08:48:00
M0440,2026-08-04T09:11:00
M0440,2026-08-04T16:46:00
M0440,2026-08-10T10:19:00
M0440,2026-08-13T09:40:00
M0440,2026-08-22T10:42:00
M0440,2026-08-27T18:14:00
M0440,2026-09-06T15:37:00
M0440,2026-09-08T17:23:00
M0441,2025-07-24T17:34:00
M0441,2025-07-30T20:27:00
M0441,2025-08-01T16:28:00
M0441,2025-08-05T07:47:00
M0441,2025-08-06T17:27:00
M0441,2025-08-09T08:22:00
M0441,2025-08-12T17:00:00
M0441,2025-08-14T08:01:00
M0441,2025-08-22T09:42:00
M0441,2025-08-26T13:28:00
M0441,2025-09-03T10:39:00
M0441,2025-09-13T08:18:00
M0441,2025-09-14T10:37:00
M0441,2025-09-16T10:35:00
M0441,2025-09-18T12:07:00
M0441,2025-09-19T08:59:00
M0441,2025-09-28T19:48:00
M0441,2025-09-29T16:15:00
M0441,2025-10-01T11:48:00
M0441,2025-10-11T14:08:00
M0441,2025-10-19T08:01:00
M0441,2025-10-19T19:03:00
M0441,2025-10-20T06:55:00
M0441,2025-10-27T13:41:00
M0441,2025-11-02T19:00:00
M0441,2025-11-09T14:32:00
M0441,2025-11-12T06:41:00
M0441,2025-11-13T08:02:00
M0441,2025-11-14T08:40:00
M0441,2025-11-16T19:08:00
M0441,2025-11-17T18:37:00
M0441,2025-11-21T18:09:00
M0441,2025-11-27T16:22:00
M0441,2025-12-01T10:31:00
M0441,2025-12-03T17:10:00
M0441,2025-12-07T07:13:00
M0441,2025-12-13T19:49:00
M0441,2025-12-14T08:37:00
M0441,2025-12-16T15:00:00
M0441,2025-12-24T06:50:00
M0441,2025-12-25T11:05:00
M0441,2025-12-25T13:38:00
M0441,2025-12-29T20:10:00
M0441,2026-01-01T19:23:00
M0441,2026-01-04T20:33:00
M0441,2026-01-04T20:51:00
M0441,2026-01-06T13:36:00
M0441,2026-01-06T15:53:00
M0441,2026-01-08T11:50:00
M0441,2026-01-11T17:51:00
M0441,2026-01-12T16:16:00
M0441,2026-01-15T08:27:00
M0441,2026-01-15T19:10:00
M0441,2026-01-16T06:35:00
M0441,2026-01-20T06:14:00
M0441,2026-01-28T06:14:00
M0441,2026-01-28T19:41:00
M0441,2026-01-31T13:41:00
M0441,2026-01-31T18:34:00
M0441,2026-02-04T13:06:00
M0441,2026-02-07T14:20:00
M0441,2026-02-10T11:03:00
M0441,2026-02-12T10:24:00
M0441,2026-02-18T14:32:00
M0441,2026-02-20T19:36:00
M0441,2026-02-22T18:37:00
M0441,2026-02-26T16:03:00
M0441,2026-03-01T11:07:00
M0441,2026-03-05T08:41:00
M0441,2026-03-06T07:49:00
M0441,2026-03-14T06:01:00
M0441,2026-03-17T14:26:00
M0441,2026-03-22T15:39:00
M0441,2026-03-23T13:44:00
M0441,2026-03-25T07:49:00
M0441,2026-03-27T15:17:00
M0441,2026-04-04T07:23:00
M0441,2026-04-12T20:03:00
M0441,2026-04-16T12:18:00
M0441,2026-04-28T20:32:00
M0441,2026-05-02T08:44:00
M0441,2026-05-04T13:15:00
M0441,2026-05-06T18:06:00
M0441,2026-05-07T11:38:00
M0441,2026-05-08T15:43:00
M0441,2026-05-12T16:49:00
M0442,2025-10-14T20:42:00
M0442,2025-10-24T11:19:00
M0442,2025-10-27T16:31:00
M0442,2025-11-05T19:11:00
M0442,2025-11-06T15:44:00
M0442,2025-11-06T19:46:00
M0442,2025-11-19T15:59:00
M0442,2025-11-20T20:21:00
M0442,2025-11-25T18:57:00
M0442,2025-12-07T18:31:00
M0442,2025-12-12T18:37:00
M0442,2025-12-14T13:42:00
M0442,2025-12-19T06:29:00
M0442,2025-12-19T15:51:00
M0442,2025-12-19T17:41:00
M0442,2025-12-25T16:31:00
M0442,2025-12-31T17:58:00
M0442,2026-01-02T09:23:00
M0442,2026-01-03T09:25:00
M0442,2026-01-09T16:59:00
M0442,2026-01-11T15:09:00
M0442,2026-01-15T09:57:00
M0442,2026-01-18T06:21:00
M0442,2026-01-19T08:12:00
M0442,2026-01-22T16:05:00
M0442,2026-01-25T11:34:00
M0442,2026-02-04T20:34:00
M0442,2026-02-11T12:26:00
M0442,2026-02-13T16:41:00
M0442,2026-02-14T19:59:00
M0442,2026-02-22T16:14:00
M0442,2026-02-23T07:04:00
M0442,2026-02-24T13:03:00
M0442,2026-03-01T10:09:00
M0442,2026-03-05T20:07:00
M0442,2026-03-06T19:57:00
M0442,2026-03-17T15:51:00
M0442,2026-03-18T14:48:00
M0442,2026-03-22T15:16:00
M0442,2026-03-31T17:57:00
M0442,2026-04-03T15:09:00
M0442,2026-04-05T16:37:00
M0442,2026-04-08T17:24:00
M0442,2026-04-12T07:30:00
M0442,2026-05-02T09:25:00
M0442,2026-05-06T12:27:00
M0442,2026-05-10T09:05:00
M0442,2026-05-10T14:07:00
M0442,2026-05-16T18:28:00
M0442,2026-05-17T06:48:00
M0442,2026-05-22T15:34:00
M0442,2026-05-22T20:07:00
M0442,2026-05-27T06:44:00
M0442,2026-06-01T09:35:00
M0442,2026-06-04T07:00:00
M0442,2026-06-06T08:17:00
M0443,2025-05-09T16:37:00
M0443,2025-05-11T07:28:00
M0443,2025-05-12T14:41:00
M0443,2025-05-14T11:54:00
M0443,2025-05-18T19:15:00
M0443,2025-05-20T07:22:00
M0443,2025-05-25T11:38:00
M0443,2025-05-26T15:35:00
M0443,2025-05-28T10:34:00
M0443,2025-05-28T20:13:00
M0443,2025-05-29T06:57:00
M0443,2025-06-08T15:17:00
M0443,2025-06-10T09:01:00
M0443,2025-06-13T14:02:00
M0443,2025-06-17T20:04:00
M0443,2025-06-20T06:26:00
M0443,2025-06-24T11:25:00
M0443,2025-06-28T09:59:00
M0443,2025-07-01T14:05:00
M0443,2025-07-01T14:44:00
M0443,2025-07-05T07:25:00
M0443,2025-07-05T12:51:00
M0443,2025-07-07T10:01:00
M0443,2025-07-07T15:48:00
M0443,2025-07-11T11:36:00
M0443,2025-07-11T13:22:00
M0443,2025-07-11T16:27:00
M0443,2025-07-16T09:45:00
M0443,2025-07-17T15:36:00
M0443,2025-07-17T20:53:00
M0443,2025-07-18T06:24:00
M0443,2025-07-20T06:33:00
M0443,2025-07-21T07:03:00
M0443,2025-07-22T07:28:00
M0443,2025-07-22T12:23:00
M0443,2025-07-25T06:51:00
M0443,2025-07-31T11:38:00
M0443,2025-08-01T14:24:00
M0443,2025-08-02T19:53:00
M0443,2025-08-03T09:46:00
M0443,2025-08-03T11:44:00
M0443,2025-08-04T10:37:00
M0443,2025-08-08T14:23:00
M0443,2025-08-09T15:12:00
M0443,2025-08-10T17:34:00
M0443,2025-08-14T19:46:00
M0443,2025-08-18T12:46:00
M0443,2025-08-18T14:06:00
M0443,2025-08-18T14:35:00
M0443,2025-08-19T09:16:00
M0443,2025-08-20T11:16:00
M0443,2025-08-21T08:49:00
M0443,2025-08-22T13:40:00
M0443,2025-08-26T17:07:00
M0443,2025-08-28T16:47:00
M0443,2025-09-02T19:24:00
M0443,2025-09-05T13:47:00
M0443,2025-09-05T15:29:00
M0443,2025-09-05T16:52:00
M0443,2025-09-06T06:31:00
M0443,2025-09-06T08:03:00
M0443,2025-09-10T16:42:00
M0443,2025-09-10T18:33:00
M0443,2025-09-22T08:15:00
M0443,2025-09-28T20:33:00
M0443,2025-09-30T07:05:00
M0443,2025-10-01T08:20:00
M0443,2025-10-01T17:45:00
M0443,2025-10-03T08:47:00
M0443,2025-10-03T20:23:00
M0443,2025-10-06T13:26:00
M0443,2025-10-09T15:41:00
M0443,2025-10-16T07:34:00
M0443,2025-10-17T13:32:00
M0443,2025-10-23T10:19:00
M0443,2025-10-25T10:24:00
M0443,2025-10-27T12:50:00
M0443,2025-10-29T18:01:00
M0443,2025-10-31T10:55:00
M0443,2025-11-07T08:21:00
M0443,2025-11-09T10:55:00
M0443,2025-11-09T14:19:00
M0443,2025-11-09T15:28:00
M0443,2025-11-10T11:31:00
M0443,2025-11-12T08:51:00
M0443,2025-11-13T13:36:00
M0443,2025-11-14T10:36:00
M0443,2025-11-14T15:25:00
M0443,2025-11-19T18:22:00
M0443,2025-11-20T20:39:00
M0443,2025-12-05T19:04:00
M0443,2025-12-07T06:44:00
M0443,2025-12-11T16:45:00
M0443,2025-12-21T20:41:00
M0443,2025-12-23T06:21:00
M0443,2025-12-28T10:54:00
M0443,2025-12-30T12:10:00
M0443,2025-12-31T17:59:00
M0443,2026-01-02T12:22:00
M0443,2026-01-03T14:57:00
M0443,2026-01-04T08:53:00
M0443,2026-01-15T15:29:00
M0443,2026-01-19T12:47:00
M0443,2026-01-19T13:22:00
M0443,2026-01-20T20:50:00
M0443,2026-01-21T06:29:00
M0443,2026-01-21T09:50:00
M0443,2026-01-22T18:51:00
M0443,2026-01-24T06:53:00
M0443,2026-01-24T07:53:00
M0443,2026-01-25T16:19:00
M0443,2026-01-27T15:31:00
M0443,2026-01-28T08:54:00
M0443,2026-01-29T11:30:00
M0443,2026-01-30T12:58:00
M0443,2026-02-08T18:35:00
M0443,2026-02-13T07:08:00
M0443,2026-02-13T18:30:00
M0443,2026-02-15T11:48:00
M0443,2026-02-27T15:08:00
M0443,2026-02-27T16:51:00
M0443,2026-03-02T09:20:00
M0443,2026-03-02T14:14:00
M0443,2026-03-03T06:55:00
M0443,2026-03-03T12:47:00
M0443,2026-03-07T13:07:00
M0443,2026-03-09T08:13:00
M0443,2026-03-12T18:26:00
M0443,2026-03-13T07:29:00
M0443,2026-03-14T20:26:00
M0443,2026-03-18T09:22:00
M0443,2026-03-18T13:11:00
M0443,2026-03-19T20:38:00
M0443,2026-03-20T09:21:00
M0443,2026-03-21T18:27:00
M0443,2026-03-22T14:04:00
M0443,2026-03-25T18:16:00
M0443,2026-03-26T12:21:00
M0443,2026-03-26T20:13:00
M0443,2026-03-28T19:28:00
M0443,2026-04-03T16:53:00
M0443,2026-04-09T20:00:00
M0443,2026-04-11T16:49:00
M0443,2026-04-14T08:13:00
M0443,2026-04-17T08:20:00
M0443,2026-04-22T20:03:00
M0443,2026-04-23T08:41:00
M0443,2026-04-23T20:43:00
M0443,2026-04-25T06:17:00
M0443,2026-04-30T19:46:00
M0443,2026-05-03T06:49:00
M0443,2026-05-03T09:14:00
M0443,2026-05-04T07:34:00
M0443,2026-05-04T13:46:00
M0443,2026-05-07T17:50:00
M0443,2026-05-08T18:04:00
M0443,2026-05-09T19:47:00
M0443,2026-05-10T12:18:00
M0443,2026-05-10T19:26:00
M0443,2026-05-12T20:29:00
M0443,2026-05-13T14:14:00
M0443,2026-05-17T09:43:00
M0443,2026-05-22T18:32:00
M0443,2026-05-30T07:22:00
M0443,2026-05-30T19:45:00
M0443,2026-05-31T14:59:00
M0443,2026-06-01T10:36:00
M0443,2026-06-04T09:15:00
M0444,2025-02-13T08:06:00
M0444,2025-02-17T06:13:00
M0444,2025-02-22T18:35:00
M0444,2025-02-24T18:32:00
M0444,2025-02-26T13:00:00
M0444,2025-03-05T14:09:00
M0444,2025-03-10T19:57:00
M0444,2025-03-11T07:53:00
M0444,2025-03-18T11:21:00
M0444,2025-03-22T10:51:00
M0444,2025-03-25T16:05:00
M0444,2025-03-27T18:48:00
M0444,2025-03-28T07:11:00
M0444,2025-04-02T14:34:00
M0444,2025-04-17T10:00:00
M0444,2025-04-17T20:44:00
M0444,2025-04-26T15:45:00
M0444,2025-04-29T16:04:00
M0444,2025-04-30T15:57:00
M0444,2025-05-02T10:44:00
M0444,2025-05-02T20:30:00
M0444,2025-05-05T11:40:00
M0444,2025-05-08T12:28:00
M0444,2025-05-10T08:22:00
M0444,2025-05-10T17:24:00
M0444,2025-05-11T18:45:00
M0444,2025-05-20T07:06:00
M0444,2025-05-22T06:14:00
M0444,2025-05-23T11:44:00
M0444,2025-05-24T07:47:00
M0444,2025-05-31T17:17:00
M0444,2025-06-04T16:28:00
M0444,2025-06-13T12:22:00
M0444,2025-06-17T18:39:00
M0444,2025-06-18T06:59:00
M0444,2025-06-23T08:13:00
M0444,2025-06-26T08:14:00
M0444,2025-06-26T08:18:00
M0444,2025-06-26T16:46:00
M0444,2025-06-28T07:25:00
M0444,2025-06-28T10:14:00
M0444,2025-07-03T17:51:00
M0444,2025-07-08T17:22:00
M0444,2025-07-09T18:38:00
M0444,2025-07-20T15:28:00
M0444,2025-07-23T07:04:00
M0444,2025-07-25T08:39:00
M0444,2025-07-28T17:10:00
M0444,2025-07-31T13:48:00
M0444,2025-08-05T06:53:00
M0444,2025-08-05T15:59:00
M0444,2025-08-11T06:26:00
M0444,2025-08-11T15:13:00
M0444,2025-08-19T13:27:00
M0444,2025-08-20T16:45:00
M0444,2025-08-25T10:08:00
M0444,2025-08-30T20:48:00
M0444,2025-09-01T18:05:00
M0444,2025-09-01T18:07:00
M0444,2025-09-02T17:55:00
M0444,2025-09-03T06:39:00
M0444,2025-09-04T07:02:00
M0444,2025-09-13T06:03:00
M0444,2025-09-15T18:16:00
M0444,2025-09-16T07:01:00
M0444,2025-09-23T11:11:00
M0444,2025-09-26T15:21:00
M0444,2025-09-29T20:02:00
M0444,2025-10-04T14:51:00
M0444,2025-10-07T12:57:00
M0444,2025-10-08T06:12:00
M0444,2025-10-10T09:30:00
M0444,2025-10-11T17:22:00
M0444,2025-10-12T19:38:00
M0444,2025-10-23T13:49:00
M0444,2025-10-27T16:11:00
M0444,2025-10-27T18:33:00
M0444,2025-10-30T17:38:00
M0444,2025-10-30T19:36:00
M0444,2025-11-05T08:21:00
M0444,2025-11-07T10:33:00
M0444,2025-11-11T09:11:00
M0444,2025-11-12T13:49:00
M0444,2025-11-16T14:55:00
M0444,2025-11-21T13:30:00
M0444,2025-11-22T15:52:00
M0444,2025-11-24T17:27:00
M0444,2025-12-02T12:20:00
M0444,2025-12-05T09:36:00
M0444,2025-12-05T15:10:00
M0444,2025-12-07T15:06:00
M0444,2025-12-12T12:15:00
M0444,2025-12-16T07:10:00
M0444,2025-12-16T16:49:00
M0444,2025-12-25T10:29:00
M0444,2025-12-26T11:43:00
M0444,2026-01-02T15:45:00
M0444,2026-01-07T07:25:00
M0444,2026-01-07T17:32:00
M0444,2026-01-12T19:55:00
M0444,2026-01-16T16:51:00
M0444,2026-01-21T14:10:00
M0444,2026-01-22T08:13:00
M0444,2026-01-24T14:43:00
M0444,2026-02-02T17:17:00
M0444,2026-02-06T13:50:00
M0444,2026-02-08T18:18:00
M0444,2026-02-09T10:40:00
M0444,2026-02-17T16:50:00
M0444,2026-02-20T14:19:00
M0444,2026-02-22T11:50:00
M0444,2026-02-23T12:49:00
M0444,2026-03-01T18:55:00
M0444,2026-03-02T10:19:00
M0444,2026-03-06T07:44:00
M0444,2026-03-12T15:47:00
M0444,2026-03-13T08:07:00
M0444,2026-03-16T11:29:00
M0444,2026-03-22T07:16:00
M0444,2026-03-25T13:04:00
M0444,2026-03-26T12:45:00
M0444,2026-04-02T09:50:00
M0444,2026-04-05T07:17:00
M0444,2026-04-09T20:34:00
M0444,2026-04-16T13:25:00
M0444,2026-04-21T10:42:00
M0444,2026-04-25T07:49:00
M0444,2026-04-30T09:46:00
M0444,2026-05-01T11:47:00
M0444,2026-05-01T17:36:00
M0444,2026-05-03T11:20:00
M0444,2026-05-04T20:09:00
M0444,2026-05-07T13:11:00
M0444,2026-05-12T07:53:00
M0444,2026-05-19T06:52:00
M0444,2026-05-23T16:55:00
M0444,2026-05-23T18:29:00
M0444,2026-05-31T06:15:00
M0444,2026-05-31T16:29:00
M0444,2026-06-01T09:03:00
M0444,2026-06-02T15:39:00
M0444,2026-06-06T14:25:00
M0444,2026-06-08T09:16:00
M0444,2026-06-11T06:45:00
M0444,2026-06-20T11:13:00
M0444,2026-06-21T07:48:00
M0444,2026-06-21T07:52:00
M0444,2026-06-28T09:35:00
M0444,2026-06-29T18:40:00
M0445,2025-06-08T11:02:00
M0445,2025-06-11T09:39:00
M0445,2025-06-12T10:34:00
M0445,2025-06-13T11:21:00
M0445,2025-06-18T14:07:00
M0445,2025-06-22T10:26:00
M0445,2025-06-23T13:32:00
M0445,2025-06-24T07:43:00
M0445,2025-06-29T13:59:00
M0445,2025-07-01T12:49:00
M0445,2025-07-04T12:10:00
M0445,2025-07-07T16:29:00
M0445,2025-07-07T19:32:00
M0445,2025-07-08T10:55:00
M0445,2025-07-11T08:19:00
M0445,2025-07-11T18:25:00
M0445,2025-07-12T07:57:00
M0445,2025-07-15T12:55:00
M0445,2025-07-15T15:38:00
M0445,2025-07-16T11:13:00
M0445,2025-07-18T06:04:00
M0445,2025-07-18T19:54:00
M0445,2025-07-19T11:05:00
M0445,2025-07-22T10:21:00
M0445,2025-07-22T10:24:00
M0445,2025-07-24T10:20:00
M0445,2025-07-25T09:15:00
M0445,2025-07-28T07:58:00
M0445,2025-07-28T16:09:00
M0445,2025-07-31T16:32:00
M0445,2025-07-31T16:51:00
M0445,2025-08-02T06:05:00
M0445,2025-08-04T07:08:00
M0445,2025-08-05T14:06:00
M0445,2025-08-10T11:56:00
M0445,2025-08-21T09:03:00
M0445,2025-08-21T15:33:00
M0445,2025-08-21T17:14:00
M0445,2025-08-24T08:45:00
M0445,2025-08-24T15:44:00
M0445,2025-08-25T08:45:00
M0445,2025-08-25T16:59:00
M0445,2025-08-26T20:04:00
M0445,2025-08-27T20:50:00
M0445,2025-08-28T13:02:00
M0445,2025-08-30T13:27:00
M0445,2025-09-06T16:25:00
M0445,2025-09-06T18:58:00
M0445,2025-09-11T08:24:00
M0445,2025-09-12T12:28:00
M0445,2025-09-12T14:10:00
M0445,2025-09-13T14:12:00
M0445,2025-09-14T16:00:00
M0445,2025-09-16T06:43:00
M0445,2025-09-24T09:20:00
M0445,2025-09-25T16:26:00
M0445,2025-09-25T16:30:00
M0445,2025-09-26T19:18:00
M0445,2025-09-29T11:42:00
M0445,2025-10-04T15:22:00
M0445,2025-10-05T08:05:00
M0445,2025-10-06T11:21:00
M0445,2025-10-09T06:46:00
M0445,2025-10-13T06:07:00
M0445,2025-10-13T11:14:00
M0445,2025-10-27T13:03:00
M0445,2025-10-28T16:12:00
M0445,2025-10-29T12:37:00
M0445,2025-10-29T13:40:00
M0445,2025-10-29T17:16:00
M0445,2025-11-04T10:01:00
M0445,2025-11-04T20:27:00
M0445,2025-11-10T07:04:00
M0445,2025-11-10T16:05:00
M0445,2025-11-11T14:11:00
M0445,2025-11-13T17:16:00
M0445,2025-11-16T20:55:00
M0445,2025-11-21T13:11:00
M0445,2025-11-22T11:48:00
M0445,2025-11-24T08:06:00
M0445,2025-11-25T11:20:00
M0445,2025-11-26T18:59:00
M0445,2025-11-28T17:41:00
M0445,2025-11-30T08:24:00
M0445,2025-12-04T19:20:00
M0445,2025-12-06T11:20:00
M0445,2025-12-06T18:56:00
M0445,2025-12-07T11:33:00
M0445,2025-12-09T18:23:00
M0445,2025-12-13T20:38:00
M0445,2025-12-15T08:35:00
M0445,2025-12-17T06:29:00
M0445,2025-12-20T09:46:00
M0445,2025-12-25T08:50:00
M0445,2025-12-25T10:50:00
M0445,2025-12-25T15:12:00
M0445,2025-12-26T19:34:00
M0445,2025-12-31T14:37:00
M0445,2026-01-02T14:46:00
M0445,2026-01-02T17:26:00
M0445,2026-01-04T12:40:00
M0445,2026-01-08T06:06:00
M0445,2026-01-13T10:19:00
M0445,2026-01-16T08:33:00
M0445,2026-01-16T09:02:00
M0445,2026-01-16T11:49:00
M0445,2026-01-18T10:55:00
M0445,2026-01-19T17:27:00
M0445,2026-01-20T08:42:00
M0445,2026-01-24T07:27:00
M0445,2026-01-25T13:40:00
M0445,2026-01-26T16:28:00
M0445,2026-01-31T18:59:00
M0445,2026-02-01T06:55:00
M0445,2026-02-02T13:58:00
M0445,2026-02-03T17:08:00
M0445,2026-02-06T20:52:00
M0445,2026-02-08T08:41:00
M0445,2026-02-09T15:58:00
M0445,2026-02-11T15:39:00
M0445,2026-02-12T10:51:00
M0445,2026-02-13T19:22:00
M0445,2026-02-14T06:56:00
M0445,2026-02-15T06:59:00
M0445,2026-02-17T14:23:00
M0445,2026-02-18T13:46:00
M0445,2026-02-19T07:22:00
M0445,2026-02-19T14:54:00
M0445,2026-02-24T08:56:00
M0445,2026-02-27T11:55:00
M0445,2026-02-28T15:01:00
M0445,2026-03-07T10:35:00
M0445,2026-03-07T13:33:00
M0445,2026-03-10T07:49:00
M0445,2026-03-10T13:06:00
M0445,2026-03-10T16:02:00
M0445,2026-03-24T06:43:00
M0445,2026-03-26T19:48:00
M0445,2026-04-01T19:36:00
M0445,2026-04-02T19:10:00
M0445,2026-04-03T12:39:00
M0445,2026-04-04T07:20:00
M0445,2026-04-04T11:54:00
M0445,2026-04-04T14:29:00
M0445,2026-04-06T15:07:00
M0445,2026-04-10T09:29:00
M0445,2026-04-10T18:37:00
M0445,2026-04-12T16:04:00
M0445,2026-04-13T09:00:00
M0445,2026-04-14T16:00:00
M0445,2026-04-14T17:30:00
M0445,2026-04-15T14:33:00
M0445,2026-04-18T12:44:00
M0445,2026-04-23T10:30:00
M0445,2026-04-25T15:44:00
M0445,2026-05-03T10:06:00
M0445,2026-05-05T16:51:00
M0445,2026-05-09T16:38:00
M0445,2026-05-13T10:06:00
M0445,2026-05-13T19:53:00
M0445,2026-05-13T20:24:00
M0445,2026-05-14T08:49:00
M0445,2026-05-14T10:08:00
M0445,2026-05-20T11:15:00
M0445,2026-05-23T13:17:00
M0445,2026-05-26T19:26:00
M0445,2026-05-27T17:24:00
M0445,2026-05-30T13:35:00
M0445,2026-05-31T12:18:00
M0445,2026-05-31T12:51:00
M0445,2026-06-01T12:04:00
M0445,2026-06-01T16:28:00
M0445,2026-06-04T11:37:00
M0445,2026-06-05T17:07:00
M0445,2026-06-06T11:56:00
M0445,2026-06-08T10:04:00
M0445,2026-06-09T12:40:00
M0445,2026-06-10T07:27:00
M0445,2026-06-10T14:10:00
M0445,2026-06-11T13:19:00
M0446,2026-01-11T06:05:00
M0446,2026-01-13T15:42:00
M0446,2026-01-15T14:12:00
M0446,2026-01-16T07:50:00
M0446,2026-01-16T20:51:00
M0446,2026-01-17T07:17:00
M0446,2026-01-18T17:08:00
M0446,2026-01-18T18:05:00
M0446,2026-01-27T13:16:00
M0446,2026-01-30T13:51:00
M0446,2026-01-30T14:05:00
M0446,2026-02-03T16:30:00
M0446,2026-02-03T20:08:00
M0446,2026-02-05T12:06:00
M0446,2026-02-05T19:51:00
M0446,2026-02-09T18:32:00
M0446,2026-02-15T08:16:00
M0446,2026-02-15T08:47:00
M0446,2026-02-17T18:44:00
M0446,2026-02-19T08:16:00
M0446,2026-02-20T06:32:00
M0446,2026-02-21T18:30:00
M0446,2026-02-22T15:11:00
M0446,2026-02-22T17:31:00
M0446,2026-02-25T14:41:00
M0446,2026-03-02T11:17:00
M0446,2026-03-03T17:12:00
M0446,2026-03-04T17:18:00
M0446,2026-03-07T11:28:00
M0446,2026-03-09T16:19:00
M0446,2026-03-13T13:03:00
M0446,2026-03-15T16:20:00
M0446,2026-03-16T12:39:00
M0446,2026-03-22T13:49:00
M0446,2026-03-23T20:55:00
M0446,2026-03-24T12:25:00
M0446,2026-03-25T15:40:00
M0446,2026-03-28T18:42:00
M0446,2026-03-30T17:07:00
M0446,2026-04-01T08:08:00
M0446,2026-04-03T08:36:00
M0446,2026-04-03T20:33:00
M0446,2026-04-04T18:49:00
M0446,2026-04-09T20:26:00
M0446,2026-04-10T09:13:00
M0446,2026-04-10T10:22:00
M0446,2026-04-10T13:01:00
M0446,2026-04-11T10:48:00
M0446,2026-04-12T14:11:00
M0446,2026-04-13T15:28:00
M0446,2026-04-14T19:56:00
M0446,2026-04-26T17:12:00
M0446,2026-04-30T20:41:00
M0446,2026-05-07T17:20:00
M0446,2026-05-13T17:54:00
M0446,2026-05-14T14:02:00
M0446,2026-05-18T13:33:00
M0446,2026-05-18T14:19:00
M0446,2026-05-19T06:59:00
M0446,2026-05-25T12:44:00
M0446,2026-05-25T16:24:00
M0446,2026-05-31T10:18:00
M0446,2026-06-02T07:43:00
M0446,2026-06-02T15:57:00
M0446,2026-06-03T11:05:00
M0446,2026-06-04T20:45:00
M0446,2026-06-05T20:18:00
M0446,2026-06-06T13:38:00
M0446,2026-06-09T09:57:00
M0446,2026-06-10T16:38:00
M0446,2026-06-15T12:57:00
M0446,2026-06-19T06:53:00
M0446,2026-06-20T12:01:00
M0446,2026-06-25T18:51:00
M0446,2026-06-27T08:15:00
M0446,2026-06-28T16:01:00
M0446,2026-07-03T14:09:00
M0446,2026-07-05T16:40:00
M0446,2026-07-06T15:30:00
M0447,2025-12-16T06:39:00
M0447,2025-12-16T07:08:00
M0447,2025-12-16T08:11:00
M0447,2025-12-19T14:06:00
M0447,2025-12-23T18:20:00
M0447,2025-12-25T15:01:00
M0447,2025-12-28T14:52:00
M0447,2025-12-30T09:10:00
M0447,2025-12-30T17:57:00
M0447,2025-12-30T18:57:00
M0447,2025-12-31T10:08:00
M0447,2026-01-01T08:14:00
M0447,2026-01-07T07:57:00
M0447,2026-01-11T20:25:00
M0447,2026-01-13T14:33:00
M0447,2026-01-14T18:34:00
M0447,2026-01-16T16:38:00
M0447,2026-01-17T16:05:00
M0447,2026-01-18T06:33:00
M0447,2026-01-20T08:32:00
M0447,2026-01-20T16:10:00
M0447,2026-01-20T16:12:00
M0447,2026-01-21T14:42:00
M0447,2026-01-26T14:45:00
M0447,2026-01-26T15:37:00
M0447,2026-01-26T18:32:00
M0447,2026-01-29T09:09:00
M0447,2026-01-30T13:05:00
M0447,2026-01-31T10:27:00
M0447,2026-02-01T19:25:00
M0447,2026-02-02T09:41:00
M0447,2026-02-03T13:59:00
M0447,2026-02-08T17:20:00
M0447,2026-02-10T07:49:00
M0447,2026-02-11T11:42:00
M0447,2026-02-11T19:19:00
M0447,2026-02-14T16:54:00
M0447,2026-02-17T13:01:00
M0447,2026-02-18T13:08:00
M0447,2026-02-25T14:58:00
M0447,2026-02-27T20:43:00
M0447,2026-02-28T06:55:00
M0447,2026-02-28T15:31:00
M0447,2026-03-08T10:49:00
M0447,2026-03-10T16:21:00
M0447,2026-03-11T08:58:00
M0447,2026-03-12T09:02:00
M0447,2026-03-13T16:55:00
M0447,2026-03-17T13:16:00
M0447,2026-03-20T19:51:00
M0447,2026-03-25T16:03:00
M0447,2026-03-26T19:17:00
M0447,2026-03-27T09:50:00
M0447,2026-03-30T12:42:00
M0447,2026-04-04T06:48:00
M0447,2026-04-05T09:09:00
M0447,2026-04-06T19:41:00
M0447,2026-04-12T14:15:00
M0447,2026-04-13T16:29:00
M0447,2026-04-16T09:27:00
M0447,2026-04-18T16:24:00
M0448,2025-07-16T19:14:00
M0448,2025-07-21T09:21:00
M0448,2025-07-21T14:13:00
M0448,2025-08-10T08:15:00
M0448,2025-08-13T18:37:00
M0448,2025-08-14T17:59:00
M0448,2025-08-15T15:58:00
M0448,2025-08-17T11:27:00
M0448,2025-08-19T18:43:00
M0448,2025-08-21T17:18:00
M0448,2025-08-27T18:06:00
M0448,2025-08-28T08:29:00
M0448,2025-08-29T19:29:00
M0448,2025-08-31T08:47:00
M0448,2025-09-03T15:40:00
M0448,2025-09-05T20:02:00
M0448,2025-09-05T20:33:00
M0448,2025-09-09T08:10:00
M0448,2025-09-09T16:08:00
M0448,2025-09-10T08:17:00
M0448,2025-09-11T06:56:00
M0448,2025-09-11T18:39:00
M0448,2025-09-24T07:55:00
M0448,2025-09-27T13:20:00
M0448,2025-09-28T13:54:00
M0448,2025-10-01T08:03:00
M0448,2025-10-01T17:15:00
M0448,2025-10-03T17:53:00
M0448,2025-10-12T07:07:00
M0448,2025-10-15T11:40:00
M0448,2025-10-21T11:44:00
M0448,2025-10-22T13:29:00
M0448,2025-10-25T10:30:00
M0448,2025-10-27T11:07:00
M0448,2025-11-02T20:26:00
M0448,2025-11-05T17:19:00
M0448,2025-11-15T10:16:00
M0448,2025-11-20T06:50:00
M0448,2025-11-20T18:32:00
M0448,2025-11-21T13:07:00
M0448,2025-11-21T15:50:00
M0448,2025-11-27T06:15:00
M0448,2025-11-28T12:31:00
M0448,2025-11-28T13:33:00
M0448,2025-11-29T17:45:00
M0448,2025-12-07T18:10:00
M0448,2025-12-09T18:36:00
M0448,2025-12-14T20:00:00
M0448,2025-12-18T09:14:00
M0448,2025-12-19T16:46:00
M0448,2025-12-20T08:14:00
M0448,2025-12-23T07:57:00
M0448,2025-12-28T18:20:00
M0448,2026-01-01T13:51:00
M0448,2026-01-02T11:50:00
M0448,2026-01-09T06:51:00
M0448,2026-01-12T15:40:00
M0448,2026-01-19T06:49:00
M0448,2026-01-24T09:32:00
M0448,2026-01-31T20:00:00
M0448,2026-02-02T18:23:00
M0448,2026-02-03T09:06:00
M0448,2026-02-21T20:15:00
M0448,2026-02-22T08:59:00
M0448,2026-02-25T17:14:00
M0448,2026-03-05T20:32:00
M0448,2026-03-06T14:06:00
M0448,2026-03-06T15:23:00
M0448,2026-03-06T19:58:00
M0448,2026-03-07T15:34:00
M0448,2026-03-07T17:01:00
M0448,2026-03-07T18:17:00
M0448,2026-03-11T09:08:00
M0448,2026-03-11T17:23:00
M0448,2026-03-12T19:36:00
M0448,2026-03-19T08:55:00
M0448,2026-03-20T08:41:00
M0448,2026-03-22T15:37:00
M0448,2026-03-23T20:33:00
M0448,2026-03-28T13:33:00
M0448,2026-03-30T20:51:00
M0448,2026-04-03T16:36:00
M0448,2026-04-11T14:25:00
M0448,2026-04-12T16:02:00
M0448,2026-04-13T19:36:00
M0448,2026-04-14T12:53:00
M0448,2026-04-15T08:01:00
M0448,2026-04-15T14:26:00
M0448,2026-04-20T20:02:00
M0448,2026-04-26T19:24:00
M0448,2026-05-02T09:34:00
M0448,2026-05-07T07:58:00
M0448,2026-05-21T18:16:00
M0449,2025-03-04T07:21:00
M0449,2025-03-06T19:17:00
M0449,2025-03-08T07:07:00
M0449,2025-03-08T11:05:00
M0449,2025-03-13T11:56:00
M0449,2025-03-13T16:10:00
M0449,2025-03-14T18:11:00
M0449,2025-03-21T09:00:00
M0449,2025-03-23T07:32:00
M0449,2025-03-28T08:21:00
M0449,2025-03-29T10:11:00
M0449,2025-03-30T06:33:00
M0449,2025-03-31T09:01:00
M0449,2025-04-02T08:41:00
M0449,2025-04-06T13:59:00
M0449,2025-04-14T08:31:00
M0449,2025-04-16T13:49:00
M0449,2025-04-17T08:07:00
M0449,2025-04-20T11:53:00
M0449,2025-04-20T20:53:00
M0449,2025-04-20T20:57:00
M0449,2025-04-22T19:07:00
M0449,2025-04-24T07:46:00
M0449,2025-04-27T08:15:00
M0449,2025-04-27T10:14:00
M0449,2025-04-30T14:10:00
M0449,2025-05-02T12:55:00
M0449,2025-05-02T13:28:00
M0449,2025-05-05T11:50:00
M0449,2025-05-09T13:29:00
M0449,2025-05-10T13:08:00
M0449,2025-05-13T16:36:00
M0449,2025-05-14T17:59:00
M0449,2025-05-16T06:22:00
M0449,2025-05-17T17:17:00
M0449,2025-05-22T12:58:00
M0449,2025-05-23T10:57:00
M0449,2025-05-24T09:16:00
M0449,2025-05-24T12:50:00
M0449,2025-05-25T11:40:00
M0449,2025-05-25T16:34:00
M0449,2025-05-26T18:03:00
M0449,2025-05-27T12:44:00
M0449,2025-05-28T15:05:00
M0449,2025-05-29T18:25:00
M0449,2025-05-30T18:40:00
M0449,2025-05-31T14:31:00
M0449,2025-06-02T08:39:00
M0449,2025-06-02T13:30:00
M0449,2025-06-09T06:20:00
M0449,2025-06-09T09:24:00
M0449,2025-06-10T06:30:00
M0449,2025-06-10T18:00:00
M0449,2025-06-10T19:33:00
M0449,2025-06-11T18:52:00
M0449,2025-06-14T06:58:00
M0449,2025-06-14T09:56:00
M0449,2025-06-14T20:04:00
M0449,2025-06-16T17:30:00
M0449,2025-06-20T09:30:00
M0449,2025-06-21T14:31:00
M0449,2025-06-22T10:04:00
M0449,2025-06-22T17:03:00
M0449,2025-06-23T08:46:00
M0449,2025-06-25T11:03:00
M0449,2025-06-25T20:11:00
M0449,2025-06-29T14:05:00
M0449,2025-07-02T13:55:00
M0449,2025-07-03T16:18:00
M0449,2025-07-05T09:14:00
M0449,2025-07-05T16:09:00
M0449,2025-07-06T17:22:00
M0449,2025-07-07T11:16:00
M0449,2025-07-10T20:30:00
M0449,2025-07-13T10:49:00
M0449,2025-07-16T13:33:00
M0449,2025-07-17T18:28:00
M0449,2025-07-18T17:38:00
M0449,2025-07-21T08:18:00
M0449,2025-07-21T16:46:00
M0449,2025-07-24T06:26:00
M0449,2025-07-25T14:24:00
M0449,2025-07-25T15:49:00
M0449,2025-07-26T17:16:00
M0449,2025-07-27T13:59:00
M0449,2025-07-28T07:29:00
M0449,2025-07-30T19:00:00
M0449,2025-08-03T18:24:00
M0449,2025-08-05T09:30:00
M0449,2025-08-08T12:05:00
M0449,2025-08-08T15:34:00
M0449,2025-08-11T08:12:00
M0449,2025-08-13T20:01:00
M0449,2025-08-14T17:38:00
M0449,2025-08-16T13:33:00
M0449,2025-08-18T14:08:00
M0449,2025-08-18T18:31:00
M0449,2025-08-18T20:53:00
M0449,2025-08-19T08:05:00
M0449,2025-08-19T08:32:00
M0449,2025-08-19T11:27:00
M0449,2025-08-20T11:51:00
M0449,2025-08-20T20:25:00
M0449,2025-08-23T06:38:00
M0449,2025-08-24T18:35:00
M0449,2025-08-27T08:45:00
M0449,2025-08-27T09:20:00
M0449,2025-08-27T20:24:00
M0449,2025-08-28T18:53:00
M0449,2025-08-29T07:02:00
M0449,2025-08-31T07:38:00
M0449,2025-09-05T08:51:00
M0449,2025-09-08T14:55:00
M0449,2025-09-11T10:14:00
M0449,2025-09-12T16:11:00
M0449,2025-09-20T10:01:00
M0449,2025-09-21T20:06:00
M0449,2025-09-22T14:11:00
M0449,2025-09-23T10:15:00
M0449,2025-09-24T06:36:00
M0449,2025-09-28T08:03:00
M0449,2025-09-29T08:22:00
M0449,2025-09-30T08:18:00
M0449,2025-09-30T14:10:00
M0449,2025-10-03T20:39:00
M0449,2025-10-04T18:41:00
M0449,2025-10-10T16:26:00
M0449,2025-10-10T20:51:00
M0449,2025-10-12T13:32:00
M0449,2025-10-15T06:12:00
M0449,2025-10-21T13:10:00
M0449,2025-10-21T15:39:00
M0449,2025-10-22T20:30:00
M0449,2025-10-25T17:17:00
M0449,2025-10-28T14:18:00
M0449,2025-10-28T17:38:00
M0449,2025-10-30T07:13:00
M0449,2025-10-30T14:07:00
M0449,2025-10-30T17:41:00
M0449,2025-10-31T12:56:00
M0449,2025-11-01T15:54:00
M0449,2025-11-02T12:31:00
M0449,2025-11-02T14:51:00
M0449,2025-11-08T08:00:00
M0449,2025-11-08T17:17:00
M0449,2025-11-08T17:27:00
M0449,2025-11-10T11:04:00
M0449,2025-11-13T09:50:00
M0449,2025-11-13T20:25:00
M0449,2025-11-15T10:02:00
M0449,2025-11-15T11:05:00
M0449,2025-11-25T06:53:00
M0449,2025-11-27T06:59:00
M0449,2025-11-28T11:55:00
M0449,2025-11-29T10:48:00
M0449,2025-11-30T11:40:00
M0449,2025-12-01T09:44:00
M0449,2025-12-01T20:37:00
M0449,2025-12-03T14:28:00
M0449,2025-12-03T19:56:00
M0449,2025-12-06T13:10:00
M0449,2025-12-07T19:38:00
M0449,2025-12-11T06:08:00
M0449,2025-12-11T13:50:00
M0449,2025-12-14T16:45:00
M0449,2025-12-17T11:39:00
M0449,2025-12-17T20:45:00
M0449,2025-12-22T07:42:00
M0449,2025-12-24T13:10:00
M0449,2025-12-24T20:48:00
M0449,2025-12-25T10:56:00
M0449,2025-12-25T16:49:00
M0449,2025-12-31T16:00:00
M0449,2026-01-01T16:00:00
M0449,2026-01-02T15:20:00
M0449,2026-01-03T08:21:00
M0449,2026-01-03T18:23:00
M0449,2026-01-08T18:27:00
M0449,2026-01-09T13:09:00
M0449,2026-01-13T12:12:00
M0449,2026-01-13T13:20:00
M0449,2026-01-14T15:24:00
M0449,2026-01-16T16:31:00
M0449,2026-01-17T09:36:00
M0449,2026-01-22T06:38:00
M0449,2026-01-23T08:25:00
M0449,2026-01-24T06:25:00
M0449,2026-01-26T13:39:00
M0449,2026-02-01T15:53:00
M0449,2026-02-03T09:25:00
M0449,2026-02-03T10:40:00
M0449,2026-02-04T08:39:00
M0449,2026-02-04T13:46:00
M0449,2026-02-06T10:34:00
M0449,2026-02-08T07:31:00
M0449,2026-02-09T06:29:00
M0449,2026-02-12T10:01:00
M0449,2026-02-14T07:58:00
M0449,2026-02-14T11:24:00
M0449,2026-02-15T17:11:00
M0449,2026-02-15T18:22:00
M0449,2026-02-19T06:42:00
M0449,2026-02-23T11:47:00
M0449,2026-02-26T07:40:00
M0449,2026-02-28T10:35:00
M0449,2026-03-04T19:20:00
M0449,2026-03-05T15:11:00
M0449,2026-03-08T12:02:00
M0449,2026-03-09T08:34:00
M0449,2026-03-15T08:08:00
M0449,2026-03-23T15:14:00
M0449,2026-03-24T16:31:00
M0449,2026-03-26T20:04:00
M0449,2026-03-28T16:25:00
M0449,2026-03-30T10:56:00
M0449,2026-04-01T12:39:00
M0449,2026-04-01T20:34:00
M0449,2026-04-07T13:00:00
M0449,2026-04-11T10:25:00
M0449,2026-04-12T06:22:00
M0449,2026-04-12T18:54:00
M0449,2026-04-16T09:21:00
M0449,2026-04-19T17:06:00
M0449,2026-04-22T07:28:00
M0449,2026-04-22T12:59:00
M0449,2026-04-24T11:38:00
M0450,2025-08-05T14:34:00
M0450,2025-08-06T12:21:00
M0450,2025-08-08T07:49:00
M0450,2025-08-08T16:37:00
M0450,2025-08-13T20:30:00
M0450,2025-08-15T11:21:00
M0450,2025-08-16T19:20:00
M0450,2025-08-17T15:38:00
M0450,2025-08-30T15:42:00
M0450,2025-09-05T14:59:00
M0450,2025-09-06T19:05:00
M0450,2025-09-09T07:36:00
M0450,2025-09-12T17:26:00
M0450,2025-09-13T12:21:00
M0450,2025-09-13T16:02:00
M0450,2025-09-13T18:57:00
M0450,2025-09-18T16:19:00
M0450,2025-09-20T14:28:00
M0450,2025-09-26T16:28:00
M0450,2025-09-28T13:12:00
M0450,2025-09-29T08:05:00
M0450,2025-10-02T11:29:00
M0450,2025-10-02T20:30:00
M0450,2025-10-03T06:33:00
M0450,2025-10-04T18:20:00
M0450,2025-10-05T13:01:00
M0450,2025-10-09T17:21:00
M0450,2025-10-13T16:50:00
M0450,2025-10-18T17:32:00
M0450,2025-10-26T09:19:00
M0450,2025-10-29T19:29:00
M0450,2025-11-01T18:23:00
M0450,2025-11-03T12:18:00
M0450,2025-11-03T17:14:00
M0450,2025-11-04T07:46:00
M0450,2025-11-09T11:19:00
M0450,2025-11-10T11:27:00
M0450,2025-11-11T20:41:00
M0450,2025-11-13T08:30:00
M0450,2025-11-13T19:24:00
M0450,2025-11-14T06:58:00
M0450,2025-11-19T12:25:00
M0450,2025-11-29T07:34:00
M0450,2025-12-01T15:36:00
M0450,2025-12-02T14:20:00
M0450,2025-12-02T19:23:00
M0450,2025-12-03T13:51:00
M0450,2025-12-06T08:01:00
M0450,2025-12-11T12:15:00
M0450,2025-12-11T20:45:00
M0450,2025-12-12T06:25:00
M0450,2025-12-14T18:49:00
M0450,2025-12-15T07:27:00
M0450,2025-12-18T15:49:00
M0450,2025-12-21T12:40:00
M0450,2025-12-24T13:21:00
M0450,2025-12-24T19:10:00
M0450,2025-12-25T17:52:00
M0450,2025-12-27T09:32:00
M0450,2025-12-27T09:46:00
M0450,2026-01-04T07:16:00
M0450,2026-01-05T09:14:00
M0450,2026-01-07T11:54:00
M0450,2026-01-08T14:20:00
M0450,2026-01-10T09:41:00
M0450,2026-01-10T16:10:00
M0450,2026-01-10T18:59:00
M0450,2026-01-13T20:51:00
M0450,2026-01-15T09:16:00
M0450,2026-01-16T12:27:00
M0450,2026-01-18T08:47:00
M0450,2026-01-20T15:01:00
M0450,2026-01-23T15:28:00
M0450,2026-01-25T18:05:00
M0450,2026-01-27T08:54:00
M0450,2026-01-31T20:05:00
M0450,2026-02-03T06:01:00
M0450,2026-02-04T20:10:00
M0450,2026-02-08T12:25:00
M0450,2026-02-13T14:00:00
M0450,2026-02-13T19:05:00
M0450,2026-02-14T17:32:00
M0450,2026-02-16T12:50:00
M0450,2026-02-19T10:44:00
M0450,2026-02-21T20:45:00
M0450,2026-02-25T19:46:00
M0450,2026-02-27T08:31:00
M0450,2026-02-27T11:00:00
M0450,2026-02-28T20:04:00
M0450,2026-03-01T13:49:00
M0450,2026-03-07T18:18:00
M0450,2026-03-10T18:05:00
M0450,2026-03-11T08:52:00
M0450,2026-03-16T08:22:00
M0450,2026-03-21T07:23:00
M0450,2026-03-25T11:12:00
M0450,2026-03-25T13:04:00
M0450,2026-03-27T11:37:00
M0450,2026-03-31T12:10:00
M0450,2026-04-02T08:38:00
M0450,2026-04-03T17:25:00
M0450,2026-04-04T13:55:00
M0450,2026-04-07T18:48:00
M0450,2026-04-07T19:42:00
M0450,2026-04-08T14:01:00
M0450,2026-04-10T20:43:00
M0450,2026-04-13T18:12:00
M0450,2026-04-14T07:28:00
M0450,2026-04-14T13:47:00
M0450,2026-04-14T14:14:00
M0450,2026-04-16T10:25:00
M0450,2026-04-16T14:58:00
M0450,2026-04-17T10:36:00
M0450,2026-04-17T18:58:00
M0450,2026-04-23T06:29:00
M0450,2026-04-25T18:54:00
M0450,2026-04-28T19:20:00
M0450,2026-04-29T07:59:00
M0450,2026-04-29T09:14:00
M0450,2026-05-04T16:14:00
M0450,2026-05-07T15:31:00
M0450,2026-05-15T08:06:00
M0450,2026-05-18T13:18:00
M0450,2026-05-19T16:01:00
M0450,2026-05-27T13:22:00
M0450,2026-06-01T18:40:00
M0450,2026-06-02T10:06:00
M0450,2026-06-05T10:35:00
M0450,2026-06-14T12:33:00
M0450,2026-06-14T15:35:00
M0450,2026-06-14T17:26:00
M0451,2025-04-04T15:53:00
M0451,2025-04-05T12:13:00
M0451,2025-04-05T14:18:00
M0451,2025-04-22T11:58:00
M0451,2025-04-22T16:42:00
M0451,2025-04-27T07:09:00
M0451,2025-05-04T16:38:00
M0451,2025-05-09T18:36:00
M0451,2025-05-17T07:16:00
M0451,2025-05-23T15:45:00
M0451,2025-05-29T11:08:00
M0451,2025-06-03T09:56:00
M0451,2025-06-03T15:23:00
M0451,2025-06-23T06:05:00
M0451,2025-06-28T15:24:00
M0451,2025-07-01T10:36:00
M0451,2025-07-04T13:03:00
M0451,2025-07-08T16:42:00
M0451,2025-07-08T18:39:00
M0451,2025-07-10T15:06:00
M0451,2025-07-12T10:16:00
M0451,2025-07-20T08:02:00
M0451,2025-07-22T11:09:00
M0451,2025-07-26T20:04:00
M0451,2025-07-30T06:40:00
M0451,2025-07-31T14:42:00
M0451,2025-08-01T18:13:00
M0451,2025-08-06T07:15:00
M0451,2025-08-11T20:06:00
M0451,2025-08-12T08:04:00
M0451,2025-08-13T06:54:00
M0451,2025-08-16T17:40:00
M0451,2025-08-30T20:00:00
M0451,2025-08-31T06:57:00
M0451,2025-08-31T10:26:00
M0451,2025-09-03T11:09:00
M0451,2025-09-04T13:38:00
M0451,2025-09-07T14:18:00
M0451,2025-09-11T12:20:00
M0451,2025-09-16T08:22:00
M0451,2025-09-19T11:45:00
M0451,2025-09-24T17:33:00
M0451,2025-09-28T17:41:00
M0451,2025-09-29T08:39:00
M0451,2025-09-30T18:17:00
M0451,2025-10-01T19:09:00
M0451,2025-10-07T18:06:00
M0451,2025-10-15T07:01:00
M0451,2025-10-21T19:24:00
M0451,2025-10-22T09:38:00
M0451,2025-10-31T08:39:00
M0451,2025-11-03T17:55:00
M0451,2025-11-09T13:00:00
M0451,2025-11-15T12:16:00
M0451,2025-11-15T15:53:00
M0451,2025-11-15T16:26:00
M0451,2025-11-17T11:48:00
M0451,2025-11-19T08:45:00
M0451,2025-11-21T14:41:00
M0451,2025-12-04T16:57:00
M0451,2025-12-04T18:49:00
M0451,2025-12-06T17:12:00
M0451,2025-12-14T13:56:00
M0451,2025-12-16T16:08:00
M0451,2025-12-18T16:56:00
M0451,2025-12-19T20:21:00
M0451,2026-01-04T10:29:00
M0451,2026-01-07T06:02:00
M0451,2026-01-13T14:12:00
M0451,2026-01-16T06:43:00
M0451,2026-01-21T12:08:00
M0451,2026-01-21T20:15:00
M0451,2026-01-26T11:21:00
M0451,2026-01-26T14:10:00
M0451,2026-02-04T19:46:00
M0451,2026-02-09T08:44:00
M0451,2026-02-10T09:35:00
M0451,2026-02-14T08:55:00
M0451,2026-02-14T12:48:00
M0451,2026-02-16T11:03:00
M0451,2026-02-18T19:50:00
M0451,2026-02-23T10:33:00
M0451,2026-02-23T13:15:00
M0451,2026-02-27T16:47:00
M0451,2026-03-02T20:14:00
M0451,2026-03-03T20:26:00
M0451,2026-03-07T06:04:00
M0451,2026-03-10T12:30:00
M0451,2026-03-15T09:33:00
M0451,2026-03-17T20:49:00
M0451,2026-03-22T18:38:00
M0451,2026-03-24T17:18:00
M0451,2026-03-29T14:20:00
M0451,2026-04-06T15:31:00
M0451,2026-04-10T08:03:00
M0451,2026-04-12T19:02:00
M0451,2026-04-18T20:07:00
M0451,2026-04-24T20:01:00
M0451,2026-04-27T09:02:00
M0451,2026-04-28T18:17:00
M0451,2026-05-05T18:02:00
M0451,2026-05-07T14:03:00
M0451,2026-05-16T09:52:00
M0451,2026-05-16T15:37:00
M0451,2026-05-26T06:42:00
M0451,2026-06-04T19:26:00
M0451,2026-06-05T06:03:00
M0451,2026-06-05T14:59:00
M0451,2026-06-10T20:25:00
M0451,2026-06-11T10:42:00
M0451,2026-06-18T12:23:00
M0451,2026-06-23T08:10:00
M0451,2026-06-23T08:54:00
M0451,2026-06-23T14:42:00
M0451,2026-06-24T13:24:00
M0452,2025-01-27T07:38:00
M0452,2025-01-28T08:51:00
M0452,2025-01-29T08:45:00
M0452,2025-01-30T13:21:00
M0452,2025-02-04T19:11:00
M0452,2025-02-05T15:17:00
M0452,2025-02-06T19:28:00
M0452,2025-02-16T19:11:00
M0452,2025-02-17T12:24:00
M0452,2025-02-17T15:57:00
M0452,2025-02-19T08:12:00
M0452,2025-02-28T18:06:00
M0452,2025-03-19T15:35:00
M0452,2025-03-20T07:44:00
M0452,2025-03-24T17:58:00
M0452,2025-03-26T08:47:00
M0452,2025-03-29T09:42:00
M0452,2025-04-02T13:56:00
M0452,2025-04-03T13:39:00
M0452,2025-04-15T07:11:00
M0452,2025-04-23T06:18:00
M0452,2025-04-24T17:13:00
M0452,2025-04-25T09:33:00
M0452,2025-04-29T07:58:00
M0452,2025-04-30T09:13:00
M0452,2025-05-01T08:48:00
M0452,2025-05-01T11:40:00
M0452,2025-05-10T10:58:00
M0452,2025-05-10T13:12:00
M0452,2025-05-15T09:03:00
M0452,2025-05-15T13:41:00
M0452,2025-05-25T18:45:00
M0452,2025-05-28T14:09:00
M0452,2025-05-29T11:34:00
M0452,2025-05-29T20:51:00
M0452,2025-06-05T11:19:00
M0452,2025-06-05T19:58:00
M0452,2025-06-06T15:04:00
M0452,2025-06-08T16:50:00
M0452,2025-06-11T16:40:00
M0452,2025-06-17T16:01:00
M0452,2025-06-20T15:31:00
M0452,2025-06-21T09:45:00
M0452,2025-06-23T20:17:00
M0452,2025-06-24T15:33:00
M0452,2025-06-25T14:59:00
M0452,2025-06-25T16:55:00
M0452,2025-06-26T18:32:00
M0452,2025-06-28T18:43:00
M0452,2025-06-28T20:41:00
M0452,2025-07-03T14:29:00
M0452,2025-07-06T17:12:00
M0452,2025-07-07T13:20:00
M0452,2025-07-10T07:39:00
M0452,2025-07-14T11:25:00
M0452,2025-07-28T07:59:00
M0452,2025-08-09T11:49:00
M0452,2025-08-11T06:31:00
M0452,2025-08-13T11:51:00
M0452,2025-08-13T18:38:00
M0452,2025-08-22T14:25:00
M0452,2025-08-23T14:07:00
M0452,2025-08-25T07:23:00
M0452,2025-08-25T07:31:00
M0452,2025-08-25T17:32:00
M0452,2025-08-25T19:05:00
M0452,2025-08-28T19:08:00
M0452,2025-08-29T13:57:00
M0452,2025-08-29T14:38:00
M0452,2025-08-31T12:56:00
M0452,2025-08-31T18:38:00
M0452,2025-09-04T14:13:00
M0452,2025-09-06T07:22:00
M0452,2025-09-06T08:56:00
M0452,2025-09-09T06:24:00
M0452,2025-09-13T19:16:00
M0452,2025-09-14T12:10:00
M0452,2025-09-15T11:40:00
M0452,2025-09-15T18:06:00
M0452,2025-09-22T11:17:00
M0452,2025-09-25T12:39:00
M0452,2025-09-25T15:49:00
M0452,2025-10-07T11:48:00
M0452,2025-10-07T19:25:00
M0452,2025-10-10T18:08:00
M0452,2025-10-11T18:04:00
M0452,2025-10-17T19:56:00
M0452,2025-10-20T15:46:00
M0452,2025-10-22T17:28:00
M0452,2025-10-27T17:08:00
M0452,2025-11-01T09:11:00
M0452,2025-11-03T19:44:00
M0452,2025-11-06T17:06:00
M0452,2025-11-11T07:11:00
M0452,2025-11-11T11:28:00
M0452,2025-11-12T15:53:00
M0452,2025-11-13T18:15:00
M0452,2025-11-18T18:02:00
M0452,2025-11-19T14:39:00
M0452,2025-11-23T09:55:00
M0452,2025-11-28T18:52:00
M0452,2025-11-29T06:20:00
M0452,2025-12-04T17:16:00
M0452,2025-12-14T09:56:00
M0452,2025-12-15T13:08:00
M0452,2025-12-22T16:41:00
M0452,2025-12-22T18:04:00
M0452,2025-12-23T18:52:00
M0452,2025-12-24T19:25:00
M0452,2025-12-28T07:47:00
M0452,2026-01-02T17:24:00
M0452,2026-01-08T19:01:00
M0452,2026-01-09T13:34:00
M0452,2026-01-10T07:36:00
M0452,2026-01-11T09:22:00
M0452,2026-01-11T20:46:00
M0452,2026-01-12T16:20:00
M0452,2026-01-14T15:12:00
M0452,2026-01-14T20:18:00
M0452,2026-01-19T14:06:00
M0452,2026-01-20T07:09:00
M0452,2026-01-21T10:57:00
M0452,2026-01-26T09:22:00
M0452,2026-01-27T10:52:00
M0452,2026-01-29T06:59:00
M0452,2026-01-30T15:31:00
M0452,2026-01-31T19:51:00
M0452,2026-02-02T20:21:00
M0452,2026-02-04T17:00:00
M0452,2026-02-12T07:41:00
M0452,2026-02-12T10:48:00
M0452,2026-02-12T20:54:00
M0452,2026-02-19T17:08:00
M0452,2026-02-20T19:43:00
M0452,2026-02-28T15:17:00
M0452,2026-03-03T12:35:00
M0452,2026-03-07T07:12:00
M0452,2026-03-09T10:56:00
M0452,2026-03-18T20:59:00
M0452,2026-03-23T18:29:00
M0452,2026-03-23T19:52:00
M0452,2026-03-24T18:39:00
M0452,2026-03-25T14:41:00
M0452,2026-03-26T18:34:00
M0452,2026-03-29T08:49:00
M0452,2026-03-29T10:46:00
M0452,2026-04-01T16:33:00
M0452,2026-04-08T11:34:00
M0452,2026-04-14T08:28:00
M0452,2026-04-15T06:11:00
M0452,2026-04-20T14:03:00
M0452,2026-04-25T06:08:00
M0452,2026-04-25T13:24:00
M0452,2026-04-30T18:27:00
M0452,2026-05-10T13:08:00
M0452,2026-05-13T08:28:00
M0452,2026-05-15T09:48:00
M0452,2026-05-18T17:51:00
M0452,2026-05-20T10:57:00
M0452,2026-05-20T11:56:00
M0452,2026-05-23T17:52:00
M0452,2026-05-28T13:19:00
M0452,2026-05-29T06:25:00
M0452,2026-05-30T08:04:00
M0452,2026-06-02T06:26:00
M0452,2026-06-06T19:00:00
M0452,2026-06-07T18:35:00
M0453,2026-01-05T13:56:00
M0453,2026-01-11T18:14:00
M0453,2026-01-13T09:21:00
M0453,2026-01-15T11:17:00
M0453,2026-01-18T10:33:00
M0453,2026-01-18T17:16:00
M0453,2026-01-21T19:29:00
M0453,2026-01-27T14:39:00
M0453,2026-01-28T19:41:00
M0453,2026-02-01T08:10:00
M0453,2026-02-01T13:59:00
M0453,2026-02-02T06:11:00
M0453,2026-02-02T19:54:00
M0453,2026-02-05T17:57:00
M0453,2026-02-06T18:14:00
M0453,2026-02-07T09:14:00
M0453,2026-02-09T14:56:00
M0453,2026-02-10T10:41:00
M0453,2026-02-10T16:37:00
M0453,2026-02-10T20:00:00
M0453,2026-02-11T10:31:00
M0453,2026-02-13T07:14:00
M0453,2026-02-17T20:43:00
M0453,2026-02-19T13:46:00
M0453,2026-02-22T18:05:00
M0453,2026-02-23T08:10:00
M0453,2026-02-27T16:56:00
M0453,2026-02-28T16:09:00
M0453,2026-02-28T17:19:00
M0453,2026-03-01T09:43:00
M0453,2026-03-01T16:17:00
M0453,2026-03-01T20:03:00
M0453,2026-03-05T09:35:00
M0453,2026-03-05T16:10:00
M0453,2026-03-05T20:02:00
M0453,2026-03-06T14:30:00
M0453,2026-03-09T11:58:00
M0453,2026-03-09T19:02:00
M0453,2026-03-13T19:13:00
M0453,2026-03-14T11:42:00
M0453,2026-03-18T09:25:00
M0453,2026-03-19T12:15:00
M0453,2026-03-20T06:08:00
M0453,2026-03-23T16:48:00
M0453,2026-03-24T12:36:00
M0453,2026-03-29T12:55:00
M0453,2026-03-30T14:24:00
M0453,2026-03-30T15:04:00
M0453,2026-04-01T15:30:00
M0453,2026-04-02T15:58:00
M0453,2026-04-04T19:14:00
M0453,2026-04-06T19:44:00
M0453,2026-04-08T17:56:00
M0453,2026-04-09T16:57:00
M0453,2026-04-13T10:51:00
M0453,2026-04-19T17:10:00
M0453,2026-04-20T17:20:00
M0453,2026-04-21T09:31:00
M0453,2026-04-22T12:31:00
M0453,2026-04-25T14:41:00
M0453,2026-04-26T14:13:00
M0453,2026-04-27T19:56:00
M0453,2026-05-01T11:37:00
M0453,2026-05-05T07:25:00
M0453,2026-05-05T12:14:00
M0453,2026-05-06T14:42:00
M0453,2026-05-10T19:19:00
M0453,2026-05-16T07:21:00
M0453,2026-05-17T18:32:00
M0453,2026-05-18T17:07:00
M0453,2026-05-19T14:11:00
M0453,2026-05-22T06:38:00
M0453,2026-05-23T07:59:00
M0453,2026-05-25T15:50:00
M0453,2026-05-25T16:36:00
M0453,2026-05-26T13:00:00
M0453,2026-05-29T11:43:00
M0453,2026-06-01T20:02:00
M0453,2026-06-04T20:43:00
M0453,2026-06-05T12:23:00
M0453,2026-06-07T20:27:00
M0453,2026-06-09T11:06:00
M0453,2026-06-09T16:40:00
M0453,2026-06-11T10:31:00
M0453,2026-06-12T16:46:00
M0453,2026-06-13T13:22:00
M0453,2026-06-15T15:57:00
M0453,2026-06-20T09:32:00
M0453,2026-06-21T10:59:00
M0453,2026-06-22T12:10:00
M0453,2026-06-26T09:22:00
M0453,2026-06-28T10:42:00
M0453,2026-06-29T17:34:00
M0453,2026-07-01T11:27:00
M0453,2026-07-03T11:06:00
M0453,2026-07-03T15:13:00
M0453,2026-07-05T08:45:00
M0454,2025-08-08T19:23:00
M0454,2025-08-10T08:17:00
M0454,2025-08-14T20:35:00
M0454,2025-08-15T09:14:00
M0454,2025-08-15T18:27:00
M0454,2025-08-19T07:19:00
M0454,2025-08-20T13:51:00
M0454,2025-08-21T19:24:00
M0454,2025-08-23T20:19:00
M0454,2025-08-28T17:47:00
M0454,2025-09-06T09:32:00
M0454,2025-09-16T16:38:00
M0454,2025-09-18T07:51:00
M0454,2025-09-18T08:23:00
M0454,2025-09-19T08:54:00
M0454,2025-09-22T15:03:00
M0454,2025-09-22T18:21:00
M0454,2025-09-22T20:30:00
M0454,2025-09-26T16:42:00
M0454,2025-09-28T17:25:00
M0454,2025-09-28T18:46:00
M0454,2025-10-02T20:14:00
M0454,2025-10-10T16:32:00
M0454,2025-10-14T18:52:00
M0454,2025-10-14T20:52:00
M0454,2025-10-15T09:08:00
M0454,2025-10-15T13:44:00
M0454,2025-10-15T14:27:00
M0454,2025-10-18T14:58:00
M0454,2025-10-19T13:04:00
M0454,2025-10-28T19:07:00
M0454,2025-10-29T15:16:00
M0454,2025-10-29T18:38:00
M0454,2025-10-30T07:06:00
M0454,2025-10-31T14:09:00
M0454,2025-11-05T16:05:00
M0454,2025-11-13T17:48:00
M0454,2025-11-19T16:03:00
M0454,2025-12-01T17:36:00
M0454,2025-12-05T07:21:00
M0454,2025-12-07T15:04:00
M0454,2025-12-09T18:17:00
M0454,2025-12-09T19:01:00
M0454,2025-12-11T16:29:00
M0454,2025-12-11T18:54:00
M0454,2025-12-13T15:37:00
M0454,2025-12-16T17:56:00
M0454,2025-12-19T11:42:00
M0454,2025-12-19T15:34:00
M0454,2025-12-21T20:30:00
M0454,2025-12-27T07:54:00
M0454,2025-12-28T10:08:00
M0454,2025-12-30T08:24:00
M0454,2026-01-05T20:28:00
M0454,2026-01-13T06:18:00
M0454,2026-01-13T07:10:00
M0454,2026-01-15T15:41:00
M0454,2026-01-16T11:54:00
M0454,2026-01-17T08:33:00
M0454,2026-01-17T19:51:00
M0454,2026-01-23T13:01:00
M0454,2026-01-24T20:13:00
M0454,2026-01-26T20:05:00
M0454,2026-01-28T16:17:00
M0454,2026-01-29T07:03:00
M0454,2026-01-30T09:22:00
M0454,2026-02-01T06:19:00
M0454,2026-02-05T15:07:00
M0454,2026-02-09T10:25:00
M0454,2026-02-13T19:37:00
M0454,2026-02-15T19:48:00
M0454,2026-02-15T20:55:00
M0454,2026-02-16T14:40:00
M0454,2026-02-17T10:42:00
M0454,2026-02-20T15:36:00
M0454,2026-02-20T18:40:00
M0454,2026-02-25T18:55:00
M0454,2026-02-25T20:11:00
M0454,2026-03-01T06:35:00
M0454,2026-03-02T07:41:00
M0454,2026-03-03T06:32:00
M0454,2026-03-11T12:28:00
M0454,2026-03-14T06:17:00
M0454,2026-03-20T18:08:00
M0454,2026-03-24T10:42:00
M0454,2026-03-26T06:13:00
M0454,2026-03-27T15:22:00
M0454,2026-03-28T16:28:00
M0454,2026-03-29T19:53:00
M0454,2026-04-08T10:09:00
M0454,2026-04-10T16:33:00
M0454,2026-04-13T09:54:00
M0454,2026-04-14T15:54:00
M0454,2026-04-16T10:51:00
M0454,2026-04-29T12:39:00
M0454,2026-04-30T14:58:00
M0454,2026-05-03T08:05:00
M0454,2026-05-04T09:18:00
M0454,2026-05-05T18:33:00
M0454,2026-05-08T07:34:00
M0454,2026-05-08T18:26:00
M0454,2026-05-08T20:18:00
M0454,2026-05-14T12:02:00
M0454,2026-05-19T15:57:00
M0454,2026-05-20T06:45:00
M0454,2026-05-22T09:48:00
M0454,2026-05-25T09:21:00
M0454,2026-05-27T08:29:00
M0454,2026-06-01T12:17:00
M0454,2026-06-10T07:07:00
M0454,2026-06-12T18:13:00
M0454,2026-06-15T19:33:00
M0454,2026-06-30T13:06:00
M0454,2026-07-01T06:45:00
M0454,2026-07-04T20:34:00
M0455,2025-02-25T12:16:00
M0455,2025-02-26T18:03:00
M0455,2025-03-02T14:15:00
M0455,2025-03-03T07:17:00
M0455,2025-03-03T15:39:00
M0455,2025-03-06T18:32:00
M0455,2025-03-07T07:27:00
M0455,2025-03-09T12:46:00
M0455,2025-03-13T12:32:00
M0455,2025-03-13T20:40:00
M0455,2025-03-16T14:58:00
M0455,2025-03-20T12:29:00
M0455,2025-03-20T13:33:00
M0455,2025-03-25T11:14:00
M0455,2025-03-30T18:13:00
M0455,2025-04-01T13:49:00
M0455,2025-04-02T08:19:00
M0455,2025-04-11T19:39:00
M0455,2025-04-12T16:25:00
M0455,2025-04-15T09:02:00
M0455,2025-04-18T09:50:00
M0455,2025-04-19T12:46:00
M0455,2025-04-22T15:13:00
M0455,2025-04-29T20:59:00
M0455,2025-05-02T16:23:00
M0455,2025-05-03T19:53:00
M0455,2025-05-07T13:56:00
M0455,2025-05-07T17:25:00
M0455,2025-05-07T18:18:00
M0455,2025-05-12T14:12:00
M0455,2025-05-12T17:33:00
M0455,2025-05-14T09:55:00
M0455,2025-05-16T14:27:00
M0455,2025-05-16T16:13:00
M0455,2025-05-19T07:29:00
M0455,2025-05-25T12:50:00
M0455,2025-05-25T14:56:00
M0455,2025-05-27T06:29:00
M0455,2025-05-30T10:53:00
M0455,2025-05-30T17:09:00
M0455,2025-06-02T11:19:00
M0455,2025-06-08T12:20:00
M0455,2025-06-09T12:14:00
M0455,2025-06-18T12:47:00
M0455,2025-06-21T17:35:00
M0455,2025-06-21T20:39:00
M0455,2025-06-25T18:07:00
M0455,2025-06-26T09:25:00
M0455,2025-06-28T18:42:00
M0455,2025-07-03T08:56:00
M0455,2025-07-05T09:55:00
M0455,2025-07-11T20:18:00
M0455,2025-07-17T08:06:00
M0455,2025-07-18T09:31:00
M0455,2025-07-18T10:41:00
M0455,2025-07-22T17:36:00
M0455,2025-07-22T19:11:00
M0455,2025-07-29T13:36:00
M0455,2025-08-06T17:13:00
M0455,2025-08-09T09:21:00
M0455,2025-08-11T17:02:00
M0455,2025-08-14T07:11:00
M0455,2025-08-14T13:53:00
M0455,2025-08-20T15:51:00
M0455,2025-08-23T15:08:00
M0455,2025-08-25T16:30:00
M0455,2025-08-26T06:05:00
M0455,2025-08-26T19:43:00
M0455,2025-08-27T09:47:00
M0455,2025-08-27T17:22:00
M0455,2025-08-30T20:01:00
M0455,2025-09-02T08:39:00
M0455,2025-09-05T09:13:00
M0455,2025-09-07T11:56:00
M0455,2025-09-08T06:47:00
M0455,2025-09-08T20:17:00
M0455,2025-09-17T06:42:00
M0455,2025-09-19T09:38:00
M0455,2025-09-19T20:46:00
M0455,2025-09-20T14:08:00
M0455,2025-09-20T19:26:00
M0455,2025-09-22T17:18:00
M0455,2025-09-23T12:47:00
M0455,2025-09-23T16:05:00
M0455,2025-09-23T20:20:00
M0455,2025-09-28T15:15:00
M0455,2025-10-03T17:43:00
M0455,2025-10-04T07:15:00
M0455,2025-10-04T09:35:00
M0455,2025-10-07T06:44:00
M0455,2025-10-07T19:09:00
M0455,2025-10-09T12:35:00
M0455,2025-10-11T19:15:00
M0455,2025-10-13T17:29:00
M0455,2025-10-29T18:53:00
M0455,2025-10-31T10:31:00
M0455,2025-10-31T10:46:00
M0455,2025-11-01T17:25:00
M0455,2025-11-04T10:56:00
M0455,2025-11-05T12:04:00
M0455,2025-11-09T20:57:00
M0455,2025-11-10T07:57:00
M0455,2025-11-18T07:32:00
M0455,2025-11-19T17:20:00
M0455,2025-11-21T16:04:00
M0455,2025-11-28T12:44:00
M0455,2025-12-02T15:18:00
M0455,2025-12-03T20:09:00
M0455,2025-12-04T20:50:00
M0455,2025-12-06T07:47:00
M0455,2025-12-09T08:10:00
M0455,2025-12-09T13:47:00
M0455,2025-12-09T15:45:00
M0455,2025-12-11T11:45:00
M0455,2025-12-13T16:41:00
M0455,2025-12-17T14:37:00
M0455,2025-12-20T06:04:00
M0455,2025-12-25T06:43:00
M0455,2025-12-30T15:50:00
M0455,2026-01-02T13:10:00
M0455,2026-01-06T17:04:00
M0455,2026-01-10T08:46:00
M0455,2026-01-15T08:41:00
M0455,2026-01-15T16:58:00
M0455,2026-01-17T18:02:00
M0455,2026-01-21T13:33:00
M0455,2026-01-22T13:19:00
M0455,2026-01-23T06:32:00
M0455,2026-01-23T15:56:00
M0455,2026-01-29T10:17:00
M0455,2026-02-03T09:19:00
M0455,2026-02-05T10:16:00
M0455,2026-02-07T11:15:00
M0455,2026-02-08T07:51:00
M0455,2026-02-08T15:48:00
M0455,2026-02-09T10:08:00
M0455,2026-02-16T14:21:00
M0455,2026-02-17T10:30:00
M0455,2026-02-27T15:04:00
M0455,2026-02-28T09:37:00
M0455,2026-02-28T14:42:00
M0455,2026-03-04T09:05:00
M0455,2026-03-04T13:02:00
M0455,2026-03-06T06:18:00
M0455,2026-03-06T15:55:00
M0455,2026-03-08T13:58:00
M0455,2026-03-10T13:49:00
M0455,2026-03-11T09:47:00
M0455,2026-03-13T16:47:00
M0455,2026-03-14T20:15:00
M0455,2026-03-15T20:05:00
M0455,2026-03-17T17:51:00
M0455,2026-03-19T08:54:00
M0455,2026-03-22T08:22:00
M0455,2026-03-27T11:38:00
M0455,2026-04-01T12:13:00
M0455,2026-04-03T06:58:00
M0455,2026-04-06T18:10:00
M0455,2026-04-12T10:57:00
M0455,2026-04-13T19:35:00
M0455,2026-04-17T14:29:00
M0455,2026-05-05T12:05:00
M0455,2026-05-06T20:34:00
M0455,2026-05-07T12:53:00
M0455,2026-05-07T18:29:00
M0455,2026-05-11T16:34:00
M0455,2026-05-11T17:11:00
M0455,2026-05-13T13:59:00
M0455,2026-05-19T12:08:00
M0455,2026-05-22T17:57:00
M0455,2026-05-24T07:03:00
M0455,2026-05-24T08:49:00
M0455,2026-05-26T13:23:00
M0455,2026-05-27T06:33:00
M0455,2026-05-27T07:03:00
M0455,2026-05-27T19:01:00
M0455,2026-05-28T17:34:00
M0456,2025-11-11T14:10:00
M0456,2025-11-14T19:20:00
M0456,2025-11-15T11:56:00
M0456,2025-11-16T20:50:00
M0456,2025-11-21T14:32:00
M0456,2025-11-22T06:19:00
M0456,2025-11-26T20:26:00
M0456,2025-11-29T19:23:00
M0456,2025-12-08T12:36:00
M0456,2025-12-13T11:53:00
M0456,2025-12-13T14:19:00
M0456,2025-12-25T16:37:00
M0456,2026-01-01T11:42:00
M0456,2026-01-03T13:47:00
M0456,2026-01-03T20:16:00
M0456,2026-01-11T18:03:00
M0456,2026-01-11T19:01:00
M0456,2026-01-16T10:30:00
M0456,2026-01-20T11:59:00
M0456,2026-01-21T14:52:00
M0456,2026-01-21T19:28:00
M0456,2026-01-25T08:55:00
M0456,2026-01-25T12:14:00
M0456,2026-01-29T14:55:00
M0456,2026-02-02T10:07:00
M0456,2026-02-22T09:43:00
M0456,2026-02-22T11:35:00
M0456,2026-02-28T06:09:00
M0456,2026-02-28T06:13:00
M0456,2026-03-01T16:59:00
M0456,2026-03-03T17:30:00
M0456,2026-03-05T06:55:00
M0456,2026-03-08T19:13:00
M0456,2026-03-09T14:08:00
M0456,2026-03-15T11:51:00
M0456,2026-03-23T16:05:00
M0456,2026-03-24T08:29:00
M0456,2026-03-26T18:53:00
M0456,2026-03-27T11:30:00
M0456,2026-03-27T19:01:00
M0456,2026-03-28T20:32:00
M0456,2026-04-01T09:10:00
M0456,2026-04-01T12:54:00
M0456,2026-04-03T19:52:00
M0456,2026-04-11T10:06:00
M0456,2026-04-14T07:19:00
M0456,2026-04-19T11:53:00
M0456,2026-04-20T09:51:00
M0456,2026-04-25T17:48:00
M0456,2026-04-30T10:37:00
M0456,2026-04-30T17:32:00
M0456,2026-05-04T19:22:00
M0456,2026-05-06T08:53:00
M0456,2026-05-14T11:28:00
M0456,2026-05-21T10:41:00
M0456,2026-05-26T16:18:00
M0456,2026-05-28T09:12:00
M0456,2026-05-30T16:42:00
M0456,2026-05-31T06:17:00
M0456,2026-06-05T06:13:00
M0456,2026-06-08T14:49:00
M0456,2026-06-12T20:44:00
M0456,2026-06-20T14:07:00
M0456,2026-06-22T09:21:00
M0456,2026-06-22T16:32:00
M0456,2026-06-27T19:55:00
M0456,2026-06-28T11:53:00
M0456,2026-06-30T08:38:00
M0457,2025-10-06T08:52:00
M0457,2025-10-07T09:13:00
M0457,2025-10-12T09:28:00
M0457,2025-10-19T15:55:00
M0457,2025-10-21T17:33:00
M0457,2025-10-23T17:55:00
M0457,2025-10-26T11:21:00
M0457,2025-10-27T19:10:00
M0457,2025-10-29T19:42:00
M0457,2025-10-30T18:35:00
M0457,2025-11-04T06:40:00
M0457,2025-11-07T06:23:00
M0457,2025-11-11T14:45:00
M0457,2025-11-12T18:31:00
M0457,2025-11-14T20:44:00
M0457,2025-11-16T16:43:00
M0457,2025-11-18T13:38:00
M0457,2025-11-19T07:13:00
M0457,2025-11-30T08:49:00
M0457,2025-12-03T07:34:00
M0457,2025-12-06T10:25:00
M0457,2025-12-09T06:07:00
M0457,2025-12-09T16:23:00
M0457,2025-12-11T07:40:00
M0457,2025-12-12T07:16:00
M0457,2025-12-13T10:02:00
M0457,2025-12-13T13:37:00
M0457,2025-12-17T06:00:00
M0457,2025-12-18T19:28:00
M0457,2025-12-19T20:14:00
M0457,2025-12-20T06:06:00
M0457,2025-12-20T06:35:00
M0457,2025-12-20T16:26:00
M0457,2025-12-21T07:51:00
M0457,2025-12-23T18:07:00
M0457,2025-12-27T18:46:00
M0457,2025-12-28T20:28:00
M0457,2026-01-11T09:19:00
M0457,2026-01-11T15:46:00
M0457,2026-01-13T07:23:00
M0457,2026-01-14T09:41:00
M0457,2026-01-16T12:12:00
M0457,2026-01-18T09:54:00
M0457,2026-01-20T07:31:00
M0457,2026-01-23T18:29:00
M0457,2026-01-25T20:20:00
M0457,2026-01-26T18:11:00
M0457,2026-01-28T08:52:00
M0457,2026-01-31T08:16:00
M0457,2026-02-01T14:24:00
M0457,2026-02-02T20:57:00
M0457,2026-02-09T08:20:00
M0457,2026-02-14T16:03:00
M0457,2026-02-20T09:31:00
M0457,2026-03-01T17:21:00
M0457,2026-03-02T16:02:00
M0457,2026-03-06T09:21:00
M0457,2026-03-08T14:05:00
M0457,2026-03-09T16:33:00
M0457,2026-03-10T08:35:00
M0457,2026-03-12T17:17:00
M0457,2026-03-13T13:23:00
M0457,2026-03-20T17:16:00
M0457,2026-03-21T13:45:00
M0457,2026-03-31T11:05:00
M0457,2026-04-04T06:45:00
M0457,2026-04-04T14:59:00
M0457,2026-04-05T08:51:00
M0457,2026-04-05T08:58:00
M0457,2026-04-06T16:19:00
M0457,2026-04-09T10:11:00
M0457,2026-04-10T08:55:00
M0457,2026-04-22T07:24:00
M0457,2026-04-22T13:29:00
M0457,2026-04-24T17:32:00
M0457,2026-04-25T09:57:00
M0457,2026-04-25T10:56:00
M0458,2025-07-26T19:51:00
M0458,2025-07-28T11:53:00
M0458,2025-07-30T16:54:00
M0458,2025-08-01T08:00:00
M0458,2025-08-04T17:41:00
M0458,2025-08-05T06:50:00
M0458,2025-08-11T19:22:00
M0458,2025-08-15T17:12:00
M0458,2025-08-16T10:14:00
M0458,2025-08-18T15:17:00
M0458,2025-08-21T17:14:00
M0458,2025-08-27T07:23:00
M0458,2025-08-27T14:58:00
M0458,2025-08-27T19:09:00
M0458,2025-08-28T12:33:00
M0458,2025-08-31T09:43:00
M0458,2025-09-02T10:18:00
M0458,2025-09-06T10:40:00
M0458,2025-09-09T20:13:00
M0458,2025-09-13T08:38:00
M0458,2025-09-13T09:01:00
M0458,2025-09-13T14:06:00
M0458,2025-09-20T07:07:00
M0458,2025-09-20T09:38:00
M0458,2025-09-25T10:00:00
M0458,2025-09-26T16:50:00
M0458,2025-09-30T11:23:00
M0458,2025-10-01T13:34:00
M0458,2025-10-04T19:26:00
M0458,2025-10-05T10:32:00
M0458,2025-10-10T12:10:00
M0458,2025-10-13T09:03:00
M0458,2025-10-13T09:19:00
M0458,2025-10-13T17:47:00
M0458,2025-10-13T20:48:00
M0458,2025-10-20T20:22:00
M0458,2025-10-23T20:30:00
M0458,2025-10-25T18:32:00
M0458,2025-10-26T20:14:00
M0458,2025-11-01T09:29:00
M0458,2025-11-01T20:25:00
M0458,2025-11-05T08:33:00
M0458,2025-11-06T14:35:00
M0458,2025-11-17T16:32:00
M0458,2025-11-19T19:49:00
M0458,2025-11-20T07:37:00
M0458,2025-11-22T13:14:00
M0458,2025-11-23T20:31:00
M0458,2025-11-28T19:52:00
M0458,2025-11-29T10:24:00
M0458,2025-11-30T11:21:00
M0458,2025-12-08T08:34:00
M0458,2025-12-08T12:52:00
M0458,2025-12-10T19:26:00
M0458,2025-12-14T18:58:00
M0458,2025-12-16T08:03:00
M0458,2025-12-18T17:58:00
M0458,2025-12-19T19:34:00
M0458,2025-12-21T13:03:00
M0458,2025-12-21T14:14:00
M0458,2025-12-21T19:10:00
M0458,2025-12-21T20:56:00
M0458,2025-12-22T15:16:00
M0458,2025-12-26T08:48:00
M0458,2025-12-28T13:44:00
M0458,2025-12-29T06:10:00
M0458,2025-12-30T11:21:00
M0458,2025-12-31T11:39:00
M0458,2026-01-04T09:46:00
M0458,2026-01-04T10:23:00
M0458,2026-01-07T20:03:00
M0458,2026-01-10T14:06:00
M0458,2026-01-12T17:34:00
M0458,2026-01-14T11:41:00
M0458,2026-01-15T09:07:00
M0458,2026-01-18T16:33:00
M0458,2026-01-19T17:43:00
M0458,2026-01-21T17:11:00
M0458,2026-01-22T06:52:00
M0458,2026-01-23T07:16:00
M0458,2026-01-26T20:37:00
M0458,2026-01-27T09:31:00
M0458,2026-01-29T18:53:00
M0458,2026-01-31T15:36:00
M0458,2026-02-02T16:17:00
M0458,2026-02-10T07:34:00
M0458,2026-02-13T20:41:00
M0458,2026-02-14T17:12:00
M0458,2026-02-16T18:02:00
M0458,2026-02-20T19:09:00
M0458,2026-02-20T20:55:00
M0458,2026-02-24T08:56:00
M0458,2026-02-28T17:18:00
M0458,2026-03-01T11:16:00
M0458,2026-03-03T07:14:00
M0458,2026-03-07T08:55:00
M0458,2026-03-10T09:50:00
M0458,2026-03-12T09:30:00
M0458,2026-03-20T11:20:00
M0458,2026-03-23T18:52:00
M0458,2026-03-29T10:40:00
M0458,2026-04-01T07:57:00
M0458,2026-04-03T17:25:00
M0458,2026-04-13T07:54:00
M0458,2026-04-14T16:07:00
M0458,2026-04-16T11:29:00
M0458,2026-04-21T20:16:00
M0458,2026-04-22T06:47:00
M0459,2025-04-28T14:48:00
M0459,2025-04-30T07:37:00
M0459,2025-05-03T07:40:00
M0459,2025-05-11T13:17:00
M0459,2025-05-11T20:11:00
M0459,2025-05-14T16:28:00
M0459,2025-05-21T11:26:00
M0459,2025-05-21T19:56:00
M0459,2025-05-23T08:23:00
M0459,2025-05-23T16:48:00
M0459,2025-05-26T13:27:00
M0459,2025-06-01T09:14:00
M0459,2025-06-05T19:44:00
M0459,2025-06-15T09:26:00
M0459,2025-06-24T11:48:00
M0459,2025-06-25T19:49:00
M0459,2025-07-01T07:18:00
M0459,2025-07-01T13:07:00
M0459,2025-07-10T06:41:00
M0459,2025-07-10T09:03:00
M0459,2025-07-15T18:48:00
M0459,2025-07-16T14:13:00
M0459,2025-07-20T06:16:00
M0459,2025-07-20T06:38:00
M0459,2025-07-29T07:03:00
M0459,2025-07-31T09:09:00
M0459,2025-08-01T20:56:00
M0459,2025-08-05T12:22:00
M0459,2025-08-16T11:31:00
M0459,2025-08-20T13:16:00
M0459,2025-08-23T10:38:00
M0459,2025-08-26T12:25:00
M0459,2025-09-02T07:25:00
M0459,2025-09-04T09:20:00
M0459,2025-09-08T14:15:00
M0459,2025-09-10T06:10:00
M0459,2025-09-18T18:17:00
M0459,2025-09-21T14:37:00
M0459,2025-09-30T18:53:00
M0459,2025-10-05T06:39:00
M0459,2025-10-08T20:39:00
M0459,2025-10-11T15:13:00
M0459,2025-10-16T10:30:00
M0459,2025-10-18T20:44:00
M0459,2025-10-21T11:14:00
M0459,2025-10-24T17:51:00
M0459,2025-10-26T18:38:00
M0459,2025-10-30T08:51:00
M0459,2025-11-02T11:55:00
M0459,2025-11-10T17:20:00
M0459,2025-11-12T08:45:00
M0459,2025-11-16T12:08:00
M0459,2025-11-23T12:29:00
M0459,2025-12-07T07:33:00
M0459,2025-12-11T17:30:00
M0459,2025-12-12T15:52:00
M0459,2025-12-13T20:10:00
M0459,2025-12-15T07:13:00
M0459,2025-12-18T07:37:00
M0459,2025-12-22T12:24:00
M0459,2026-01-01T09:11:00
M0459,2026-01-11T08:07:00
M0459,2026-01-17T17:41:00
M0459,2026-01-29T11:37:00
M0459,2026-01-29T16:49:00
M0459,2026-02-11T10:31:00
M0459,2026-02-11T18:04:00
M0459,2026-03-02T18:17:00
M0459,2026-03-03T13:46:00
M0459,2026-03-04T09:57:00
M0459,2026-03-05T17:11:00
M0459,2026-03-15T12:37:00
M0459,2026-03-22T13:38:00
M0459,2026-03-23T17:27:00
M0459,2026-03-31T13:25:00
M0459,2026-03-31T18:52:00
M0459,2026-04-22T09:36:00
M0459,2026-05-04T18:25:00
M0459,2026-05-07T16:57:00
M0459,2026-05-12T06:02:00
M0460,2025-03-02T14:31:00
M0460,2025-03-05T09:42:00
M0460,2025-03-09T09:39:00
M0460,2025-03-11T11:55:00
M0460,2025-03-14T07:06:00
M0460,2025-03-17T13:35:00
M0460,2025-03-19T07:47:00
M0460,2025-03-21T11:47:00
M0460,2025-03-23T08:24:00
M0460,2025-03-24T13:28:00
M0460,2025-03-25T07:59:00
M0460,2025-03-25T19:36:00
M0460,2025-03-27T06:39:00
M0460,2025-03-27T11:54:00
M0460,2025-03-28T10:19:00
M0460,2025-03-29T13:39:00
M0460,2025-03-31T11:51:00
M0460,2025-04-01T10:29:00
M0460,2025-04-01T15:29:00
M0460,2025-04-01T18:51:00
M0460,2025-04-02T20:26:00
M0460,2025-04-07T09:54:00
M0460,2025-04-09T15:10:00
M0460,2025-04-09T16:48:00
M0460,2025-04-15T12:49:00
M0460,2025-04-16T16:06:00
M0460,2025-04-17T14:28:00
M0460,2025-04-20T19:26:00
M0460,2025-04-21T20:56:00
M0460,2025-04-22T17:39:00
M0460,2025-04-23T08:58:00
M0460,2025-04-25T15:25:00
M0460,2025-04-25T16:51:00
M0460,2025-04-27T13:52:00
M0460,2025-04-27T17:47:00
M0460,2025-04-28T20:24:00
M0460,2025-05-04T09:25:00
M0460,2025-05-04T09:39:00
M0460,2025-05-04T12:14:00
M0460,2025-05-07T11:08:00
M0460,2025-05-08T06:50:00
M0460,2025-05-08T16:35:00
M0460,2025-05-10T06:16:00
M0460,2025-05-14T13:23:00
M0460,2025-05-15T07:04:00
M0460,2025-05-16T14:14:00
M0460,2025-05-17T07:45:00
M0460,2025-05-18T11:58:00
M0460,2025-05-21T14:36:00
M0460,2025-05-23T18:34:00
M0460,2025-05-27T08:00:00
M0460,2025-06-01T13:54:00
M0460,2025-06-01T15:00:00
M0460,2025-06-03T14:46:00
M0460,2025-06-03T20:37:00
M0460,2025-06-04T20:41:00
M0460,2025-06-08T07:58:00
M0460,2025-06-09T08:23:00
M0460,2025-06-10T14:43:00
M0460,2025-06-12T20:10:00
M0460,2025-06-15T12:16:00
M0460,2025-06-15T17:04:00
M0460,2025-06-20T20:59:00
M0460,2025-06-23T16:00:00
M0460,2025-06-30T06:09:00
M0460,2025-07-03T17:26:00
M0460,2025-07-04T20:11:00
M0460,2025-07-08T10:18:00
M0460,2025-07-09T12:27:00
M0460,2025-07-12T07:30:00
M0460,2025-07-13T08:54:00
M0460,2025-07-14T12:25:00
M0460,2025-07-15T19:23:00
M0460,2025-07-18T14:51:00
M0460,2025-07-18T16:46:00
M0460,2025-07-20T11:31:00
M0460,2025-07-21T09:12:00
M0460,2025-07-23T06:19:00
M0460,2025-07-23T15:11:00
M0460,2025-07-24T08:49:00
M0460,2025-07-27T20:38:00
M0460,2025-07-28T10:01:00
M0460,2025-07-28T15:45:00
M0460,2025-07-31T13:25:00
M0460,2025-08-06T10:36:00
M0460,2025-08-08T13:13:00
M0460,2025-08-10T20:18:00
M0460,2025-08-11T10:03:00
M0460,2025-08-11T11:28:00
M0460,2025-08-13T11:36:00
M0460,2025-08-16T13:09:00
M0460,2025-08-17T06:46:00
M0460,2025-08-19T16:43:00
M0460,2025-08-20T20:20:00
M0460,2025-08-21T18:39:00
M0460,2025-08-22T12:17:00
M0460,2025-08-27T19:24:00
M0460,2025-08-29T15:26:00
M0460,2025-08-31T17:38:00
M0460,2025-09-02T11:51:00
M0460,2025-09-04T17:27:00
M0460,2025-09-07T07:32:00
M0460,2025-09-07T14:02:00
M0460,2025-09-08T19:59:00
M0460,2025-09-10T10:57:00
M0460,2025-09-11T06:59:00
M0460,2025-09-14T09:56:00
M0460,2025-09-16T07:46:00
M0460,2025-09-18T06:11:00
M0460,2025-09-18T20:28:00
M0460,2025-09-19T06:01:00
M0460,2025-09-21T12:42:00
M0460,2025-09-22T13:30:00
M0460,2025-10-07T20:15:00
M0460,2025-10-14T17:27:00
M0460,2025-10-18T18:08:00
M0460,2025-10-24T09:21:00
M0460,2025-10-24T14:10:00
M0460,2025-10-25T08:09:00
M0460,2025-10-30T08:16:00
M0460,2025-10-30T15:19:00
M0460,2025-11-01T16:45:00
M0460,2025-11-06T08:23:00
M0460,2025-11-08T07:05:00
M0460,2025-11-08T19:41:00
M0460,2025-11-09T08:40:00
M0460,2025-11-11T07:09:00
M0460,2025-11-11T20:57:00
M0460,2025-11-12T06:36:00
M0460,2025-11-14T15:50:00
M0460,2025-11-15T08:21:00
M0460,2025-11-16T11:16:00
M0460,2025-11-22T12:45:00
M0460,2025-11-23T18:24:00
M0460,2025-11-25T11:06:00
M0460,2025-11-28T12:09:00
M0460,2025-11-30T10:54:00
M0460,2025-12-01T11:01:00
M0460,2025-12-01T14:14:00
M0460,2025-12-03T15:41:00
M0460,2025-12-08T20:39:00
M0460,2025-12-09T13:09:00
M0460,2025-12-10T13:23:00
M0460,2025-12-11T17:42:00
M0460,2025-12-16T09:45:00
M0460,2025-12-18T10:44:00
M0460,2025-12-19T19:00:00
M0460,2025-12-21T07:19:00
M0460,2025-12-26T18:11:00
M0460,2025-12-29T14:23:00
M0460,2026-01-03T13:02:00
M0460,2026-01-05T15:39:00
M0460,2026-01-05T15:46:00
M0460,2026-01-05T16:37:00
M0460,2026-01-07T06:26:00
M0460,2026-01-09T18:53:00
M0460,2026-01-10T10:37:00
M0460,2026-01-11T07:03:00
M0460,2026-01-12T15:08:00
M0460,2026-01-13T14:07:00
M0460,2026-01-22T13:06:00
M0460,2026-01-25T14:39:00
M0460,2026-01-27T07:14:00
M0460,2026-01-27T12:16:00
M0460,2026-01-29T20:24:00
M0460,2026-02-02T13:32:00
M0460,2026-02-03T14:57:00
M0460,2026-02-05T08:41:00
M0460,2026-02-05T09:38:00
M0460,2026-02-07T14:59:00
M0460,2026-02-11T13:50:00
M0460,2026-02-26T17:44:00
M0460,2026-02-27T16:34:00
M0460,2026-03-03T13:21:00
M0460,2026-03-04T06:21:00
M0460,2026-03-04T13:39:00
M0460,2026-03-06T19:36:00
M0460,2026-03-09T11:13:00
M0460,2026-03-09T17:53:00
M0460,2026-03-10T18:16:00
M0460,2026-03-15T16:03:00
M0460,2026-03-20T14:00:00
M0460,2026-03-20T15:47:00
M0460,2026-03-22T17:48:00
M0460,2026-03-25T06:16:00
M0460,2026-03-25T13:12:00
M0460,2026-03-26T10:42:00
M0460,2026-03-31T20:57:00
M0460,2026-04-01T09:10:00
M0460,2026-04-06T20:19:00
M0460,2026-04-07T16:41:00
M0460,2026-04-08T17:26:00
M0460,2026-04-10T19:09:00
M0460,2026-04-11T18:08:00
M0460,2026-04-14T10:07:00
M0460,2026-04-15T06:52:00
M0460,2026-04-16T06:57:00
M0460,2026-04-20T12:11:00
M0460,2026-04-20T12:23:00
M0460,2026-04-21T19:43:00
M0460,2026-04-23T15:14:00
M0460,2026-04-24T09:16:00
M0460,2026-04-25T19:10:00
M0460,2026-04-27T13:33:00
M0460,2026-04-28T20:44:00
M0460,2026-04-30T07:57:00
M0460,2026-05-02T12:29:00
M0460,2026-05-02T13:41:00
M0460,2026-05-07T11:56:00
M0460,2026-05-09T19:57:00
M0460,2026-05-10T09:10:00
M0460,2026-05-12T11:05:00
M0460,2026-05-12T16:16:00
M0460,2026-05-15T07:46:00
M0460,2026-05-15T10:14:00
M0460,2026-05-15T19:05:00
M0460,2026-05-17T07:29:00
M0460,2026-05-22T10:30:00
M0460,2026-05-24T07:29:00
M0460,2026-05-25T13:36:00
M0460,2026-05-27T17:44:00
M0460,2026-05-29T17:02:00
M0460,2026-05-30T06:14:00
M0460,2026-05-30T16:45:00
M0460,2026-06-04T18:21:00
M0460,2026-06-04T19:28:00
M0460,2026-06-05T13:13:00
M0460,2026-06-07T14:17:00
M0460,2026-06-13T06:25:00
M0460,2026-06-15T19:57:00
M0461,2025-08-14T20:03:00
M0461,2025-08-16T08:08:00
M0461,2025-08-16T14:12:00
M0461,2025-08-16T16:48:00
M0461,2025-08-18T18:53:00
M0461,2025-08-19T15:09:00
M0461,2025-08-20T07:48:00
M0461,2025-08-20T09:56:00
M0461,2025-08-29T06:16:00
M0461,2025-08-31T06:13:00
M0461,2025-08-31T11:50:00
M0461,2025-09-02T12:08:00
M0461,2025-09-02T13:10:00
M0461,2025-09-06T10:12:00
M0461,2025-09-06T13:12:00
M0461,2025-09-07T14:26:00
M0461,2025-09-09T08:36:00
M0461,2025-09-15T10:21:00
M0461,2025-09-18T19:07:00
M0461,2025-09-20T13:43:00
M0461,2025-09-23T12:57:00
M0461,2025-09-24T13:32:00
M0461,2025-09-27T12:31:00
M0461,2025-09-27T17:15:00
M0461,2025-09-28T08:34:00
M0461,2025-09-28T11:21:00
M0461,2025-09-29T06:41:00
M0461,2025-10-03T09:46:00
M0461,2025-10-03T15:53:00
M0461,2025-10-03T19:26:00
M0461,2025-10-04T19:03:00
M0461,2025-10-05T07:08:00
M0461,2025-10-05T10:34:00
M0461,2025-10-05T12:58:00
M0461,2025-10-06T20:23:00
M0461,2025-10-07T07:02:00
M0461,2025-10-09T20:20:00
M0461,2025-10-13T18:10:00
M0461,2025-10-14T11:24:00
M0461,2025-10-14T12:54:00
M0461,2025-10-19T19:38:00
M0461,2025-10-20T11:13:00
M0461,2025-10-23T07:07:00
M0461,2025-10-23T15:28:00
M0461,2025-10-26T14:43:00
M0461,2025-10-27T07:13:00
M0461,2025-10-27T08:38:00
M0461,2025-10-27T12:30:00
M0461,2025-10-28T06:17:00
M0461,2025-10-29T16:34:00
M0461,2025-11-02T19:33:00
M0461,2025-11-05T19:13:00
M0461,2025-11-06T16:11:00
M0461,2025-11-08T16:42:00
M0461,2025-11-13T13:39:00
M0461,2025-11-14T11:44:00
M0461,2025-11-20T06:51:00
M0461,2025-11-20T14:33:00
M0461,2025-11-22T11:20:00
M0461,2025-11-24T11:18:00
M0461,2025-11-25T12:36:00
M0461,2025-11-27T15:32:00
M0461,2025-12-01T17:54:00
M0461,2025-12-01T19:40:00
M0461,2025-12-02T10:15:00
M0461,2025-12-06T18:35:00
M0461,2025-12-12T14:33:00
M0461,2025-12-13T15:37:00
M0461,2025-12-16T12:02:00
M0461,2025-12-17T18:24:00
M0461,2025-12-20T10:39:00
M0461,2025-12-21T19:34:00
M0461,2025-12-22T10:54:00
M0461,2025-12-22T20:19:00
M0461,2025-12-23T15:40:00
M0461,2025-12-25T15:19:00
M0461,2025-12-27T18:59:00
M0461,2026-01-13T11:43:00
M0461,2026-01-17T14:36:00
M0461,2026-01-18T08:06:00
M0461,2026-01-24T06:11:00
M0461,2026-01-27T18:49:00
M0461,2026-01-30T13:31:00
M0461,2026-02-04T06:34:00
M0461,2026-02-05T09:01:00
M0461,2026-02-07T20:05:00
M0461,2026-02-11T09:24:00
M0461,2026-02-11T14:19:00
M0461,2026-02-11T15:14:00
M0461,2026-02-11T15:31:00
M0461,2026-02-13T06:22:00
M0461,2026-02-14T08:22:00
M0461,2026-02-16T20:29:00
M0461,2026-02-17T17:49:00
M0461,2026-02-25T08:23:00
M0461,2026-02-25T20:15:00
M0461,2026-02-25T20:53:00
M0461,2026-03-01T07:50:00
M0461,2026-03-01T13:37:00
M0461,2026-03-04T17:22:00
M0461,2026-03-07T18:16:00
M0461,2026-03-07T18:35:00
M0461,2026-03-15T06:19:00
M0461,2026-03-16T07:27:00
M0461,2026-03-16T16:49:00
M0461,2026-03-18T08:06:00
M0461,2026-03-18T13:17:00
M0461,2026-03-24T07:47:00
M0461,2026-03-25T16:52:00
M0461,2026-03-26T10:41:00
M0461,2026-03-30T18:53:00
M0461,2026-04-02T10:41:00
M0461,2026-04-07T08:43:00
M0461,2026-04-11T18:22:00
M0461,2026-04-16T18:26:00
M0461,2026-04-26T07:01:00
M0461,2026-04-26T17:04:00
M0461,2026-04-28T20:00:00
M0461,2026-05-01T07:15:00
M0461,2026-05-01T13:43:00
M0461,2026-05-01T19:34:00
M0461,2026-05-02T19:47:00
M0461,2026-05-07T07:45:00
M0461,2026-05-07T16:50:00
M0461,2026-05-08T09:00:00
M0461,2026-05-09T16:40:00
M0461,2026-05-12T09:40:00
M0461,2026-05-13T06:19:00
M0461,2026-05-13T16:50:00
M0461,2026-05-13T19:31:00
M0461,2026-05-15T06:28:00
M0461,2026-05-19T08:04:00
M0461,2026-05-21T06:18:00
M0461,2026-05-21T20:01:00
M0461,2026-05-29T14:21:00
M0461,2026-05-29T17:40:00
M0461,2026-05-31T18:19:00
M0461,2026-06-01T09:57:00
M0461,2026-06-03T12:04:00
M0461,2026-06-03T15:01:00
M0461,2026-06-04T11:23:00
M0461,2026-06-08T06:05:00
M0461,2026-06-10T14:27:00
M0461,2026-06-11T09:05:00
M0462,2025-09-30T09:13:00
M0462,2025-10-03T16:12:00
M0462,2025-10-10T08:02:00
M0462,2025-10-15T10:33:00
M0462,2025-10-29T19:22:00
M0462,2025-10-30T07:26:00
M0462,2025-11-09T07:56:00
M0462,2025-11-12T20:37:00
M0462,2025-11-13T15:00:00
M0462,2025-11-20T14:30:00
M0462,2025-11-21T06:04:00
M0462,2025-11-28T10:24:00
M0462,2025-11-29T20:32:00
M0462,2025-12-02T20:03:00
M0462,2025-12-07T13:44:00
M0462,2025-12-12T16:45:00
M0462,2025-12-17T08:17:00
M0462,2025-12-17T18:14:00
M0462,2025-12-19T09:56:00
M0462,2025-12-19T12:29:00
M0462,2025-12-20T10:44:00
M0462,2025-12-26T12:17:00
M0462,2025-12-27T14:51:00
M0462,2025-12-28T08:49:00
M0462,2025-12-28T11:49:00
M0462,2025-12-29T16:12:00
M0462,2025-12-31T17:11:00
M0462,2026-01-07T12:53:00
M0462,2026-01-07T12:54:00
M0462,2026-01-15T17:19:00
M0462,2026-01-22T16:28:00
M0462,2026-02-12T19:31:00
M0462,2026-02-15T08:15:00
M0462,2026-02-24T08:16:00
M0462,2026-03-13T20:37:00
M0462,2026-03-26T17:10:00
M0462,2026-04-08T08:41:00
M0462,2026-04-18T09:14:00
M0462,2026-05-03T10:00:00
M0462,2026-05-05T07:33:00
M0462,2026-05-12T16:39:00
M0462,2026-05-21T10:25:00
M0463,2025-07-10T20:54:00
M0463,2025-07-14T08:24:00
M0463,2025-07-14T11:42:00
M0463,2025-07-15T17:26:00
M0463,2025-07-24T09:17:00
M0463,2025-07-25T16:48:00
M0463,2025-07-27T17:37:00
M0463,2025-07-31T08:48:00
M0463,2025-08-02T14:59:00
M0463,2025-08-04T16:48:00
M0463,2025-08-07T08:20:00
M0463,2025-08-07T15:28:00
M0463,2025-08-13T12:10:00
M0463,2025-08-14T10:46:00
M0463,2025-08-15T10:06:00
M0463,2025-08-16T06:19:00
M0463,2025-08-16T13:27:00
M0463,2025-08-30T08:44:00
M0463,2025-09-02T12:20:00
M0463,2025-09-04T19:25:00
M0463,2025-09-07T08:27:00
M0463,2025-09-11T10:25:00
M0463,2025-09-27T09:01:00
M0463,2025-09-30T06:28:00
M0463,2025-10-03T10:29:00
M0463,2025-10-05T20:24:00
M0463,2025-10-07T06:58:00
M0463,2025-10-10T07:53:00
M0463,2025-10-10T15:45:00
M0463,2025-10-11T18:45:00
M0463,2025-10-17T13:18:00
M0463,2025-10-19T18:33:00
M0463,2025-10-26T12:24:00
M0463,2025-10-26T17:30:00
M0463,2025-10-29T09:31:00
M0463,2025-10-29T17:38:00
M0463,2025-11-01T08:30:00
M0463,2025-11-05T08:19:00
M0463,2025-11-05T17:11:00
M0463,2025-11-10T10:50:00
M0463,2025-11-11T07:11:00
M0463,2025-11-12T14:42:00
M0463,2025-11-23T16:26:00
M0463,2025-11-26T20:50:00
M0463,2025-11-27T08:48:00
M0463,2025-12-02T14:09:00
M0463,2025-12-06T19:45:00
M0463,2025-12-07T07:10:00
M0463,2025-12-07T15:36:00
M0463,2025-12-08T15:55:00
M0463,2025-12-10T14:29:00
M0463,2025-12-15T19:18:00
M0463,2025-12-16T19:53:00
M0463,2025-12-18T12:45:00
M0463,2025-12-20T17:54:00
M0463,2025-12-22T07:11:00
M0463,2025-12-22T07:37:00
M0463,2026-01-07T13:22:00
M0463,2026-01-08T10:58:00
M0463,2026-01-08T14:27:00
M0463,2026-01-11T07:46:00
M0463,2026-01-16T11:50:00
M0463,2026-01-18T19:12:00
M0463,2026-01-26T20:25:00
M0463,2026-01-29T06:24:00
M0463,2026-02-02T10:33:00
M0463,2026-02-11T08:17:00
M0463,2026-02-14T20:25:00
M0463,2026-02-15T07:24:00
M0463,2026-02-23T09:40:00
M0463,2026-03-04T18:34:00
M0463,2026-03-04T18:44:00
M0463,2026-03-06T06:21:00
M0463,2026-03-07T07:59:00
M0463,2026-03-10T12:57:00
M0463,2026-03-12T17:30:00
M0463,2026-03-14T07:22:00
M0463,2026-03-16T12:56:00
M0463,2026-03-18T08:32:00
M0463,2026-03-18T10:29:00
M0463,2026-03-18T13:00:00
M0463,2026-03-19T12:37:00
M0463,2026-03-19T20:47:00
M0463,2026-03-20T12:08:00
M0463,2026-03-20T16:15:00
M0463,2026-03-22T08:58:00
M0463,2026-03-28T18:15:00
M0463,2026-03-29T06:25:00
M0463,2026-04-07T14:04:00
M0463,2026-04-10T11:18:00
M0463,2026-04-10T18:30:00
M0463,2026-04-12T17:08:00
M0463,2026-04-13T15:21:00
M0463,2026-04-21T20:04:00
M0463,2026-04-22T09:23:00
M0463,2026-04-24T15:01:00
M0463,2026-04-25T11:34:00
M0463,2026-05-03T09:45:00
M0463,2026-05-04T11:53:00
M0463,2026-05-06T15:51:00
M0463,2026-05-11T20:23:00
M0463,2026-05-15T10:52:00
M0463,2026-05-16T19:20:00
M0463,2026-05-20T06:03:00
M0463,2026-05-20T06:21:00
M0463,2026-05-23T14:32:00
M0463,2026-05-24T16:24:00
M0463,2026-05-27T06:46:00
M0463,2026-05-27T07:47:00
M0463,2026-05-27T12:00:00
M0463,2026-05-28T11:33:00
M0463,2026-05-28T15:20:00
M0463,2026-05-30T09:37:00
M0463,2026-06-01T08:41:00
M0463,2026-06-02T16:32:00
M0463,2026-06-05T08:23:00
M0463,2026-06-09T14:15:00
M0463,2026-06-10T13:03:00
M0464,2025-08-02T10:39:00
M0464,2025-08-06T20:54:00
M0464,2025-08-11T20:27:00
M0464,2025-08-13T15:25:00
M0464,2025-08-17T12:51:00
M0464,2025-08-18T10:43:00
M0464,2025-08-20T07:48:00
M0464,2025-08-21T19:06:00
M0464,2025-08-22T14:44:00
M0464,2025-08-22T16:37:00
M0464,2025-08-22T17:30:00
M0464,2025-08-23T11:15:00
M0464,2025-08-23T17:49:00
M0464,2025-08-27T09:14:00
M0464,2025-09-02T12:48:00
M0464,2025-09-08T10:37:00
M0464,2025-09-11T19:49:00
M0464,2025-09-13T09:18:00
M0464,2025-09-14T10:29:00
M0464,2025-09-18T08:27:00
M0464,2025-09-18T10:14:00
M0464,2025-09-20T07:49:00
M0464,2025-09-22T18:25:00
M0464,2025-09-22T20:22:00
M0464,2025-09-23T14:41:00
M0464,2025-09-23T14:47:00
M0464,2025-09-23T17:55:00
M0464,2025-09-26T10:51:00
M0464,2025-09-27T15:24:00
M0464,2025-09-27T20:26:00
M0464,2025-09-29T13:32:00
M0464,2025-09-29T16:03:00
M0464,2025-10-07T06:48:00
M0464,2025-10-07T19:27:00
M0464,2025-10-10T17:04:00
M0464,2025-10-12T16:39:00
M0464,2025-10-14T20:34:00
M0464,2025-10-21T19:06:00
M0464,2025-10-26T06:28:00
M0464,2025-10-27T20:34:00
M0464,2025-10-30T06:09:00
M0464,2025-10-30T16:30:00
M0464,2025-10-31T19:18:00
M0464,2025-11-02T20:31:00
M0464,2025-11-04T15:31:00
M0464,2025-11-06T17:44:00
M0464,2025-11-09T06:07:00
M0464,2025-11-14T15:57:00
M0464,2025-11-17T12:53:00
M0464,2025-11-17T18:50:00
M0464,2025-11-19T12:39:00
M0464,2025-11-21T08:06:00
M0464,2025-11-21T19:37:00
M0464,2025-11-25T10:55:00
M0464,2025-12-01T16:25:00
M0464,2025-12-08T09:51:00
M0464,2025-12-08T14:37:00
M0464,2025-12-10T12:35:00
M0464,2025-12-11T14:34:00
M0464,2025-12-15T19:19:00
M0464,2025-12-17T06:42:00
M0464,2025-12-19T09:44:00
M0464,2025-12-23T20:33:00
M0464,2025-12-29T07:52:00
M0464,2025-12-29T11:29:00
M0464,2025-12-31T11:22:00
M0464,2026-01-01T18:50:00
M0464,2026-01-01T18:55:00
M0464,2026-01-13T09:35:00
M0464,2026-01-20T15:38:00
M0464,2026-01-20T16:08:00
M0464,2026-01-22T12:45:00
M0464,2026-01-23T07:21:00
M0464,2026-01-27T07:12:00
M0464,2026-01-28T07:22:00
M0464,2026-02-10T19:25:00
M0464,2026-02-12T06:08:00
M0464,2026-02-13T08:50:00
M0464,2026-02-13T16:14:00
M0464,2026-02-14T12:45:00
M0464,2026-02-15T15:57:00
M0464,2026-02-16T18:38:00
M0464,2026-02-17T09:49:00
M0464,2026-02-19T18:39:00
M0464,2026-02-20T15:28:00
M0464,2026-02-23T15:58:00
M0464,2026-02-24T14:29:00
M0464,2026-02-26T17:24:00
M0464,2026-03-03T07:34:00
M0464,2026-03-03T10:54:00
M0464,2026-03-09T09:17:00
M0464,2026-03-12T20:30:00
M0464,2026-03-13T19:05:00
M0464,2026-03-14T15:27:00
M0464,2026-03-14T16:36:00
M0464,2026-03-26T15:28:00
M0464,2026-03-30T07:05:00
M0464,2026-04-03T16:53:00
M0464,2026-04-07T09:52:00
M0464,2026-04-10T10:52:00
M0464,2026-04-10T13:20:00
M0464,2026-04-11T08:07:00
M0464,2026-04-13T06:26:00
M0465,2025-07-19T18:49:00
M0465,2025-07-26T09:11:00
M0465,2025-07-28T09:04:00
M0465,2025-07-28T18:32:00
M0465,2025-07-28T20:13:00
M0465,2025-07-30T19:53:00
M0465,2025-07-31T18:11:00
M0465,2025-08-02T12:37:00
M0465,2025-08-05T07:48:00
M0465,2025-08-05T08:19:00
M0465,2025-08-05T12:50:00
M0465,2025-08-15T12:30:00
M0465,2025-08-16T20:02:00
M0465,2025-08-18T08:27:00
M0465,2025-08-19T17:39:00
M0465,2025-08-22T07:10:00
M0465,2025-08-25T07:23:00
M0465,2025-08-25T15:05:00
M0465,2025-08-26T19:34:00
M0465,2025-08-27T10:46:00
M0465,2025-08-27T13:51:00
M0465,2025-08-30T16:49:00
M0465,2025-09-02T17:49:00
M0465,2025-09-07T16:22:00
M0465,2025-09-19T06:27:00
M0465,2025-09-20T06:02:00
M0465,2025-09-20T14:21:00
M0465,2025-09-21T07:56:00
M0465,2025-09-22T06:31:00
M0465,2025-09-22T11:58:00
M0465,2025-09-24T07:22:00
M0465,2025-09-24T17:43:00
M0465,2025-09-25T12:17:00
M0465,2025-09-26T06:49:00
M0465,2025-09-27T08:55:00
M0465,2025-09-27T19:47:00
M0465,2025-09-28T11:23:00
M0465,2025-09-28T15:11:00
M0465,2025-09-29T17:41:00
M0465,2025-09-29T20:50:00
M0465,2025-09-30T19:51:00
M0465,2025-09-30T20:25:00
M0465,2025-10-05T17:43:00
M0465,2025-10-07T20:30:00
M0465,2025-10-15T07:19:00
M0465,2025-10-15T13:19:00
M0465,2025-10-17T07:32:00
M0465,2025-10-19T08:40:00
M0465,2025-10-26T08:00:00
M0465,2025-10-28T13:54:00
M0465,2025-10-29T06:13:00
M0465,2025-10-29T12:46:00
M0465,2025-11-01T07:59:00
M0465,2025-11-03T06:17:00
M0465,2025-11-03T14:30:00
M0465,2025-11-06T17:27:00
M0465,2025-11-10T08:07:00
M0465,2025-11-12T14:07:00
M0465,2025-11-12T18:01:00
M0465,2025-11-12T18:45:00
M0465,2025-11-13T13:39:00
M0465,2025-11-14T08:15:00
M0465,2025-11-14T10:24:00
M0465,2025-11-14T12:30:00
M0465,2025-11-22T20:25:00
M0465,2025-11-26T11:32:00
M0465,2025-12-02T14:00:00
M0465,2025-12-03T17:43:00
M0465,2025-12-04T11:38:00
M0465,2025-12-10T17:06:00
M0465,2025-12-15T16:26:00
M0465,2025-12-21T14:52:00
M0465,2025-12-24T07:53:00
M0465,2025-12-27T12:51:00
M0465,2026-01-05T17:10:00
M0465,2026-01-09T16:01:00
M0465,2026-01-10T07:15:00
M0465,2026-01-10T18:09:00
M0465,2026-01-13T12:55:00
M0465,2026-01-15T19:02:00
M0465,2026-01-19T19:15:00
M0465,2026-01-21T11:01:00
M0465,2026-01-22T06:45:00
M0465,2026-01-22T15:59:00
M0465,2026-01-27T15:16:00
M0465,2026-01-30T17:17:00
M0465,2026-02-01T14:35:00
M0465,2026-02-02T06:48:00
M0465,2026-02-02T14:12:00
M0465,2026-02-04T18:35:00
M0465,2026-02-07T10:44:00
M0465,2026-02-09T10:00:00
M0465,2026-02-11T13:36:00
M0465,2026-02-11T19:19:00
M0465,2026-02-14T10:19:00
M0465,2026-02-15T12:27:00
M0465,2026-02-15T18:07:00
M0465,2026-02-18T13:52:00
M0465,2026-02-19T12:05:00
M0465,2026-02-26T15:25:00
M0465,2026-02-28T07:14:00
M0465,2026-03-06T07:58:00
M0465,2026-03-07T09:37:00
M0465,2026-03-07T15:23:00
M0465,2026-03-11T19:37:00
M0465,2026-03-13T06:48:00
M0465,2026-03-16T18:24:00
M0465,2026-03-20T12:21:00
M0465,2026-03-21T08:51:00
M0465,2026-03-23T08:24:00
M0465,2026-03-25T06:35:00
M0465,2026-03-26T18:32:00
M0465,2026-03-27T19:44:00
M0465,2026-03-29T16:04:00
M0465,2026-04-01T07:39:00
M0465,2026-04-01T13:43:00
M0465,2026-04-04T19:33:00
M0465,2026-04-07T09:59:00
M0465,2026-04-10T10:21:00
M0465,2026-04-13T16:57:00
M0465,2026-04-13T19:11:00
M0465,2026-04-15T06:38:00
M0465,2026-04-15T14:05:00
M0465,2026-04-19T08:49:00
M0465,2026-04-21T09:00:00
M0465,2026-04-21T19:05:00
M0465,2026-08-28T07:35:00
M0466,2025-11-01T10:06:00
M0466,2025-11-01T14:24:00
M0466,2025-11-02T19:26:00
M0466,2025-11-03T20:11:00
M0466,2025-11-07T07:43:00
M0466,2025-11-08T10:37:00
M0466,2025-11-09T17:01:00
M0466,2025-11-11T10:07:00
M0466,2025-11-11T11:51:00
M0466,2025-11-11T15:40:00
M0466,2025-11-12T08:10:00
M0466,2025-11-12T09:54:00
M0466,2025-11-15T17:56:00
M0466,2025-11-16T10:50:00
M0466,2025-11-19T17:25:00
M0466,2025-11-20T10:01:00
M0466,2025-11-21T19:22:00
M0466,2025-11-24T20:57:00
M0466,2025-11-28T14:12:00
M0466,2025-11-28T20:37:00
M0466,2025-12-01T19:24:00
M0466,2025-12-02T16:11:00
M0466,2025-12-03T08:08:00
M0466,2025-12-03T14:10:00
M0466,2025-12-03T16:17:00
M0466,2025-12-04T14:24:00
M0466,2025-12-05T10:14:00
M0466,2025-12-06T18:04:00
M0466,2025-12-07T17:37:00
M0466,2025-12-07T18:56:00
M0466,2025-12-08T08:17:00
M0466,2025-12-11T07:45:00
M0466,2025-12-12T14:11:00
M0466,2025-12-12T14:26:00
M0466,2025-12-12T14:40:00
M0466,2025-12-12T18:22:00
M0466,2025-12-12T18:28:00
M0466,2025-12-14T12:47:00
M0466,2025-12-16T06:33:00
M0466,2025-12-19T20:57:00
M0466,2025-12-20T10:09:00
M0466,2025-12-20T11:14:00
M0466,2025-12-22T19:12:00
M0466,2025-12-22T20:07:00
M0466,2025-12-23T17:19:00
M0466,2025-12-26T17:14:00
M0466,2025-12-29T11:36:00
M0466,2025-12-31T11:29:00
M0466,2026-01-08T11:37:00
M0466,2026-01-09T13:46:00
M0466,2026-01-10T11:30:00
M0466,2026-01-17T18:56:00
M0466,2026-01-18T17:27:00
M0466,2026-01-19T19:41:00
M0466,2026-01-20T06:44:00
M0466,2026-01-21T15:10:00
M0466,2026-01-21T15:47:00
M0466,2026-01-23T16:14:00
M0466,2026-01-26T06:11:00
M0466,2026-01-26T08:58:00
M0466,2026-01-27T14:48:00
M0466,2026-01-29T07:46:00
M0466,2026-01-29T20:04:00
M0466,2026-01-30T12:31:00
M0466,2026-01-30T12:58:00
M0466,2026-01-31T08:46:00
M0466,2026-02-04T12:46:00
M0466,2026-02-04T13:11:00
M0466,2026-02-05T13:03:00
M0466,2026-02-07T07:01:00
M0466,2026-02-08T07:02:00
M0466,2026-02-10T09:00:00
M0466,2026-02-12T08:26:00
M0466,2026-02-13T10:45:00
M0466,2026-02-14T06:48:00
M0466,2026-02-14T16:07:00
M0466,2026-02-17T09:53:00
M0466,2026-02-17T18:53:00
M0466,2026-02-19T15:15:00
M0466,2026-02-19T20:37:00
M0466,2026-02-22T19:04:00
M0466,2026-02-24T15:10:00
M0466,2026-02-25T07:45:00
M0466,2026-02-26T09:05:00
M0466,2026-02-26T11:51:00
M0466,2026-02-28T06:30:00
M0466,2026-02-28T14:28:00
M0466,2026-02-28T15:29:00
M0466,2026-02-28T15:34:00
M0466,2026-03-02T07:13:00
M0466,2026-03-03T13:52:00
M0466,2026-03-05T09:05:00
M0466,2026-03-07T19:14:00
M0466,2026-03-11T06:19:00
M0466,2026-03-13T06:47:00
M0466,2026-03-13T17:37:00
M0466,2026-03-16T10:10:00
M0466,2026-03-16T14:57:00
M0466,2026-03-16T19:43:00
M0466,2026-03-17T13:42:00
M0466,2026-03-18T13:39:00
M0466,2026-03-23T17:02:00
M0466,2026-03-24T20:29:00
M0466,2026-03-25T13:56:00
M0466,2026-03-27T19:45:00
M0466,2026-03-28T11:15:00
M0466,2026-03-29T07:14:00
M0466,2026-03-31T07:12:00
M0466,2026-03-31T11:54:00
M0466,2026-03-31T18:23:00
M0466,2026-04-02T18:37:00
M0466,2026-04-05T10:10:00
M0466,2026-04-05T10:34:00
M0466,2026-04-06T16:41:00
M0466,2026-04-08T09:13:00
M0466,2026-04-08T16:21:00
M0466,2026-04-09T15:22:00
M0466,2026-04-09T17:07:00
M0466,2026-04-10T06:33:00
M0466,2026-04-11T11:45:00
M0466,2026-04-12T10:02:00
M0466,2026-04-12T18:21:00
M0466,2026-04-14T15:09:00
M0466,2026-04-14T16:32:00
M0466,2026-04-22T19:06:00
M0466,2026-04-26T14:20:00
M0466,2026-04-27T07:00:00
M0466,2026-04-28T16:28:00
M0466,2026-05-02T07:21:00
M0466,2026-05-05T19:40:00
M0466,2026-05-10T16:52:00
M0466,2026-05-11T17:00:00
M0466,2026-05-11T19:31:00
M0466,2026-05-12T17:28:00
M0466,2026-05-13T08:52:00
M0466,2026-05-13T15:27:00
M0466,2026-05-14T11:16:00
M0466,2026-05-14T18:55:00
M0466,2026-05-15T17:28:00
M0466,2026-05-16T11:12:00
M0466,2026-05-18T11:15:00
M0466,2026-05-19T18:35:00
M0466,2026-05-21T12:34:00
M0466,2026-05-22T19:58:00
M0466,2026-05-23T10:30:00
M0466,2026-05-26T07:51:00
M0466,2026-05-27T20:07:00
M0466,2026-05-28T17:07:00
M0466,2026-05-29T15:33:00
M0466,2026-06-04T12:09:00
M0466,2026-06-07T12:37:00
M0466,2026-06-08T10:49:00
M0466,2026-06-09T19:50:00
M0466,2026-06-11T09:05:00
M0466,2026-06-12T18:55:00
M0466,2026-06-15T14:44:00
M0466,2026-06-17T16:04:00
M0466,2026-06-18T17:22:00
M0466,2026-06-19T13:03:00
M0466,2026-06-19T17:39:00
M0466,2026-06-21T11:07:00
M0466,2026-06-21T19:36:00
M0466,2026-06-22T10:39:00
M0466,2026-06-23T17:24:00
M0466,2026-06-24T10:57:00
M0466,2026-06-25T08:15:00
M0467,2025-04-17T08:17:00
M0467,2025-04-21T10:10:00
M0467,2025-04-28T12:53:00
M0467,2025-04-30T06:24:00
M0467,2025-05-02T07:38:00
M0467,2025-05-11T20:41:00
M0467,2025-05-12T10:52:00
M0467,2025-05-23T20:12:00
M0467,2025-06-01T15:01:00
M0467,2025-06-05T09:21:00
M0467,2025-06-07T16:36:00
M0467,2025-06-09T14:30:00
M0467,2025-06-12T16:38:00
M0467,2025-06-14T09:10:00
M0467,2025-06-15T10:13:00
M0467,2025-06-15T19:23:00
M0467,2025-06-17T09:12:00
M0467,2025-06-25T07:57:00
M0467,2025-06-29T15:23:00
M0467,2025-06-29T20:26:00
M0467,2025-07-03T09:08:00
M0467,2025-07-09T08:17:00
M0467,2025-07-10T11:07:00
M0467,2025-07-11T15:14:00
M0467,2025-07-23T16:59:00
M0467,2025-07-23T18:03:00
M0467,2025-07-25T13:50:00
M0467,2025-07-25T15:31:00
M0467,2025-07-25T18:52:00
M0467,2025-07-26T14:50:00
M0467,2025-07-29T14:32:00
M0467,2025-07-30T13:54:00
M0467,2025-07-31T09:59:00
M0467,2025-08-02T13:54:00
M0467,2025-08-02T16:17:00
M0467,2025-08-05T17:24:00
M0467,2025-08-13T18:38:00
M0467,2025-08-14T11:46:00
M0467,2025-08-14T12:18:00
M0467,2025-08-17T15:27:00
M0467,2025-08-20T10:31:00
M0467,2025-08-21T06:55:00
M0467,2025-08-22T20:38:00
M0467,2025-08-25T08:33:00
M0467,2025-08-28T17:17:00
M0467,2025-08-29T10:47:00
M0467,2025-09-05T12:33:00
M0467,2025-09-08T10:00:00
M0467,2025-09-13T15:46:00
M0467,2025-09-18T08:21:00
M0467,2025-09-23T07:41:00
M0467,2025-09-24T06:55:00
M0467,2025-09-24T08:32:00
M0467,2025-09-24T12:37:00
M0467,2025-09-28T14:01:00
M0467,2025-10-03T08:07:00
M0467,2025-10-05T19:34:00
M0467,2025-10-11T17:12:00
M0467,2025-10-12T06:58:00
M0467,2025-10-12T09:36:00
M0467,2025-10-15T06:44:00
M0467,2025-10-21T18:22:00
M0467,2025-10-22T14:27:00
M0467,2025-10-23T13:56:00
M0467,2025-10-24T16:41:00
M0467,2025-10-27T08:42:00
M0467,2025-11-02T07:26:00
M0467,2025-11-15T19:27:00
M0467,2025-11-16T06:04:00
M0467,2025-11-18T15:06:00
M0467,2025-11-24T09:52:00
M0467,2025-11-24T17:59:00
M0467,2025-11-28T16:17:00
M0467,2025-12-01T18:54:00
M0467,2025-12-02T17:26:00
M0467,2025-12-09T18:23:00
M0467,2025-12-13T11:34:00
M0467,2025-12-13T19:19:00
M0467,2025-12-14T20:04:00
M0467,2025-12-16T10:41:00
M0467,2025-12-19T20:31:00
M0467,2025-12-24T11:02:00
M0467,2025-12-31T18:07:00
M0467,2026-01-01T15:29:00
M0467,2026-01-03T18:33:00
M0467,2026-01-19T10:04:00
M0467,2026-01-23T09:11:00
M0467,2026-01-28T14:20:00
M0467,2026-01-28T19:14:00
M0467,2026-01-29T12:54:00
M0467,2026-01-30T12:52:00
M0467,2026-02-03T19:56:00
M0467,2026-02-09T20:42:00
M0467,2026-02-25T09:21:00
M0467,2026-03-04T19:57:00
M0467,2026-03-13T16:36:00
M0467,2026-03-15T08:56:00
M0467,2026-03-15T18:05:00
M0467,2026-03-17T07:54:00
M0467,2026-03-17T19:44:00
M0467,2026-03-21T07:15:00
M0467,2026-03-21T08:34:00
M0467,2026-03-25T13:05:00
M0467,2026-03-26T07:01:00
M0467,2026-04-11T06:22:00
M0467,2026-04-12T14:05:00
M0467,2026-04-16T13:55:00
M0467,2026-04-19T06:45:00
M0467,2026-04-19T15:26:00
M0467,2026-04-23T12:08:00
M0467,2026-04-29T20:13:00
M0467,2026-05-05T15:16:00
M0467,2026-05-07T18:41:00
M0467,2026-05-08T15:47:00
M0467,2026-05-09T14:21:00
M0467,2026-05-10T10:12:00
M0467,2026-05-10T13:25:00
M0467,2026-05-12T06:14:00
M0467,2026-05-13T09:59:00
M0467,2026-05-14T10:25:00
M0467,2026-05-15T18:55:00
M0467,2026-05-16T08:39:00
M0467,2026-05-18T09:55:00
M0467,2026-05-18T10:20:00
M0467,2026-05-18T13:13:00
M0467,2026-05-20T09:18:00
M0467,2026-05-22T07:24:00
M0467,2026-05-24T06:17:00
M0467,2026-05-24T12:51:00
M0467,2026-06-07T08:23:00
M0467,2026-06-10T16:33:00
M0467,2026-06-10T17:41:00
M0467,2026-06-15T06:07:00
M0467,2026-06-15T16:51:00
M0467,2026-06-16T15:18:00
M0467,2026-06-16T18:00:00
M0467,2026-06-23T07:08:00
M0467,2026-06-23T13:42:00
M0467,2026-06-27T11:08:00
M0467,2026-07-04T13:46:00
M0467,2026-07-05T14:06:00
M0467,2026-07-12T10:06:00
M0468,2025-07-10T18:59:00
M0468,2025-07-12T17:23:00
M0468,2025-07-14T16:30:00
M0468,2025-07-16T10:15:00
M0468,2025-07-25T09:55:00
M0468,2025-07-25T11:47:00
M0468,2025-07-31T08:09:00
M0468,2025-08-01T12:47:00
M0468,2025-08-11T10:29:00
M0468,2025-08-11T14:56:00
M0468,2025-08-16T06:03:00
M0468,2025-08-19T20:25:00
M0468,2025-08-24T13:19:00
M0468,2025-08-24T20:58:00
M0468,2025-08-26T15:00:00
M0468,2025-08-26T20:57:00
M0468,2025-08-27T16:09:00
M0468,2025-08-30T07:38:00
M0468,2025-09-03T11:06:00
M0468,2025-09-04T11:35:00
M0468,2025-09-05T07:34:00
M0468,2025-09-12T06:03:00
M0468,2025-09-12T14:38:00
M0468,2025-09-14T19:58:00
M0468,2025-09-16T12:21:00
M0468,2025-09-16T19:23:00
M0468,2025-09-19T12:36:00
M0468,2025-09-20T06:35:00
M0468,2025-09-26T10:42:00
M0468,2025-09-26T15:54:00
M0468,2025-10-10T20:24:00
M0468,2025-10-18T11:23:00
M0468,2025-10-19T19:29:00
M0468,2025-10-20T17:57:00
M0468,2025-10-25T20:56:00
M0468,2025-10-28T07:10:00
M0468,2025-10-29T07:48:00
M0468,2025-10-30T10:01:00
M0468,2025-11-03T11:08:00
M0468,2025-11-12T11:01:00
M0468,2025-11-13T15:01:00
M0468,2025-11-14T06:40:00
M0468,2025-11-19T08:47:00
M0468,2025-11-19T13:08:00
M0468,2025-11-21T08:01:00
M0468,2025-11-22T12:10:00
M0468,2025-11-23T17:51:00
M0468,2025-11-30T10:14:00
M0468,2025-12-02T08:02:00
M0468,2025-12-03T14:59:00
M0468,2025-12-05T08:11:00
M0468,2025-12-10T16:38:00
M0468,2025-12-11T10:55:00
M0468,2025-12-13T13:46:00
M0468,2025-12-14T13:13:00
M0468,2025-12-14T16:23:00
M0468,2025-12-18T09:02:00
M0468,2025-12-19T07:42:00
M0468,2025-12-22T09:28:00
M0468,2025-12-24T16:13:00
M0468,2025-12-25T11:31:00
M0468,2025-12-26T15:31:00
M0468,2025-12-27T17:04:00
M0468,2025-12-28T13:29:00
M0468,2025-12-28T20:54:00
M0468,2025-12-29T17:29:00
M0468,2026-01-08T11:34:00
M0468,2026-01-11T11:13:00
M0468,2026-01-12T11:58:00
M0468,2026-01-12T19:55:00
M0468,2026-01-16T19:15:00
M0468,2026-01-19T17:39:00
M0468,2026-01-20T11:20:00
M0468,2026-01-21T10:15:00
M0468,2026-01-23T09:26:00
M0468,2026-01-23T10:06:00
M0468,2026-01-25T11:07:00
M0468,2026-01-25T13:08:00
M0468,2026-01-30T09:00:00
M0468,2026-02-01T14:18:00
M0468,2026-02-01T18:25:00
M0468,2026-02-09T06:27:00
M0468,2026-02-10T10:41:00
M0468,2026-02-11T20:19:00
M0468,2026-02-27T17:09:00
M0468,2026-02-27T17:51:00
M0468,2026-03-09T06:36:00
M0468,2026-03-10T16:24:00
M0468,2026-03-15T09:15:00
M0468,2026-03-16T06:06:00
M0468,2026-03-16T13:36:00
M0468,2026-03-17T13:21:00
M0468,2026-03-20T11:01:00
M0468,2026-03-20T11:17:00
M0468,2026-03-22T11:33:00
M0468,2026-03-22T14:00:00
M0468,2026-03-24T12:12:00
M0468,2026-03-27T06:40:00
M0468,2026-03-27T20:45:00
M0468,2026-03-29T12:22:00
M0468,2026-03-30T16:11:00
M0468,2026-04-02T13:02:00
M0468,2026-04-08T15:35:00
M0468,2026-04-10T13:26:00
M0468,2026-04-13T14:56:00
M0468,2026-04-14T19:58:00
M0468,2026-04-17T19:25:00
M0468,2026-04-19T09:58:00
M0468,2026-04-22T19:33:00
M0468,2026-04-23T10:19:00
M0468,2026-04-24T06:22:00
M0468,2026-04-29T08:29:00
M0468,2026-05-01T11:16:00
M0468,2026-05-06T07:58:00
M0468,2026-05-07T16:12:00
M0468,2026-05-08T06:09:00
M0468,2026-05-08T08:56:00
M0468,2026-05-09T14:14:00
M0468,2026-05-09T15:15:00
M0468,2026-05-10T11:01:00
M0468,2026-05-11T13:43:00
M0468,2026-05-13T07:01:00
M0468,2026-05-13T16:40:00
M0468,2026-05-15T11:19:00
M0468,2026-05-19T15:33:00
M0468,2026-05-19T18:40:00
M0468,2026-05-22T12:01:00
M0468,2026-05-28T06:39:00
M0468,2026-05-29T16:37:00
M0468,2026-05-30T11:12:00
M0468,2026-05-30T12:55:00
M0468,2026-06-04T10:38:00
M0468,2026-06-06T20:59:00
M0468,2026-06-10T12:24:00
M0468,2026-06-16T06:23:00
M0468,2026-06-20T09:54:00
M0468,2026-06-22T11:31:00
M0468,2026-06-26T11:21:00
M0468,2026-06-27T08:51:00
M0468,2026-06-29T10:12:00
M0468,2026-06-29T15:02:00
M0468,2026-07-02T09:05:00
M0468,2026-07-05T16:50:00
M0469,2025-05-16T20:02:00
M0469,2025-05-17T14:31:00
M0469,2025-05-19T09:59:00
M0469,2025-05-19T17:31:00
M0469,2025-05-21T20:35:00
M0469,2025-05-23T19:36:00
M0469,2025-05-29T14:38:00
M0469,2025-05-29T19:33:00
M0469,2025-06-04T12:35:00
M0469,2025-06-06T17:59:00
M0469,2025-06-12T20:28:00
M0469,2025-06-16T14:42:00
M0469,2025-06-16T19:24:00
M0469,2025-06-17T10:59:00
M0469,2025-06-20T12:20:00
M0469,2025-06-20T15:34:00
M0469,2025-06-21T09:57:00
M0469,2025-06-21T19:12:00
M0469,2025-06-27T11:19:00
M0469,2025-06-28T13:08:00
M0469,2025-06-28T15:14:00
M0469,2025-07-01T07:42:00
M0469,2025-07-02T06:06:00
M0469,2025-07-03T10:38:00
M0469,2025-07-03T20:17:00
M0469,2025-07-06T12:39:00
M0469,2025-07-08T15:33:00
M0469,2025-07-12T14:56:00
M0469,2025-07-13T09:37:00
M0469,2025-07-13T13:42:00
M0469,2025-07-13T19:13:00
M0469,2025-07-18T07:52:00
M0469,2025-07-20T17:33:00
M0469,2025-07-20T18:14:00
M0469,2025-07-24T13:11:00
M0469,2025-07-30T20:23:00
M0469,2025-08-01T06:13:00
M0469,2025-08-02T19:14:00
M0469,2025-08-04T08:55:00
M0469,2025-08-05T10:36:00
M0469,2025-08-08T08:00:00
M0469,2025-08-08T20:46:00
M0469,2025-08-12T08:24:00
M0469,2025-08-13T14:57:00
M0469,2025-08-14T12:03:00
M0469,2025-08-16T14:22:00
M0469,2025-08-17T11:03:00
M0469,2025-08-17T17:23:00
M0469,2025-08-21T07:31:00
M0469,2025-08-24T07:40:00
M0469,2025-08-25T19:43:00
M0469,2025-08-26T07:52:00
M0469,2025-08-27T20:57:00
M0469,2025-09-01T20:55:00
M0469,2025-09-05T10:10:00
M0469,2025-09-13T10:19:00
M0469,2025-09-13T12:31:00
M0469,2025-09-15T18:26:00
M0469,2025-09-15T18:45:00
M0469,2025-09-19T19:16:00
M0469,2025-10-01T18:44:00
M0469,2025-10-03T07:01:00
M0469,2025-10-07T06:03:00
M0469,2025-10-08T20:11:00
M0469,2025-10-12T15:06:00
M0469,2025-10-15T19:25:00
M0469,2025-10-18T20:20:00
M0469,2025-10-29T15:30:00
M0469,2025-11-01T13:21:00
M0469,2025-11-02T08:23:00
M0469,2025-11-02T19:33:00
M0469,2025-11-04T11:25:00
M0469,2025-11-10T13:48:00
M0469,2025-11-12T09:05:00
M0469,2025-11-14T11:49:00
M0469,2025-11-18T20:04:00
M0469,2025-11-22T13:11:00
M0469,2025-11-30T12:22:00
M0469,2025-12-06T13:12:00
M0469,2025-12-07T09:54:00
M0469,2025-12-08T09:57:00
M0469,2025-12-14T14:35:00
M0469,2025-12-16T07:39:00
M0469,2025-12-19T06:48:00
M0469,2025-12-19T20:01:00
M0469,2025-12-19T20:50:00
M0469,2025-12-20T10:11:00
M0469,2025-12-25T19:48:00
M0469,2025-12-26T18:08:00
M0469,2025-12-28T16:37:00
M0469,2025-12-28T18:30:00
M0469,2025-12-29T13:24:00
M0469,2025-12-29T20:08:00
M0469,2026-01-01T06:24:00
M0469,2026-01-03T17:32:00
M0469,2026-01-04T07:06:00
M0469,2026-01-06T13:18:00
M0469,2026-01-11T14:18:00
M0469,2026-01-17T07:30:00
M0469,2026-01-23T16:47:00
M0469,2026-01-26T10:49:00
M0469,2026-01-28T08:04:00
M0469,2026-01-28T08:50:00
M0469,2026-01-28T15:16:00
M0469,2026-02-01T19:30:00
M0469,2026-02-03T17:36:00
M0469,2026-02-06T12:04:00
M0469,2026-02-07T12:30:00
M0469,2026-02-08T18:37:00
M0469,2026-02-11T12:33:00
M0469,2026-02-12T16:05:00
M0469,2026-02-25T19:32:00
M0469,2026-02-27T16:09:00
M0469,2026-03-01T11:41:00
M0469,2026-03-02T19:15:00
M0469,2026-03-03T10:05:00
M0469,2026-03-03T15:41:00
M0469,2026-03-04T14:44:00
M0469,2026-03-04T17:57:00
M0469,2026-03-05T08:28:00
M0469,2026-03-05T11:00:00
M0469,2026-03-14T20:02:00
M0469,2026-03-17T13:15:00
M0469,2026-03-17T20:33:00
M0469,2026-03-19T18:13:00
M0469,2026-03-23T06:14:00
M0469,2026-03-26T20:32:00
M0469,2026-03-27T10:39:00
M0469,2026-03-28T17:17:00
M0469,2026-03-30T16:42:00
M0469,2026-03-31T14:23:00
M0469,2026-04-01T08:31:00
M0469,2026-04-02T08:58:00
M0469,2026-04-04T10:19:00
M0469,2026-04-11T18:42:00
M0469,2026-04-12T12:16:00
M0469,2026-04-12T19:24:00
M0469,2026-04-13T10:36:00
M0469,2026-04-13T19:21:00
M0469,2026-04-17T07:00:00
M0469,2026-04-17T18:23:00
M0469,2026-04-21T07:15:00
M0469,2026-04-25T19:10:00
M0469,2026-04-29T07:55:00
M0469,2026-05-06T14:05:00
M0469,2026-05-10T20:48:00
M0469,2026-05-12T07:10:00
M0469,2026-05-12T11:34:00
M0469,2026-05-16T12:51:00
M0469,2026-05-25T12:02:00
M0469,2026-05-27T14:33:00
M0469,2026-06-09T16:35:00
M0469,2026-06-13T09:09:00
M0469,2026-06-13T11:06:00
M0469,2026-06-19T09:42:00
M0469,2026-06-20T08:20:00
M0469,2026-06-23T11:45:00
M0469,2026-06-24T10:36:00
M0470,2025-06-29T10:11:00
M0470,2025-07-02T06:54:00
M0470,2025-07-02T09:03:00
M0470,2025-07-03T07:18:00
M0470,2025-07-05T08:17:00
M0470,2025-07-05T16:13:00
M0470,2025-07-07T13:22:00
M0470,2025-07-22T16:17:00
M0470,2025-07-23T10:45:00
M0470,2025-07-26T18:23:00
M0470,2025-08-02T16:07:00
M0470,2025-08-03T07:26:00
M0470,2025-08-06T18:14:00
M0470,2025-08-09T16:12:00
M0470,2025-08-19T17:16:00
M0470,2025-08-23T14:29:00
M0470,2025-08-26T17:36:00
M0470,2025-08-27T11:28:00
M0470,2025-08-28T07:53:00
M0470,2025-08-31T12:25:00
M0470,2025-09-06T11:21:00
M0470,2025-09-07T18:28:00
M0470,2025-09-12T16:59:00
M0470,2025-09-15T18:35:00
M0470,2025-10-01T10:09:00
M0470,2025-10-05T18:13:00
M0470,2025-10-08T06:57:00
M0470,2025-10-12T13:55:00
M0470,2025-10-19T10:30:00
M0470,2025-10-20T15:50:00
M0470,2025-10-20T19:43:00
M0470,2025-10-25T08:56:00
M0470,2025-10-31T18:18:00
M0470,2025-11-04T09:06:00
M0470,2025-11-04T20:52:00
M0470,2025-11-05T10:50:00
M0470,2025-11-06T12:45:00
M0470,2025-11-08T11:05:00
M0470,2025-11-09T14:42:00
M0470,2025-11-16T18:21:00
M0470,2025-11-23T14:20:00
M0470,2025-11-25T19:00:00
M0470,2025-11-28T09:33:00
M0470,2025-11-30T16:42:00
M0470,2025-12-05T18:51:00
M0470,2025-12-07T19:40:00
M0470,2025-12-08T06:49:00
M0470,2025-12-10T17:06:00
M0470,2025-12-10T18:39:00
M0470,2025-12-11T10:49:00
M0470,2025-12-12T15:37:00
M0470,2025-12-17T11:47:00
M0470,2025-12-18T13:37:00
M0470,2025-12-18T17:05:00
M0470,2025-12-18T18:37:00
M0470,2025-12-22T07:06:00
M0470,2025-12-28T19:42:00
M0470,2025-12-31T20:16:00
M0470,2026-01-01T13:33:00
M0470,2026-01-01T20:31:00
M0470,2026-01-02T07:21:00
M0470,2026-01-09T15:59:00
M0470,2026-01-23T07:27:00
M0470,2026-01-28T13:03:00
M0470,2026-01-28T20:20:00
M0470,2026-01-31T13:04:00
M0470,2026-02-06T15:33:00
M0470,2026-02-11T12:31:00
M0470,2026-02-19T11:07:00
M0470,2026-02-21T19:34:00
M0470,2026-02-27T12:35:00
M0470,2026-03-02T06:12:00
M0470,2026-03-05T20:53:00
M0470,2026-03-10T08:41:00
M0470,2026-03-12T10:51:00
M0470,2026-03-12T11:29:00
M0470,2026-03-15T07:55:00
M0470,2026-03-21T11:58:00
M0470,2026-03-22T12:32:00
M0470,2026-03-22T16:23:00
M0470,2026-03-24T20:44:00
M0470,2026-03-31T07:06:00
M0470,2026-04-04T15:35:00
M0470,2026-04-09T14:41:00
M0470,2026-04-12T07:24:00
M0470,2026-04-17T18:49:00
M0470,2026-04-23T13:12:00
M0470,2026-04-25T13:54:00
M0470,2026-04-26T17:16:00
M0470,2026-04-28T14:03:00
M0470,2026-04-30T18:20:00
M0470,2026-05-05T13:42:00
M0470,2026-05-07T20:25:00
M0470,2026-05-09T12:28:00
M0470,2026-05-10T08:12:00
M0470,2026-05-10T17:24:00
M0470,2026-05-10T18:12:00
M0470,2026-05-14T11:18:00
M0470,2026-05-23T17:18:00
M0471,2025-04-30T07:27:00
M0471,2025-05-02T13:01:00
M0471,2025-05-05T15:52:00
M0471,2025-05-06T20:40:00
M0471,2025-05-07T16:09:00
M0471,2025-05-08T14:48:00
M0471,2025-05-08T17:17:00
M0471,2025-05-11T10:22:00
M0471,2025-05-12T06:11:00
M0471,2025-05-15T06:12:00
M0471,2025-05-16T06:36:00
M0471,2025-05-16T17:29:00
M0471,2025-05-17T18:59:00
M0471,2025-05-17T19:03:00
M0471,2025-05-18T07:57:00
M0471,2025-05-18T15:43:00
M0471,2025-05-29T13:27:00
M0471,2025-05-29T17:58:00
M0471,2025-05-30T18:36:00
M0471,2025-05-31T08:57:00
M0471,2025-05-31T19:44:00
M0471,2025-06-01T08:09:00
M0471,2025-06-03T17:22:00
M0471,2025-06-04T17:36:00
M0471,2025-06-05T07:54:00
M0471,2025-06-08T19:23:00
M0471,2025-06-12T08:45:00
M0471,2025-06-18T12:25:00
M0471,2025-06-21T08:28:00
M0471,2025-06-21T11:17:00
M0471,2025-06-22T16:00:00
M0471,2025-06-24T08:51:00
M0471,2025-06-27T15:31:00
M0471,2025-07-03T06:15:00
M0471,2025-07-03T13:49:00
M0471,2025-07-04T11:50:00
M0471,2025-07-05T11:42:00
M0471,2025-07-08T17:57:00
M0471,2025-07-09T14:49:00
M0471,2025-07-14T14:13:00
M0471,2025-07-16T10:37:00
M0471,2025-07-16T17:25:00
M0471,2025-07-16T19:28:00
M0471,2025-07-20T10:33:00
M0471,2025-07-20T19:08:00
M0471,2025-07-28T12:31:00
M0471,2025-07-31T13:44:00
M0471,2025-07-31T13:46:00
M0471,2025-07-31T15:19:00
M0471,2025-08-02T20:55:00
M0471,2025-08-03T18:05:00
M0471,2025-08-03T20:04:00
M0471,2025-08-06T06:17:00
M0471,2025-08-07T06:10:00
M0471,2025-08-10T14:49:00
M0471,2025-08-11T17:33:00
M0471,2025-08-12T20:28:00
M0471,2025-08-13T18:35:00
M0471,2025-08-14T09:37:00
M0471,2025-08-16T15:58:00
M0471,2025-08-17T14:45:00
M0471,2025-08-19T18:31:00
M0471,2025-08-21T10:18:00
M0471,2025-08-23T13:02:00
M0471,2025-08-25T08:57:00
M0471,2025-08-25T10:43:00
M0471,2025-08-26T07:20:00
M0471,2025-08-28T07:02:00
M0471,2025-09-04T15:36:00
M0471,2025-09-11T18:09:00
M0471,2025-09-17T06:57:00
M0471,2025-09-18T12:30:00
M0471,2025-09-21T08:46:00
M0471,2025-09-22T19:16:00
M0471,2025-09-23T06:02:00
M0471,2025-09-24T14:03:00
M0471,2025-09-25T06:58:00
M0471,2025-09-25T07:44:00
M0471,2025-09-25T13:01:00
M0471,2025-09-25T18:17:00
M0471,2025-09-26T19:49:00
M0471,2025-09-29T17:16:00
M0471,2025-09-30T14:54:00
M0471,2025-09-30T15:32:00
M0471,2025-10-01T20:21:00
M0471,2025-10-04T07:19:00
M0471,2025-10-05T16:13:00
M0471,2025-10-07T14:50:00
M0471,2025-10-08T18:55:00
M0471,2025-10-13T10:22:00
M0471,2025-10-18T16:22:00
M0471,2025-10-19T18:45:00
M0471,2025-10-20T20:38:00
M0471,2025-10-21T14:08:00
M0471,2025-10-25T10:32:00
M0471,2025-10-25T14:23:00
M0471,2025-10-26T07:38:00
M0471,2025-10-26T16:44:00
M0471,2025-11-02T20:09:00
M0471,2025-11-03T13:16:00
M0471,2025-11-04T10:26:00
M0471,2025-11-05T20:44:00
M0471,2025-11-06T09:10:00
M0471,2025-11-07T06:19:00
M0471,2025-11-07T08:52:00
M0471,2025-11-08T10:29:00
M0471,2025-11-11T14:25:00
M0471,2025-11-13T12:23:00
M0471,2025-11-14T20:03:00
M0471,2025-11-16T20:51:00
M0471,2025-11-18T13:18:00
M0471,2025-11-18T17:44:00
M0471,2025-11-18T19:34:00
M0471,2025-11-19T07:27:00
M0471,2025-11-19T20:09:00
M0471,2025-11-21T11:01:00
M0471,2025-11-22T12:50:00
M0471,2025-11-24T06:51:00
M0471,2025-11-26T08:51:00
M0471,2025-11-29T12:11:00
M0471,2025-11-30T07:06:00
M0471,2025-11-30T16:58:00
M0471,2025-11-30T19:25:00
M0471,2025-12-01T07:01:00
M0471,2025-12-01T10:45:00
M0471,2025-12-01T12:03:00
M0471,2025-12-02T07:53:00
M0471,2025-12-06T08:46:00
M0471,2025-12-06T14:17:00
M0471,2025-12-08T08:05:00
M0471,2025-12-08T08:26:00
M0471,2025-12-10T08:03:00
M0471,2025-12-13T09:04:00
M0471,2025-12-14T08:17:00
M0471,2025-12-16T06:58:00
M0471,2025-12-16T10:04:00
M0471,2025-12-19T06:42:00
M0471,2025-12-19T09:11:00
M0471,2025-12-19T18:27:00
M0471,2025-12-20T10:09:00
M0471,2025-12-21T11:47:00
M0471,2025-12-23T14:44:00
M0471,2025-12-27T08:49:00
M0471,2025-12-28T18:25:00
M0471,2025-12-29T07:45:00
M0471,2026-01-02T18:48:00
M0471,2026-01-08T18:31:00
M0471,2026-01-10T20:50:00
M0471,2026-01-12T09:04:00
M0471,2026-01-18T13:02:00
M0471,2026-01-18T19:35:00
M0471,2026-01-22T06:13:00
M0471,2026-01-23T10:24:00
M0471,2026-01-24T10:59:00
M0471,2026-01-24T20:03:00
M0471,2026-01-30T17:22:00
M0471,2026-01-31T07:36:00
M0471,2026-02-04T07:17:00
M0471,2026-02-04T10:09:00
M0471,2026-02-05T10:44:00
M0471,2026-02-05T19:40:00
M0471,2026-02-07T16:30:00
M0471,2026-02-08T07:42:00
M0471,2026-02-11T13:41:00
M0471,2026-02-15T18:04:00
M0471,2026-02-16T12:52:00
M0471,2026-02-17T09:27:00
M0471,2026-02-19T13:07:00
M0471,2026-02-20T15:08:00
M0471,2026-02-21T06:12:00
M0471,2026-02-22T18:14:00
M0471,2026-02-24T15:00:00
M0471,2026-02-24T15:18:00
M0471,2026-03-02T10:09:00
M0471,2026-03-03T17:14:00
M0471,2026-03-06T13:03:00
M0471,2026-03-07T16:57:00
M0471,2026-03-20T16:42:00
M0471,2026-03-22T08:08:00
M0471,2026-03-24T08:20:00
M0471,2026-03-27T06:50:00
M0471,2026-03-28T17:56:00
M0471,2026-03-30T13:51:00
M0471,2026-03-31T18:06:00
M0471,2026-04-01T10:54:00
M0471,2026-04-05T11:52:00
M0471,2026-04-05T20:45:00
M0471,2026-04-09T10:07:00
M0471,2026-04-10T09:40:00
M0471,2026-04-10T18:53:00
M0471,2026-04-17T12:19:00
M0471,2026-04-18T20:25:00
M0471,2026-04-20T17:44:00
M0472,2026-01-10T11:59:00
M0472,2026-01-19T11:40:00
M0472,2026-01-19T15:17:00
M0472,2026-01-20T13:20:00
M0472,2026-01-20T15:45:00
M0472,2026-01-26T10:24:00
M0472,2026-01-26T12:59:00
M0472,2026-01-26T13:22:00
M0472,2026-01-26T18:16:00
M0472,2026-01-28T12:31:00
M0472,2026-01-31T10:44:00
M0472,2026-02-03T17:05:00
M0472,2026-02-10T07:25:00
M0472,2026-02-17T18:50:00
M0472,2026-02-18T10:58:00
M0472,2026-02-20T09:10:00
M0472,2026-02-22T18:09:00
M0472,2026-02-28T07:27:00
M0472,2026-03-04T10:47:00
M0472,2026-03-06T10:25:00
M0472,2026-03-07T19:43:00
M0472,2026-03-08T09:44:00
M0472,2026-03-08T17:18:00
M0472,2026-03-11T16:08:00
M0472,2026-03-13T06:01:00
M0472,2026-03-13T19:03:00
M0472,2026-03-14T11:39:00
M0472,2026-03-15T15:32:00
M0472,2026-03-20T18:39:00
M0472,2026-03-22T19:32:00
M0472,2026-03-29T07:48:00
M0472,2026-03-31T09:27:00
M0472,2026-04-05T12:37:00
M0472,2026-04-10T11:38:00
M0472,2026-04-15T07:34:00
M0472,2026-04-25T13:26:00
M0472,2026-04-26T09:39:00
M0472,2026-05-01T06:20:00
M0472,2026-05-04T15:48:00
M0472,2026-05-11T14:13:00
M0472,2026-05-14T10:05:00
M0472,2026-05-15T14:03:00
M0472,2026-05-18T11:02:00
M0472,2026-06-02T11:03:00
M0472,2026-06-03T20:13:00
M0472,2026-06-07T07:13:00
M0472,2026-06-07T10:57:00
M0472,2026-06-08T10:02:00
M0472,2026-06-13T17:44:00
M0472,2026-06-20T17:09:00
M0472,2026-06-23T20:19:00
M0472,2026-07-29T19:02:00
M0473,2025-12-14T07:38:00
M0473,2025-12-16T15:54:00
M0473,2025-12-17T11:36:00
M0473,2025-12-17T13:07:00
M0473,2025-12-18T08:58:00
M0473,2025-12-20T12:51:00
M0473,2025-12-21T20:51:00
M0473,2025-12-22T12:21:00
M0473,2025-12-26T07:34:00
M0473,2025-12-26T07:41:00
M0473,2025-12-26T16:15:00
M0473,2025-12-27T08:35:00
M0473,2025-12-29T18:00:00
M0473,2026-01-03T14:12:00
M0473,2026-01-03T17:22:00
M0473,2026-01-09T13:37:00
M0473,2026-01-11T10:52:00
M0473,2026-01-12T07:56:00
M0473,2026-01-14T17:39:00
M0473,2026-01-16T10:53:00
M0473,2026-01-17T19:04:00
M0473,2026-01-21T12:21:00
M0473,2026-01-29T07:06:00
M0473,2026-01-29T14:07:00
M0473,2026-01-29T19:18:00
M0473,2026-01-30T11:13:00
M0473,2026-01-30T13:15:00
M0473,2026-01-31T12:07:00
M0473,2026-02-02T06:11:00
M0473,2026-02-02T14:31:00
M0473,2026-02-07T16:06:00
M0473,2026-02-08T11:02:00
M0473,2026-02-08T16:37:00
M0473,2026-02-09T09:05:00
M0473,2026-02-10T12:59:00
M0473,2026-02-10T19:48:00
M0473,2026-02-12T09:23:00
M0473,2026-02-14T07:12:00
M0473,2026-02-19T19:51:00
M0473,2026-02-21T10:45:00
M0473,2026-02-25T12:08:00
M0473,2026-02-25T12:24:00
M0473,2026-02-26T07:46:00
M0473,2026-02-26T08:19:00
M0473,2026-02-26T15:07:00
M0473,2026-02-27T11:14:00
M0473,2026-02-28T20:44:00
M0473,2026-03-01T06:48:00
M0473,2026-03-02T06:04:00
M0473,2026-03-03T10:55:00
M0473,2026-03-05T10:26:00
M0473,2026-03-05T12:11:00
M0473,2026-03-07T06:21:00
M0473,2026-03-11T07:44:00
M0473,2026-03-13T06:30:00
M0473,2026-03-14T12:58:00
M0473,2026-03-15T09:39:00
M0473,2026-03-15T20:28:00
M0473,2026-03-17T14:18:00
M0473,2026-03-18T14:17:00
M0473,2026-03-21T11:15:00
M0473,2026-03-21T17:15:00
M0473,2026-03-21T19:43:00
M0473,2026-03-22T07:55:00
M0473,2026-03-22T14:06:00
M0473,2026-03-23T11:07:00
M0473,2026-03-23T20:39:00
M0473,2026-03-27T13:42:00
M0473,2026-03-29T10:32:00
M0473,2026-03-29T12:23:00
M0473,2026-03-31T06:43:00
M0473,2026-03-31T08:21:00
M0473,2026-04-03T08:12:00
M0473,2026-04-06T14:47:00
M0473,2026-04-07T13:39:00
M0473,2026-04-08T09:32:00
M0473,2026-04-08T11:49:00
M0473,2026-04-09T18:24:00
M0473,2026-04-10T13:51:00
M0473,2026-04-10T20:21:00
M0473,2026-04-11T06:44:00
M0473,2026-04-20T19:08:00
M0473,2026-04-22T15:03:00
M0473,2026-04-25T18:38:00
M0473,2026-04-27T09:06:00
M0473,2026-04-27T12:25:00
M0473,2026-04-27T18:15:00
M0473,2026-04-28T10:43:00
M0473,2026-04-29T14:20:00
M0473,2026-05-02T17:33:00
M0473,2026-05-04T09:13:00
M0473,2026-05-06T12:47:00
M0473,2026-05-08T07:42:00
M0473,2026-05-08T08:05:00
M0473,2026-05-10T10:31:00
M0473,2026-05-12T15:29:00
M0473,2026-05-16T14:52:00
M0473,2026-05-16T15:16:00
M0473,2026-05-16T20:28:00
M0473,2026-05-16T20:39:00
M0473,2026-05-17T09:54:00
M0473,2026-05-20T11:38:00
M0473,2026-05-20T18:09:00
M0473,2026-05-21T14:56:00
M0473,2026-05-21T18:47:00
M0473,2026-05-22T10:03:00
M0473,2026-05-24T17:39:00
M0473,2026-05-24T20:26:00
M0473,2026-05-26T07:49:00
M0473,2026-05-28T18:24:00
M0473,2026-05-29T12:17:00
M0473,2026-05-30T14:42:00
M0473,2026-06-01T10:19:00
M0473,2026-06-01T13:58:00
M0473,2026-06-06T11:31:00
M0473,2026-06-09T07:13:00
M0473,2026-06-09T19:37:00
M0473,2026-06-09T20:10:00
M0473,2026-06-11T08:17:00
M0473,2026-06-11T17:18:00
M0473,2026-06-13T09:56:00
M0473,2026-06-14T09:48:00
M0473,2026-06-14T18:02:00
M0473,2026-06-15T14:33:00
M0473,2026-06-23T09:37:00
M0473,2026-06-25T09:42:00
M0473,2026-06-25T15:24:00
M0473,2026-06-25T19:59:00
M0473,2026-06-26T12:44:00
M0473,2026-06-26T15:08:00
M0473,2026-06-27T09:39:00
M0473,2026-06-27T14:45:00
M0473,2026-06-27T19:27:00
M0474,2025-03-15T16:45:00
M0474,2025-03-16T11:26:00
M0474,2025-03-25T16:07:00
M0474,2025-03-29T16:53:00
M0474,2025-03-30T06:55:00
M0474,2025-04-04T08:30:00
M0474,2025-04-04T12:32:00
M0474,2025-04-06T12:23:00
M0474,2025-04-09T20:33:00
M0474,2025-04-11T19:38:00
M0474,2025-04-14T19:40:00
M0474,2025-04-15T15:41:00
M0474,2025-04-17T10:20:00
M0474,2025-04-21T15:46:00
M0474,2025-04-22T13:31:00
M0474,2025-04-23T14:53:00
M0474,2025-04-26T11:38:00
M0474,2025-04-28T16:07:00
M0474,2025-05-02T17:37:00
M0474,2025-05-07T07:53:00
M0474,2025-05-14T10:43:00
M0474,2025-05-15T13:10:00
M0474,2025-05-16T07:07:00
M0474,2025-05-16T14:18:00
M0474,2025-05-17T09:25:00
M0474,2025-05-17T18:07:00
M0474,2025-05-18T10:02:00
M0474,2025-05-25T10:28:00
M0474,2025-05-25T17:00:00
M0474,2025-05-30T08:12:00
M0474,2025-06-02T16:37:00
M0474,2025-06-04T14:54:00
M0474,2025-06-05T16:09:00
M0474,2025-06-08T12:07:00
M0474,2025-06-13T08:43:00
M0474,2025-06-14T10:58:00
M0474,2025-06-14T14:16:00
M0474,2025-06-16T16:51:00
M0474,2025-06-21T08:28:00
M0474,2025-06-25T11:20:00
M0474,2025-06-27T19:01:00
M0474,2025-06-27T20:05:00
M0474,2025-07-01T20:34:00
M0474,2025-07-06T20:38:00
M0474,2025-07-08T07:40:00
M0474,2025-07-11T11:07:00
M0474,2025-07-16T18:58:00
M0474,2025-07-19T20:19:00
M0474,2025-07-20T16:30:00
M0474,2025-07-23T12:48:00
M0474,2025-07-24T11:07:00
M0474,2025-07-26T17:14:00
M0474,2025-07-27T13:59:00
M0474,2025-08-10T14:13:00
M0474,2025-08-10T18:30:00
M0474,2025-08-11T10:29:00
M0474,2025-08-11T17:10:00
M0474,2025-08-12T19:29:00
M0474,2025-08-17T07:41:00
M0474,2025-08-18T12:50:00
M0474,2025-08-19T19:23:00
M0474,2025-08-22T07:49:00
M0474,2025-08-22T08:07:00
M0474,2025-08-23T08:00:00
M0474,2025-08-23T08:23:00
M0474,2025-08-26T18:59:00
M0474,2025-08-27T07:39:00
M0474,2025-08-28T15:42:00
M0474,2025-08-29T16:42:00
M0474,2025-08-31T19:57:00
M0474,2025-09-02T17:16:00
M0474,2025-09-06T12:40:00
M0474,2025-09-08T11:23:00
M0474,2025-09-10T08:16:00
M0474,2025-09-12T15:29:00
M0474,2025-10-06T18:59:00
M0474,2025-10-07T09:52:00
M0474,2025-10-10T16:39:00
M0474,2025-10-12T11:38:00
M0474,2025-10-17T18:33:00
M0474,2025-10-22T08:54:00
M0474,2025-10-22T18:59:00
M0474,2025-10-28T15:09:00
M0474,2025-10-31T13:30:00
M0474,2025-11-05T16:37:00
M0474,2025-11-09T06:11:00
M0474,2025-11-09T14:18:00
M0474,2025-11-12T14:51:00
M0474,2025-11-19T20:20:00
M0474,2025-11-23T10:08:00
M0474,2025-11-25T19:02:00
M0474,2025-11-26T10:46:00
M0474,2025-12-02T15:32:00
M0474,2025-12-04T20:11:00
M0474,2025-12-05T17:57:00
M0474,2025-12-06T17:56:00
M0474,2025-12-07T15:07:00
M0474,2025-12-07T18:55:00
M0474,2025-12-11T09:15:00
M0474,2025-12-13T15:25:00
M0474,2025-12-16T08:13:00
M0474,2025-12-18T06:54:00
M0474,2025-12-20T11:43:00
M0474,2025-12-20T12:47:00
M0474,2025-12-21T16:15:00
M0474,2025-12-22T06:40:00
M0474,2025-12-22T13:05:00
M0474,2026-01-02T19:47:00
M0474,2026-01-07T11:56:00
M0474,2026-01-15T09:08:00
M0474,2026-01-18T13:50:00
M0474,2026-01-22T19:26:00
M0474,2026-01-23T20:23:00
M0474,2026-01-24T19:07:00
M0474,2026-01-27T07:56:00
M0474,2026-01-28T17:27:00
M0474,2026-01-31T19:53:00
M0474,2026-02-05T10:50:00
M0474,2026-02-06T17:24:00
M0474,2026-02-10T12:25:00
M0474,2026-02-10T13:18:00
M0474,2026-02-10T16:01:00
M0474,2026-02-10T19:33:00
M0474,2026-02-15T13:03:00
M0474,2026-02-16T08:24:00
M0474,2026-02-19T11:59:00
M0474,2026-02-19T16:45:00
M0474,2026-02-21T14:29:00
M0474,2026-02-22T07:43:00
M0474,2026-02-23T11:14:00
M0474,2026-02-27T10:58:00
M0474,2026-03-07T14:26:00
M0474,2026-03-08T07:34:00
M0474,2026-03-10T08:32:00
M0474,2026-03-11T14:20:00
M0474,2026-03-26T08:29:00
M0474,2026-03-26T17:07:00
M0474,2026-03-27T16:30:00
M0474,2026-04-01T20:26:00
M0474,2026-04-06T06:15:00
M0474,2026-04-08T07:00:00
M0474,2026-04-17T18:35:00
M0474,2026-04-19T11:55:00
M0475,2026-01-26T11:00:00
M0475,2026-01-27T06:27:00
M0475,2026-01-30T06:38:00
M0475,2026-01-31T18:44:00
M0475,2026-02-02T16:16:00
M0475,2026-02-03T16:04:00
M0475,2026-02-07T11:54:00
M0475,2026-02-09T09:51:00
M0475,2026-02-09T12:06:00
M0475,2026-02-12T08:43:00
M0475,2026-02-16T08:53:00
M0475,2026-02-16T16:01:00
M0475,2026-02-20T08:28:00
M0475,2026-02-20T11:40:00
M0475,2026-02-25T18:43:00
M0475,2026-02-26T08:03:00
M0475,2026-02-28T11:35:00
M0475,2026-03-14T07:14:00
M0475,2026-03-21T07:49:00
M0475,2026-03-21T20:32:00
M0475,2026-03-25T11:12:00
M0475,2026-03-26T20:14:00
M0475,2026-03-30T16:43:00
M0475,2026-03-31T16:39:00
M0475,2026-04-03T18:07:00
M0475,2026-04-04T19:52:00
M0475,2026-04-05T20:48:00
M0475,2026-04-06T18:08:00
M0475,2026-04-06T18:49:00
M0475,2026-04-10T09:16:00
M0475,2026-04-11T16:51:00
M0475,2026-04-14T18:04:00
M0475,2026-04-15T15:27:00
M0475,2026-04-16T19:13:00
M0475,2026-04-21T12:51:00
M0475,2026-04-21T19:49:00
M0475,2026-04-25T12:03:00
M0475,2026-04-25T12:48:00
M0475,2026-04-28T06:42:00
M0475,2026-05-01T14:56:00
M0476,2026-02-10T19:44:00
M0476,2026-02-14T17:17:00
M0476,2026-02-15T07:42:00
M0476,2026-02-17T10:12:00
M0476,2026-02-17T13:39:00
M0476,2026-02-19T17:17:00
M0476,2026-02-21T15:56:00
M0476,2026-03-02T19:12:00
M0476,2026-03-04T19:18:00
M0476,2026-03-05T09:06:00
M0476,2026-03-06T09:47:00
M0476,2026-03-13T07:22:00
M0476,2026-03-18T10:41:00
M0476,2026-03-22T07:04:00
M0476,2026-03-22T11:10:00
M0476,2026-03-24T10:56:00
M0476,2026-03-25T20:16:00
M0476,2026-03-28T19:59:00
M0476,2026-03-31T08:26:00
M0476,2026-04-05T14:36:00
M0476,2026-04-08T19:52:00
M0476,2026-04-17T11:34:00
M0476,2026-04-26T09:20:00
M0476,2026-04-29T14:13:00
M0476,2026-05-03T08:30:00
M0476,2026-05-04T17:41:00
M0476,2026-05-08T06:45:00
M0476,2026-05-09T12:50:00
M0476,2026-05-09T14:20:00
M0476,2026-05-12T15:54:00
M0476,2026-05-13T20:05:00
M0476,2026-05-14T11:48:00
M0476,2026-05-15T14:40:00
M0476,2026-05-15T20:39:00
M0476,2026-05-18T10:28:00
M0476,2026-05-23T11:31:00
M0477,2025-11-30T18:41:00
M0477,2025-12-14T15:16:00
M0477,2025-12-26T09:00:00
M0477,2026-01-01T16:44:00
M0477,2026-01-09T10:21:00
M0477,2026-01-15T19:53:00
M0477,2026-01-23T10:16:00
M0477,2026-02-02T17:51:00
M0477,2026-02-06T16:46:00
M0477,2026-02-10T18:48:00
M0477,2026-03-03T06:30:00
M0477,2026-03-08T20:30:00
M0477,2026-03-16T20:50:00
M0477,2026-03-25T16:24:00
M0477,2026-03-29T11:58:00
M0477,2026-04-04T06:41:00
M0477,2026-04-04T20:09:00
M0477,2026-04-17T12:00:00
M0477,2026-04-19T07:04:00
M0478,2026-02-08T07:07:00
M0478,2026-02-08T10:29:00
M0478,2026-02-08T14:41:00
M0478,2026-02-09T13:33:00
M0478,2026-02-13T16:48:00
M0478,2026-02-16T18:53:00
M0478,2026-02-17T11:54:00
M0478,2026-02-20T08:22:00
M0478,2026-02-20T10:17:00
M0478,2026-02-20T18:16:00
M0478,2026-02-22T19:58:00
M0478,2026-02-25T13:08:00
M0478,2026-03-01T20:05:00
M0478,2026-03-06T07:36:00
M0478,2026-03-06T18:21:00
M0478,2026-03-08T15:17:00
M0478,2026-03-10T17:43:00
M0478,2026-03-11T11:57:00
M0478,2026-03-13T18:08:00
M0478,2026-03-16T07:26:00
M0478,2026-03-21T14:40:00
M0478,2026-03-23T16:56:00
M0478,2026-03-24T11:05:00
M0478,2026-03-24T18:27:00
M0478,2026-03-28T06:54:00
M0478,2026-03-29T06:34:00
M0478,2026-04-01T16:26:00
M0478,2026-04-02T14:47:00
M0478,2026-04-02T16:58:00
M0478,2026-04-05T10:15:00
M0478,2026-04-07T17:50:00
M0478,2026-04-08T20:28:00
M0478,2026-04-20T08:11:00
M0478,2026-04-26T19:48:00
M0478,2026-04-29T18:37:00
M0478,2026-04-30T11:20:00
M0478,2026-05-01T16:12:00
M0478,2026-05-05T10:34:00
M0478,2026-05-05T15:14:00
M0479,2025-11-14T18:10:00
M0479,2025-11-15T07:06:00
M0479,2025-11-17T13:28:00
M0479,2025-11-18T16:38:00
M0479,2025-11-19T06:15:00
M0479,2025-12-04T19:20:00
M0479,2025-12-07T19:58:00
M0479,2025-12-09T09:13:00
M0479,2025-12-10T18:12:00
M0479,2025-12-11T13:42:00
M0479,2025-12-14T14:20:00
M0479,2025-12-19T17:22:00
M0479,2025-12-31T07:40:00
M0479,2026-01-09T16:01:00
M0479,2026-01-11T15:17:00
M0479,2026-01-12T10:59:00
M0479,2026-01-24T15:29:00
M0479,2026-01-29T12:55:00
M0479,2026-01-29T13:08:00
M0479,2026-02-05T15:52:00
M0479,2026-02-06T14:32:00
M0479,2026-02-07T07:48:00
M0479,2026-02-10T14:05:00
M0479,2026-02-12T20:59:00
M0479,2026-02-16T12:54:00
M0479,2026-02-18T18:03:00
M0479,2026-03-13T11:42:00
M0479,2026-03-19T15:58:00
M0479,2026-03-19T18:43:00
M0479,2026-03-22T20:20:00
M0479,2026-03-24T16:40:00
M0479,2026-04-01T16:29:00
M0479,2026-04-04T11:14:00
M0479,2026-04-08T13:58:00
M0479,2026-04-09T06:16:00
M0479,2026-04-13T12:37:00
M0479,2026-04-15T09:08:00
M0479,2026-04-15T12:30:00
M0479,2026-04-19T15:25:00
M0479,2026-04-20T06:57:00
M0479,2026-04-23T11:56:00
M0479,2026-04-28T16:30:00
M0479,2026-04-30T06:11:00
M0479,2026-04-30T20:31:00
M0479,2026-05-02T07:25:00
M0479,2026-05-02T14:01:00
M0479,2026-05-02T18:50:00
M0479,2026-05-03T13:07:00
M0479,2026-05-04T19:08:00
M0479,2026-05-11T08:38:00
M0479,2026-05-14T19:47:00
M0479,2026-05-14T20:52:00
M0479,2026-05-16T14:36:00
M0479,2026-05-18T09:16:00
M0479,2026-05-18T14:40:00
M0479,2026-05-18T16:57:00
M0479,2026-05-21T17:11:00
M0479,2026-05-25T14:20:00
M0479,2026-05-28T06:41:00
M0479,2026-05-28T10:10:00
M0479,2026-05-31T12:52:00
M0479,2026-06-03T16:18:00
M0479,2026-06-05T16:41:00
M0479,2026-06-15T14:33:00
M0479,2026-06-17T17:42:00
M0479,2026-06-20T07:39:00
M0479,2026-06-23T11:59:00
M0479,2026-06-23T15:38:00
M0479,2026-06-25T19:15:00
M0480,2025-02-22T10:44:00
M0480,2025-02-24T15:20:00
M0480,2025-03-02T17:00:00
M0480,2025-03-03T10:55:00
M0480,2025-03-04T18:22:00
M0480,2025-03-09T10:26:00
M0480,2025-03-15T10:01:00
M0480,2025-03-27T18:19:00
M0480,2025-04-02T10:57:00
M0480,2025-04-02T18:48:00
M0480,2025-04-04T12:59:00
M0480,2025-04-05T07:27:00
M0480,2025-04-11T06:03:00
M0480,2025-04-16T16:45:00
M0480,2025-04-16T18:24:00
M0480,2025-04-17T07:31:00
M0480,2025-04-17T18:18:00
M0480,2025-04-19T09:28:00
M0480,2025-04-22T06:16:00
M0480,2025-05-01T20:28:00
M0480,2025-05-04T18:08:00
M0480,2025-05-09T08:47:00
M0480,2025-05-16T12:51:00
M0480,2025-05-22T16:25:00
M0480,2025-05-23T11:55:00
M0480,2025-05-23T17:53:00
M0480,2025-05-27T18:20:00
M0480,2025-05-28T18:32:00
M0480,2025-05-30T18:08:00
M0480,2025-06-02T15:59:00
M0480,2025-06-17T07:40:00
M0480,2025-06-18T14:42:00
M0480,2025-06-23T06:32:00
M0480,2025-07-01T14:00:00
M0480,2025-07-13T08:03:00
M0480,2025-07-14T18:09:00
M0480,2025-07-21T11:15:00
M0480,2025-08-01T18:35:00
M0480,2025-08-04T08:09:00
M0480,2025-08-04T19:38:00
M0480,2025-08-06T13:55:00
M0480,2025-08-25T18:58:00
M0480,2025-08-25T20:28:00
M0480,2025-08-30T10:39:00
M0480,2025-08-31T20:55:00
M0480,2025-09-08T06:05:00
M0480,2025-09-09T17:50:00
M0480,2025-09-12T06:33:00
M0480,2025-09-14T18:17:00
M0480,2025-09-14T18:35:00
M0480,2025-09-17T11:45:00
M0480,2025-09-21T17:24:00
M0480,2025-09-23T07:45:00
M0480,2025-09-27T13:04:00
M0480,2025-09-28T07:27:00
M0480,2025-09-29T18:54:00
M0480,2025-09-30T08:07:00
M0480,2025-10-03T13:07:00
M0480,2025-10-05T08:25:00
M0480,2025-10-07T12:30:00
M0480,2025-10-08T15:54:00
M0480,2025-10-17T16:37:00
M0480,2025-10-20T14:15:00
M0480,2025-10-23T17:45:00
M0480,2025-10-29T18:30:00
M0480,2025-10-31T18:27:00
M0480,2025-11-01T20:01:00
M0480,2025-11-07T09:14:00
M0480,2025-11-08T16:20:00
M0480,2025-11-09T10:29:00
M0480,2025-11-09T14:41:00
M0480,2025-11-11T07:44:00
M0480,2025-11-22T10:35:00
M0480,2025-11-25T17:26:00
M0480,2025-11-28T09:01:00
M0480,2025-12-11T06:19:00
M0480,2025-12-17T09:56:00
M0480,2025-12-28T16:58:00
M0480,2025-12-29T15:07:00
M0480,2025-12-29T20:09:00
M0480,2026-01-10T06:21:00
M0480,2026-01-13T19:43:00
M0480,2026-01-14T11:15:00
M0480,2026-01-14T16:46:00
M0480,2026-01-20T18:05:00
M0480,2026-01-27T13:44:00
M0480,2026-02-02T08:58:00
M0480,2026-02-15T06:17:00
M0480,2026-02-23T12:05:00
M0480,2026-02-27T12:43:00
M0480,2026-02-27T19:04:00
M0480,2026-03-04T07:36:00
M0480,2026-03-08T17:32:00
M0480,2026-03-19T07:50:00
M0480,2026-03-23T07:33:00
M0480,2026-03-24T09:45:00
M0480,2026-03-28T15:44:00
M0480,2026-04-07T12:20:00
M0480,2026-04-25T12:24:00
M0480,2026-05-07T07:19:00
M0480,2026-05-10T06:42:00
M0480,2026-05-15T14:04:00
M0480,2026-05-17T19:03:00
M0480,2026-05-19T13:35:00
M0480,2026-05-30T12:41:00
M0480,2026-05-30T19:29:00
M0480,2026-05-31T18:45:00
M0480,2026-06-12T08:21:00
M0480,2026-06-19T10:10:00
M0480,2026-07-02T16:42:00
M0480,2026-07-02T17:24:00
M0480,2026-07-03T20:33:00
M0480,2026-07-04T10:04:00
M0480,2026-07-05T19:45:00
M0480,2026-07-07T16:05:00
M0481,2026-02-17T12:02:00
M0481,2026-02-25T09:41:00
M0481,2026-02-27T19:59:00
M0481,2026-03-15T15:50:00
M0481,2026-03-18T14:37:00
M0481,2026-03-20T13:47:00
M0481,2026-03-22T11:27:00
M0481,2026-03-24T11:29:00
M0481,2026-04-14T17:44:00
M0481,2026-04-14T20:18:00
M0481,2026-04-20T15:54:00
M0481,2026-04-21T07:01:00
M0481,2026-04-25T11:08:00
M0481,2026-04-30T13:08:00
M0481,2026-05-06T11:38:00
M0481,2026-05-09T17:00:00
M0481,2026-05-15T13:24:00
M0481,2026-05-22T06:59:00
M0481,2026-05-23T15:19:00
M0481,2026-05-26T07:12:00
M0481,2026-06-06T17:20:00
M0481,2026-06-08T14:55:00
M0481,2026-06-12T19:23:00
M0481,2026-06-13T08:45:00
M0481,2026-06-20T10:55:00
M0482,2025-12-24T20:20:00
M0482,2025-12-27T09:09:00
M0482,2026-01-02T18:27:00
M0482,2026-01-04T07:15:00
M0482,2026-01-06T07:04:00
M0482,2026-01-06T17:12:00
M0482,2026-01-07T12:06:00
M0482,2026-01-10T09:00:00
M0482,2026-01-11T20:40:00
M0482,2026-01-12T16:41:00
M0482,2026-01-13T09:44:00
M0482,2026-01-17T09:31:00
M0482,2026-01-22T17:44:00
M0482,2026-01-25T19:26:00
M0482,2026-01-27T17:07:00
M0482,2026-01-27T17:55:00
M0482,2026-01-30T06:32:00
M0482,2026-02-03T07:52:00
M0482,2026-02-03T17:59:00
M0482,2026-02-04T17:40:00
M0482,2026-02-09T07:06:00
M0482,2026-02-20T13:37:00
M0482,2026-02-20T14:13:00
M0482,2026-02-20T15:01:00
M0482,2026-02-21T17:03:00
M0482,2026-03-10T09:02:00
M0482,2026-03-13T09:56:00
M0482,2026-03-16T09:33:00
M0482,2026-03-20T16:52:00
M0482,2026-03-22T16:38:00
M0482,2026-03-23T16:41:00
M0482,2026-03-27T14:51:00
M0482,2026-03-30T08:01:00
M0482,2026-04-02T19:59:00
M0482,2026-04-10T08:35:00
M0482,2026-04-12T18:52:00
M0482,2026-04-13T10:15:00
M0482,2026-04-14T18:20:00
M0482,2026-04-17T12:42:00
M0482,2026-04-18T07:34:00
M0482,2026-04-18T17:32:00
M0482,2026-04-22T14:45:00
M0482,2026-04-24T09:56:00
M0482,2026-04-24T12:11:00
M0482,2026-04-25T18:58:00
M0482,2026-04-30T13:42:00
M0482,2026-05-01T06:23:00
M0482,2026-05-01T14:49:00
M0482,2026-05-07T14:31:00
M0482,2026-05-08T06:29:00
M0482,2026-05-10T15:27:00
M0482,2026-05-19T16:22:00
M0482,2026-05-20T10:10:00
M0482,2026-05-20T10:26:00
M0482,2026-05-22T06:11:00
M0482,2026-05-22T14:46:00
M0482,2026-06-01T17:46:00
M0482,2026-06-03T14:17:00
M0482,2026-06-06T17:24:00
M0482,2026-06-07T15:11:00
M0482,2026-06-08T20:09:00
M0482,2026-06-10T08:50:00
M0482,2026-06-11T20:23:00
M0482,2026-06-12T06:51:00
M0482,2026-06-13T18:30:00
M0482,2026-06-29T10:29:00
M0482,2026-07-03T14:02:00
M0482,2026-07-04T10:35:00
M0482,2026-07-05T20:09:00
M0482,2026-07-06T11:57:00
M0482,2026-07-09T09:41:00
M0482,2026-07-09T14:36:00
M0482,2026-07-10T18:54:00
M0482,2026-07-11T15:48:00
M0482,2026-07-12T09:52:00
M0482,2026-07-17T12:22:00
M0483,2026-02-04T10:20:00
M0483,2026-02-10T12:29:00
M0483,2026-02-13T19:56:00
M0483,2026-02-22T08:58:00
M0483,2026-02-22T09:41:00
M0483,2026-02-25T11:43:00
M0483,2026-02-26T06:32:00
M0483,2026-02-26T09:13:00
M0483,2026-03-12T11:53:00
M0483,2026-03-14T07:04:00
M0483,2026-03-18T10:42:00
M0483,2026-03-19T12:23:00
M0483,2026-03-20T12:26:00
M0483,2026-03-22T07:45:00
M0483,2026-03-27T06:33:00
M0483,2026-03-27T16:17:00
M0483,2026-04-04T15:51:00
M0483,2026-04-11T11:30:00
M0483,2026-04-13T06:30:00
M0483,2026-04-20T08:10:00
M0483,2026-04-20T10:55:00
M0483,2026-04-20T12:07:00
M0483,2026-04-25T09:52:00
M0483,2026-04-25T11:57:00
M0483,2026-05-06T14:21:00
M0483,2026-05-07T06:24:00
M0483,2026-05-10T20:37:00
M0483,2026-05-24T11:11:00
M0483,2026-05-26T20:48:00
M0483,2026-05-29T18:51:00
M0483,2026-06-02T12:01:00
M0483,2026-06-03T06:38:00
M0483,2026-06-03T14:42:00
M0483,2026-06-05T14:51:00
M0483,2026-06-06T10:18:00
M0483,2026-06-07T17:17:00
M0483,2026-06-08T14:06:00
M0483,2026-06-11T17:48:00
M0483,2026-06-13T17:43:00
M0483,2026-06-18T10:20:00
M0483,2026-07-02T17:20:00
M0483,2026-07-07T12:41:00
M0483,2026-07-07T18:27:00
M0483,2026-07-09T12:33:00
M0483,2026-07-13T16:02:00
M0483,2026-07-17T17:43:00
M0483,2026-07-23T09:41:00
M0483,2026-07-24T15:42:00
M0484,2025-10-20T09:19:00
M0484,2025-10-26T15:45:00
M0484,2025-10-28T11:21:00
M0484,2025-10-31T13:03:00
M0484,2025-10-31T16:52:00
M0484,2025-11-01T06:07:00
M0484,2025-11-03T09:12:00
M0484,2025-11-15T18:18:00
M0484,2025-12-03T17:08:00
M0484,2025-12-05T07:49:00
M0484,2025-12-06T20:14:00
M0484,2025-12-16T15:27:00
M0484,2025-12-19T09:06:00
M0484,2025-12-19T13:44:00
M0484,2025-12-22T17:16:00
M0484,2025-12-25T14:22:00
M0484,2025-12-28T18:09:00
M0484,2026-01-11T11:47:00
M0484,2026-01-14T20:07:00
M0484,2026-01-17T16:03:00
M0484,2026-01-22T19:20:00
M0484,2026-01-31T08:24:00
M0484,2026-02-01T13:44:00
M0484,2026-02-02T20:05:00
M0484,2026-02-02T20:10:00
M0484,2026-02-13T16:58:00
M0484,2026-02-14T14:54:00
M0484,2026-02-17T13:30:00
M0484,2026-02-26T17:35:00
M0484,2026-03-17T12:09:00
M0484,2026-04-05T11:53:00
M0484,2026-04-14T08:01:00
M0484,2026-04-17T17:05:00
M0484,2026-04-19T14:26:00
M0484,2026-04-20T13:10:00
M0484,2026-04-22T09:47:00
M0484,2026-04-22T19:32:00
M0484,2026-04-28T06:05:00
M0484,2026-05-02T14:34:00
M0484,2026-05-03T10:36:00
M0484,2026-05-06T17:16:00
M0484,2026-05-06T18:45:00
M0484,2026-05-10T14:58:00
M0484,2026-05-17T19:32:00
M0484,2026-05-27T07:41:00
M0484,2026-05-29T19:08:00
M0485,2025-08-17T10:13:00
M0485,2025-08-19T09:23:00
M0485,2025-08-19T12:44:00
M0485,2025-08-19T17:06:00
M0485,2025-08-22T15:16:00
M0485,2025-08-27T18:44:00
M0485,2025-08-31T11:17:00
M0485,2025-09-04T14:48:00
M0485,2025-09-05T14:25:00
M0485,2025-09-09T07:19:00
M0485,2025-09-09T09:53:00
M0485,2025-09-09T10:21:00
M0485,2025-09-19T17:50:00
M0485,2025-09-23T08:28:00
M0485,2025-09-29T16:47:00
M0485,2025-09-30T15:59:00
M0485,2025-10-05T07:56:00
M0485,2025-10-07T07:08:00
M0485,2025-10-08T14:01:00
M0485,2025-10-09T16:52:00
M0485,2025-10-12T09:27:00
M0485,2025-10-21T14:06:00
M0485,2025-10-25T11:22:00
M0485,2025-10-30T08:46:00
M0485,2025-11-03T20:51:00
M0485,2025-11-07T08:53:00
M0485,2025-11-09T13:15:00
M0485,2025-11-19T16:37:00
M0485,2025-11-25T13:42:00
M0485,2025-11-27T06:17:00
M0485,2025-11-30T09:23:00
M0485,2025-12-02T07:13:00
M0485,2025-12-02T10:12:00
M0485,2025-12-03T14:57:00
M0485,2025-12-04T07:16:00
M0485,2025-12-05T17:21:00
M0485,2025-12-06T12:15:00
M0485,2025-12-07T20:32:00
M0485,2025-12-10T18:56:00
M0485,2025-12-23T13:20:00
M0485,2026-01-02T11:16:00
M0485,2026-01-03T19:00:00
M0485,2026-01-05T08:04:00
M0485,2026-01-08T14:18:00
M0485,2026-01-09T06:50:00
M0485,2026-01-13T15:44:00
M0485,2026-01-15T15:36:00
M0485,2026-01-21T14:21:00
M0485,2026-01-24T07:43:00
M0485,2026-01-27T12:45:00
M0485,2026-01-28T12:45:00
M0485,2026-02-03T16:28:00
M0485,2026-02-03T20:42:00
M0485,2026-02-04T09:52:00
M0485,2026-02-08T13:59:00
M0485,2026-02-11T15:47:00
M0485,2026-02-11T16:59:00
M0485,2026-02-15T12:40:00
M0485,2026-02-26T06:55:00
M0485,2026-03-03T15:33:00
M0485,2026-03-04T06:45:00
M0485,2026-03-06T15:31:00
M0485,2026-03-06T17:54:00
M0485,2026-03-12T16:59:00
M0485,2026-03-15T19:01:00
M0485,2026-03-18T15:40:00
M0485,2026-03-22T17:15:00
M0485,2026-03-24T16:57:00
M0485,2026-03-25T07:56:00
M0485,2026-03-26T15:32:00
M0485,2026-03-28T07:57:00
M0485,2026-03-29T10:00:00
M0485,2026-04-03T09:25:00
M0485,2026-04-04T15:21:00
M0485,2026-04-08T17:12:00
M0485,2026-04-09T17:24:00
M0485,2026-04-10T16:09:00
M0485,2026-04-20T18:25:00
M0485,2026-04-20T20:20:00
M0485,2026-04-21T10:55:00
M0485,2026-04-28T17:56:00
M0485,2026-05-03T17:46:00
M0485,2026-05-14T20:47:00
M0485,2026-05-15T08:09:00
M0485,2026-05-18T06:23:00
M0485,2026-05-18T16:24:00
M0485,2026-05-19T17:33:00
M0485,2026-05-21T10:32:00
M0485,2026-05-22T14:53:00
M0485,2026-05-22T14:53:00
M0485,2026-05-22T19:00:00
M0485,2026-05-31T06:01:00
M0485,2026-05-31T14:36:00
M0485,2026-06-01T13:18:00
M0485,2026-06-01T15:21:00
M0485,2026-06-05T19:57:00
M0485,2026-06-08T18:14:00
M0485,2026-06-11T08:14:00
M0485,2026-06-13T10:55:00
M0485,2026-06-14T19:45:00
M0485,2026-06-18T13:55:00
M0485,2026-06-20T18:07:00
M0485,2026-06-21T20:46:00
M0485,2026-06-22T09:43:00
M0485,2026-06-23T19:58:00
M0485,2026-06-24T16:32:00
M0486,2026-01-16T13:14:00
M0486,2026-01-18T16:56:00
M0486,2026-01-18T18:26:00
M0486,2026-01-23T09:40:00
M0486,2026-01-28T08:59:00
M0486,2026-01-29T06:31:00
M0486,2026-01-31T11:53:00
M0486,2026-02-05T07:52:00
M0486,2026-02-08T16:34:00
M0486,2026-02-09T20:03:00
M0486,2026-02-10T11:50:00
M0486,2026-02-19T20:11:00
M0486,2026-02-20T12:00:00
M0486,2026-02-26T10:31:00
M0486,2026-02-26T16:58:00
M0486,2026-03-02T06:14:00
M0486,2026-03-16T07:15:00
M0486,2026-03-17T09:29:00
M0486,2026-03-17T19:46:00
M0486,2026-03-22T20:56:00
M0486,2026-03-25T06:24:00
M0486,2026-04-12T10:00:00
M0486,2026-04-19T16:26:00
M0486,2026-04-24T08:36:00
M0486,2026-04-28T09:35:00
M0486,2026-05-01T06:28:00
M0486,2026-05-05T11:20:00
M0486,2026-05-07T18:55:00
M0486,2026-05-11T15:12:00
M0486,2026-05-18T17:46:00
M0486,2026-05-19T06:02:00
M0486,2026-05-24T08:42:00
M0486,2026-05-28T18:56:00
M0486,2026-06-03T09:02:00
M0486,2026-06-05T10:43:00
M0486,2026-06-08T12:53:00
M0486,2026-06-09T17:37:00
M0486,2026-06-10T06:32:00
M0486,2026-06-11T12:16:00
M0486,2026-06-12T07:37:00
M0486,2026-06-12T11:42:00
M0486,2026-06-16T13:03:00
M0486,2026-06-17T18:48:00
M0486,2026-06-19T19:06:00
M0486,2026-06-20T10:06:00
M0486,2026-06-24T09:42:00
M0486,2026-06-24T14:08:00
M0486,2026-06-25T08:18:00
M0486,2026-07-13T17:36:00
M0486,2026-07-13T19:10:00
M0486,2026-07-15T08:15:00
M0486,2026-07-16T09:56:00
M0486,2026-07-17T06:04:00
M0486,2026-07-27T08:46:00
M0486,2026-07-28T18:07:00
M0487,2026-01-04T08:08:00
M0487,2026-01-07T09:20:00
M0487,2026-01-11T17:17:00
M0487,2026-02-07T20:51:00
M0487,2026-02-12T07:25:00
M0487,2026-02-20T18:05:00
M0487,2026-02-21T07:03:00
M0487,2026-02-26T11:14:00
M0487,2026-02-26T19:54:00
M0487,2026-03-06T08:05:00
M0487,2026-03-08T11:39:00
M0487,2026-03-10T16:50:00
M0487,2026-03-11T14:41:00
M0487,2026-03-16T19:55:00
M0487,2026-03-28T20:42:00
M0487,2026-04-02T07:51:00
M0487,2026-04-07T20:41:00
M0487,2026-04-21T19:07:00
M0487,2026-04-25T09:40:00
M0487,2026-05-29T07:39:00
M0487,2026-05-29T10:44:00
M0487,2026-05-29T16:39:00
M0488,2025-10-09T11:17:00
M0488,2025-11-05T20:13:00
M0488,2025-12-23T07:52:00
M0488,2026-01-04T17:28:00
M0488,2026-01-15T07:42:00
M0488,2026-01-22T20:19:00
M0488,2026-01-24T07:59:00
M0488,2026-02-03T20:52:00
M0488,2026-02-23T14:08:00
M0488,2026-03-04T06:26:00
M0488,2026-03-14T16:22:00
M0488,2026-03-15T08:41:00
M0488,2026-03-24T06:40:00
M0488,2026-03-26T15:35:00
M0488,2026-03-27T16:11:00
M0488,2026-05-26T13:12:00
M0488,2026-05-31T18:23:00
M0488,2026-06-05T16:44:00
M0489,2025-12-08T11:26:00
M0489,2025-12-10T17:29:00
M0489,2025-12-23T17:06:00
M0489,2025-12-25T07:57:00
M0489,2025-12-25T12:28:00
M0489,2025-12-27T13:52:00
M0489,2026-01-01T20:39:00
M0489,2026-01-04T18:17:00
M0489,2026-01-07T06:06:00
M0489,2026-01-10T06:22:00
M0489,2026-01-17T10:49:00
M0489,2026-01-17T16:47:00
M0489,2026-01-18T18:12:00
M0489,2026-01-20T13:08:00
M0489,2026-01-28T09:01:00
M0489,2026-01-28T15:29:00
M0489,2026-01-29T06:29:00
M0489,2026-02-02T14:27:00
M0489,2026-02-05T14:32:00
M0489,2026-02-09T14:53:00
M0489,2026-02-09T19:07:00
M0489,2026-02-10T08:59:00
M0489,2026-02-18T20:08:00
M0489,2026-02-19T06:45:00
M0489,2026-02-22T06:17:00
M0489,2026-02-24T17:22:00
M0489,2026-02-26T17:09:00
M0489,2026-02-27T08:25:00
M0489,2026-03-12T07:27:00
M0489,2026-03-19T12:50:00
M0489,2026-03-20T11:50:00
M0489,2026-03-21T08:21:00
M0489,2026-03-22T16:03:00
M0489,2026-03-23T17:41:00
M0489,2026-03-24T16:16:00
M0489,2026-03-31T07:39:00
M0489,2026-04-02T14:16:00
M0489,2026-04-03T10:21:00
M0489,2026-04-09T06:26:00
M0489,2026-04-14T14:11:00
M0489,2026-04-16T16:47:00
M0489,2026-04-17T10:57:00
M0489,2026-04-20T06:21:00
M0489,2026-04-22T13:35:00
M0489,2026-04-26T15:49:00
M0489,2026-04-29T17:27:00
M0489,2026-05-04T16:06:00
M0489,2026-05-07T13:09:00
M0489,2026-05-08T11:52:00
M0489,2026-05-09T09:17:00
M0489,2026-05-10T09:12:00
M0489,2026-05-11T15:32:00
M0489,2026-05-12T07:10:00
M0489,2026-05-12T10:52:00
M0489,2026-05-16T06:39:00
M0489,2026-05-19T13:32:00
M0489,2026-05-19T16:12:00
M0489,2026-05-20T08:26:00
M0489,2026-05-23T07:03:00
M0489,2026-05-27T08:58:00
M0489,2026-05-28T06:32:00
M0489,2026-05-29T16:23:00
M0489,2026-05-31T17:09:00
M0489,2026-06-01T10:21:00
M0489,2026-06-05T11:34:00
M0489,2026-06-06T10:16:00
M0489,2026-06-09T14:00:00
M0489,2026-06-14T17:39:00
M0489,2026-06-18T11:05:00
M0489,2026-06-18T11:27:00
M0489,2026-06-20T18:38:00
M0489,2026-06-23T19:30:00
M0489,2026-06-24T10:44:00
M0489,2026-06-28T20:18:00
M0489,2026-07-01T16:19:00
M0489,2026-07-02T11:02:00
M0489,2026-07-02T17:42:00
M0489,2026-07-02T19:45:00
M0489,2026-07-15T15:46:00
M0489,2026-07-16T08:48:00
M0490,2026-01-30T20:44:00
M0490,2026-02-02T07:51:00
M0490,2026-02-07T10:57:00
M0490,2026-02-07T19:18:00
M0490,2026-02-11T19:32:00
M0490,2026-02-12T20:08:00
M0490,2026-02-18T08:39:00
M0490,2026-02-22T14:56:00
M0490,2026-02-22T15:21:00
M0490,2026-02-25T13:58:00
M0490,2026-02-27T19:18:00
M0490,2026-03-06T17:14:00
M0490,2026-03-07T19:58:00
M0490,2026-03-10T19:17:00
M0490,2026-03-28T19:20:00
M0490,2026-04-13T16:21:00
M0490,2026-04-14T15:50:00
M0490,2026-05-04T10:28:00
M0490,2026-05-08T17:18:00
M0490,2026-05-09T16:43:00
M0490,2026-05-12T20:27:00
M0490,2026-05-27T14:35:00
M0490,2026-06-01T08:32:00
M0490,2026-06-07T20:04:00
M0490,2026-06-09T17:21:00
M0490,2026-06-14T19:36:00
M0490,2026-06-22T08:22:00
M0490,2026-06-23T08:06:00
M0490,2026-06-30T19:58:00
M0490,2026-07-08T07:05:00
M0490,2026-07-09T12:10:00
M0490,2026-07-11T15:46:00
M0490,2026-07-16T19:57:00
M0490,2026-07-17T20:24:00
M0491,2026-06-14T11:25:00
M0491,2026-06-15T11:37:00
M0491,2026-06-20T19:02:00
M0491,2026-06-24T16:57:00
M0491,2026-06-26T11:53:00
M0491,2026-06-27T10:00:00
M0491,2026-06-27T11:45:00
M0491,2026-07-15T15:18:00
M0491,2026-07-18T07:16:00
M0491,2026-07-22T09:21:00
M0491,2026-07-22T17:58:00
M0492,2025-12-02T17:06:00
M0492,2025-12-05T12:07:00
M0492,2025-12-09T12:43:00
M0492,2025-12-10T20:52:00
M0492,2025-12-13T19:56:00
M0492,2025-12-14T12:13:00
M0492,2025-12-15T12:22:00
M0492,2025-12-16T14:25:00
M0492,2025-12-17T12:19:00
M0492,2025-12-17T18:20:00
M0492,2025-12-21T13:07:00
M0492,2025-12-28T06:27:00
M0492,2025-12-31T15:24:00
M0492,2026-01-01T19:26:00
M0492,2026-01-05T10:57:00
M0492,2026-01-08T09:39:00
M0492,2026-01-22T16:26:00
M0492,2026-01-26T09:19:00
M0492,2026-01-27T09:27:00
M0492,2026-01-29T20:11:00
M0492,2026-01-29T20:20:00
M0492,2026-02-01T11:26:00
M0492,2026-02-02T13:38:00
M0492,2026-02-02T17:33:00
M0492,2026-02-07T10:28:00
M0492,2026-02-11T16:18:00
M0492,2026-02-15T13:47:00
M0492,2026-02-16T09:44:00
M0492,2026-02-23T12:47:00
M0492,2026-03-08T07:03:00
M0492,2026-03-18T14:27:00
M0492,2026-03-25T12:49:00
M0492,2026-03-27T06:23:00
M0492,2026-03-30T10:47:00
M0492,2026-03-31T06:13:00
M0492,2026-03-31T20:35:00
M0492,2026-04-05T12:43:00
M0492,2026-04-10T18:42:00
M0492,2026-04-11T17:49:00
M0492,2026-04-24T11:58:00
M0492,2026-05-05T15:46:00
M0492,2026-05-14T16:58:00
M0492,2026-05-15T06:40:00
M0492,2026-05-21T19:19:00
M0492,2026-05-22T12:06:00
M0492,2026-06-10T10:35:00
M0492,2026-06-13T19:31:00
M0492,2026-06-17T06:33:00
M0492,2026-06-19T11:54:00
M0492,2026-06-24T20:25:00
M0492,2026-06-30T12:51:00
M0492,2026-07-11T06:13:00
M0492,2026-07-11T12:56:00
M0493,2025-05-11T13:14:00
M0493,2025-05-13T12:26:00
M0493,2025-05-14T09:38:00
M0493,2025-05-14T12:47:00
M0493,2025-05-15T16:09:00
M0493,2025-06-01T12:58:00
M0493,2025-06-06T18:53:00
M0493,2025-06-08T20:31:00
M0493,2025-06-16T13:43:00
M0493,2025-06-18T18:10:00
M0493,2025-06-28T16:12:00
M0493,2025-07-02T11:45:00
M0493,2025-07-08T13:44:00
M0493,2025-07-09T12:04:00
M0493,2025-07-09T12:22:00
M0493,2025-07-11T18:47:00
M0493,2025-07-16T10:01:00
M0493,2025-07-16T16:07:00
M0493,2025-07-27T17:42:00
M0493,2025-07-28T08:25:00
M0493,2025-07-28T10:55:00
M0493,2025-08-01T08:52:00
M0493,2025-08-07T17:16:00
M0493,2025-08-08T13:11:00
M0493,2025-08-09T20:21:00
M0493,2025-08-12T17:16:00
M0493,2025-08-13T10:34:00
M0493,2025-08-14T07:29:00
M0493,2025-08-27T07:19:00
M0493,2025-08-29T20:11:00
M0493,2025-08-30T14:40:00
M0493,2025-08-31T06:37:00
M0493,2025-09-02T20:41:00
M0493,2025-09-03T14:51:00
M0493,2025-09-04T20:58:00
M0493,2025-09-07T14:15:00
M0493,2025-09-08T14:40:00
M0493,2025-09-13T06:31:00
M0493,2025-09-14T09:40:00
M0493,2025-09-29T17:07:00
M0493,2025-09-30T12:48:00
M0493,2025-10-01T13:00:00
M0493,2025-10-06T16:53:00
M0493,2025-10-07T09:52:00
M0493,2025-10-16T14:12:00
M0493,2025-10-17T06:34:00
M0493,2025-10-18T11:05:00
M0493,2025-10-23T16:24:00
M0493,2025-10-26T12:36:00
M0493,2025-10-29T17:11:00
M0493,2025-11-04T15:35:00
M0493,2025-11-13T11:26:00
M0493,2025-11-21T15:05:00
M0493,2025-11-30T06:53:00
M0493,2025-12-01T06:34:00
M0493,2025-12-06T20:37:00
M0493,2025-12-09T06:51:00
M0493,2025-12-10T19:22:00
M0493,2025-12-11T12:13:00
M0493,2025-12-11T17:41:00
M0493,2025-12-13T06:59:00
M0493,2025-12-16T18:17:00
M0493,2025-12-21T09:51:00
M0493,2025-12-21T12:25:00
M0493,2025-12-21T20:24:00
M0493,2025-12-26T16:43:00
M0493,2025-12-28T12:12:00
M0493,2025-12-30T10:33:00
M0493,2026-01-06T09:36:00
M0493,2026-01-14T07:40:00
M0493,2026-01-17T18:50:00
M0493,2026-01-20T18:32:00
M0493,2026-01-22T20:00:00
M0493,2026-01-24T06:32:00
M0493,2026-01-24T20:00:00
M0493,2026-01-27T19:41:00
M0493,2026-02-04T11:33:00
M0493,2026-02-04T20:16:00
M0493,2026-02-05T17:45:00
M0493,2026-02-07T16:37:00
M0493,2026-02-13T10:50:00
M0493,2026-02-13T19:03:00
M0493,2026-02-16T10:48:00
M0493,2026-02-25T07:52:00
M0493,2026-02-26T09:32:00
M0493,2026-03-02T14:38:00
M0493,2026-03-09T11:42:00
M0493,2026-03-10T18:55:00
M0493,2026-03-11T15:44:00
M0493,2026-03-12T18:09:00
M0493,2026-03-21T10:43:00
M0493,2026-03-24T11:50:00
M0493,2026-03-26T20:47:00
M0493,2026-03-31T19:47:00
M0493,2026-04-04T15:01:00
M0493,2026-04-05T15:47:00
M0493,2026-04-06T16:03:00
M0493,2026-04-08T20:51:00
M0493,2026-04-14T17:22:00
M0493,2026-04-15T07:49:00
M0493,2026-04-16T11:08:00
M0493,2026-04-18T16:28:00
M0493,2026-05-01T14:10:00
M0493,2026-05-01T16:25:00
M0493,2026-05-02T10:23:00
M0493,2026-05-06T09:27:00
M0493,2026-05-10T08:33:00
M0493,2026-05-11T06:22:00
M0493,2026-05-17T12:12:00
M0493,2026-05-23T13:39:00
M0493,2026-05-28T12:14:00
M0493,2026-05-31T13:15:00
M0493,2026-06-01T18:59:00
M0493,2026-06-01T19:35:00
M0494,2025-05-24T06:53:00
M0494,2025-05-25T07:21:00
M0494,2025-05-27T07:54:00
M0494,2025-05-31T09:17:00
M0494,2025-06-05T08:39:00
M0494,2025-06-10T09:46:00
M0494,2025-06-23T19:15:00
M0494,2025-06-24T11:28:00
M0494,2025-06-25T12:11:00
M0494,2025-06-25T19:12:00
M0494,2025-06-30T18:50:00
M0494,2025-07-01T06:56:00
M0494,2025-07-02T13:19:00
M0494,2025-07-04T08:52:00
M0494,2025-07-07T09:40:00
M0494,2025-07-11T12:00:00
M0494,2025-07-17T14:11:00
M0494,2025-07-24T06:09:00
M0494,2025-07-25T15:28:00
M0494,2025-07-26T16:32:00
M0494,2025-07-27T08:50:00
M0494,2025-07-30T11:25:00
M0494,2025-08-05T20:07:00
M0494,2025-08-06T18:44:00
M0494,2025-08-06T20:48:00
M0494,2025-08-23T19:03:00
M0494,2025-09-04T12:40:00
M0494,2025-09-12T17:03:00
M0494,2025-09-18T06:00:00
M0494,2025-09-21T16:36:00
M0494,2025-10-02T06:35:00
M0494,2025-10-03T12:29:00
M0494,2025-10-08T10:14:00
M0494,2025-10-18T20:20:00
M0494,2025-10-26T15:49:00
M0494,2025-11-11T10:23:00
M0494,2025-11-22T20:31:00
M0494,2025-11-24T12:44:00
M0494,2025-11-25T09:24:00
M0494,2025-11-26T20:41:00
M0494,2025-11-29T07:55:00
M0494,2025-11-29T19:27:00
M0494,2025-12-01T12:43:00
M0494,2025-12-08T06:48:00
M0494,2025-12-16T09:04:00
M0494,2025-12-20T16:05:00
M0494,2025-12-21T09:43:00
M0494,2025-12-23T09:01:00
M0494,2025-12-23T20:25:00
M0494,2026-01-01T08:27:00
M0494,2026-01-02T10:28:00
M0494,2026-01-05T12:38:00
M0494,2026-01-06T06:34:00
M0494,2026-01-12T09:21:00
M0494,2026-01-12T09:46:00
M0494,2026-01-19T12:09:00
M0494,2026-01-24T10:08:00
M0494,2026-01-28T17:33:00
M0494,2026-01-30T17:39:00
M0494,2026-02-10T10:57:00
M0494,2026-02-13T11:52:00
M0494,2026-02-14T06:17:00
M0494,2026-02-23T16:04:00
M0494,2026-03-03T15:10:00
M0494,2026-03-07T12:33:00
M0494,2026-03-07T14:47:00
M0494,2026-03-09T19:04:00
M0494,2026-03-11T18:15:00
M0494,2026-03-13T11:33:00
M0494,2026-03-14T12:31:00
M0494,2026-03-19T09:12:00
M0494,2026-03-22T17:43:00
M0494,2026-03-25T12:24:00
M0494,2026-03-26T12:59:00
M0494,2026-03-28T12:33:00
M0494,2026-03-30T06:47:00
M0494,2026-03-31T15:13:00
M0494,2026-04-16T09:30:00
M0494,2026-04-20T09:57:00
M0494,2026-04-30T10:54:00
M0494,2026-04-30T19:17:00
M0494,2026-05-01T13:50:00
M0494,2026-05-12T14:42:00
M0494,2026-05-18T10:17:00
M0494,2026-05-20T06:33:00
M0494,2026-05-20T16:28:00
M0494,2026-05-22T19:10:00
M0494,2026-05-26T14:15:00
M0494,2026-05-30T18:21:00
M0494,2026-05-31T11:16:00
M0494,2026-06-03T16:32:00
M0494,2026-06-08T15:17:00
M0494,2026-06-10T08:06:00
M0494,2026-06-12T13:40:00
M0494,2026-06-15T11:49:00
M0494,2026-06-16T19:34:00
M0495,2025-08-07T20:07:00
M0495,2025-08-11T18:53:00
M0495,2025-08-24T19:03:00
M0495,2025-08-25T06:49:00
M0495,2025-09-02T13:23:00
M0495,2025-09-10T17:14:00
M0495,2025-09-15T09:42:00
M0495,2025-09-22T19:23:00
M0495,2025-09-23T17:37:00
M0495,2025-10-08T12:28:00
M0495,2025-10-15T06:01:00
M0495,2025-10-15T18:27:00
M0495,2025-11-05T18:45:00
M0495,2025-11-15T08:30:00
M0495,2025-12-11T15:32:00
M0495,2026-02-06T15:26:00
M0495,2026-02-18T11:18:00
M0495,2026-02-23T20:40:00
M0495,2026-02-24T19:54:00
M0495,2026-03-16T20:59:00
M0495,2026-03-28T16:12:00
M0495,2026-03-31T18:13:00
M0495,2026-04-01T18:32:00
M0495,2026-04-14T06:58:00
M0495,2026-04-28T11:13:00
M0495,2026-05-10T09:16:00
M0495,2026-05-17T18:58:00
M0495,2026-05-26T07:59:00
M0495,2026-06-01T06:16:00
M0495,2026-06-02T12:31:00
M0495,2026-06-10T19:49:00
M0495,2026-06-14T16:42:00
M0495,2026-06-20T16:43:00
M0495,2026-06-24T14:03:00
M0495,2026-06-24T17:19:00
M0496,2025-09-27T10:20:00
M0496,2025-09-28T06:35:00
M0496,2025-10-02T07:49:00
M0496,2025-10-05T08:06:00
M0496,2025-10-06T14:36:00
M0496,2025-10-18T18:33:00
M0496,2025-10-18T18:38:00
M0496,2025-10-19T20:30:00
M0496,2025-10-20T06:22:00
M0496,2025-10-20T10:51:00
M0496,2025-10-24T19:05:00
M0496,2025-10-25T07:35:00
M0496,2025-10-25T11:46:00
M0496,2025-10-29T16:31:00
M0496,2025-11-01T07:16:00
M0496,2025-11-09T16:28:00
M0496,2025-11-10T17:07:00
M0496,2025-11-11T10:49:00
M0496,2025-11-12T11:25:00
M0496,2025-11-13T12:57:00
M0496,2025-11-13T19:17:00
M0496,2025-11-15T09:56:00
M0496,2025-11-22T09:59:00
M0496,2025-12-03T08:49:00
M0496,2025-12-05T20:48:00
M0496,2025-12-08T16:40:00
M0496,2025-12-13T14:47:00
M0496,2025-12-18T11:30:00
M0496,2025-12-20T11:54:00
M0496,2025-12-21T12:26:00
M0496,2025-12-25T12:53:00
M0496,2025-12-27T13:57:00
M0496,2025-12-30T06:14:00
M0496,2025-12-31T16:43:00
M0496,2026-01-01T19:06:00
M0496,2026-01-05T08:17:00
M0496,2026-01-07T11:56:00
M0496,2026-01-09T14:27:00
M0496,2026-01-16T13:39:00
M0496,2026-01-18T14:54:00
M0496,2026-01-23T20:16:00
M0496,2026-02-04T15:38:00
M0496,2026-02-07T14:13:00
M0496,2026-02-08T16:22:00
M0496,2026-02-09T17:06:00
M0496,2026-02-23T08:30:00
M0496,2026-03-02T12:09:00
M0496,2026-03-17T19:34:00
M0496,2026-03-17T19:58:00
M0496,2026-03-19T13:07:00
M0496,2026-03-22T08:58:00
M0496,2026-03-22T16:03:00
M0496,2026-03-25T11:37:00
M0496,2026-04-09T09:44:00
M0496,2026-04-10T13:45:00
M0496,2026-04-11T06:10:00
M0496,2026-04-12T14:01:00
M0496,2026-04-16T08:59:00
M0496,2026-04-16T10:12:00
M0496,2026-04-18T18:11:00
M0496,2026-04-18T20:20:00
M0496,2026-04-20T20:48:00
M0496,2026-04-25T08:22:00
M0496,2026-04-26T17:45:00
M0496,2026-04-27T07:06:00
M0496,2026-05-03T12:58:00
M0496,2026-05-06T14:23:00
M0496,2026-05-11T15:53:00
M0496,2026-05-11T19:28:00
M0496,2026-05-13T07:17:00
M0496,2026-05-18T20:28:00
M0496,2026-05-23T13:53:00
M0496,2026-05-27T12:12:00
M0496,2026-05-27T15:50:00
M0496,2026-05-27T17:20:00
M0496,2026-05-30T08:41:00
M0496,2026-05-31T09:33:00
M0496,2026-06-14T18:25:00
M0496,2026-06-15T20:29:00
M0496,2026-06-16T07:05:00
M0496,2026-06-17T15:10:00
M0496,2026-06-21T09:43:00
M0496,2026-06-21T17:36:00
M0496,2026-06-26T06:53:00
M0496,2026-06-29T10:49:00
M0496,2026-06-30T17:43:00
M0496,2026-07-02T12:41:00
M0496,2026-07-06T19:02:00
M0497,2025-06-04T19:59:00
M0497,2025-06-06T16:19:00
M0497,2025-06-06T18:59:00
M0497,2025-06-10T14:50:00
M0497,2025-06-15T10:10:00
M0497,2025-06-17T06:19:00
M0497,2025-06-22T18:23:00
M0497,2025-06-23T10:59:00
M0497,2025-06-28T12:59:00
M0497,2025-06-28T16:21:00
M0497,2025-06-29T08:32:00
M0497,2025-07-03T18:33:00
M0497,2025-07-04T16:13:00
M0497,2025-07-05T12:35:00
M0497,2025-07-05T13:20:00
M0497,2025-07-06T07:19:00
M0497,2025-07-10T16:19:00
M0497,2025-07-15T07:55:00
M0497,2025-07-15T15:52:00
M0497,2025-07-17T13:13:00
M0497,2025-07-22T09:47:00
M0497,2025-07-24T18:11:00
M0497,2025-07-30T15:40:00
M0497,2025-08-01T10:18:00
M0497,2025-08-02T16:19:00
M0497,2025-08-03T15:03:00
M0497,2025-08-05T06:33:00
M0497,2025-08-12T08:01:00
M0497,2025-08-17T10:08:00
M0497,2025-08-22T15:37:00
M0497,2025-08-26T13:14:00
M0497,2025-08-27T11:30:00
M0497,2025-08-27T15:08:00
M0497,2025-09-01T14:27:00
M0497,2025-09-02T20:16:00
M0497,2025-09-14T19:48:00
M0497,2025-09-15T10:45:00
M0497,2025-09-18T15:27:00
M0497,2025-09-24T18:10:00
M0497,2025-10-01T18:20:00
M0497,2025-10-02T16:56:00
M0497,2025-10-05T13:01:00
M0497,2025-10-08T07:36:00
M0497,2025-10-08T12:10:00
M0497,2025-10-08T16:42:00
M0497,2025-10-10T08:57:00
M0497,2025-10-10T12:48:00
M0497,2025-10-23T10:18:00
M0497,2025-10-23T11:25:00
M0497,2025-10-28T08:55:00
M0497,2025-10-29T12:26:00
M0497,2025-10-30T13:26:00
M0497,2025-11-02T08:46:00
M0497,2025-11-04T08:53:00
M0497,2025-11-07T10:23:00
M0497,2025-11-08T06:59:00
M0497,2025-11-08T20:41:00
M0497,2025-11-10T12:50:00
M0497,2025-11-13T13:03:00
M0497,2025-11-14T17:56:00
M0497,2025-11-15T06:04:00
M0497,2025-11-18T06:36:00
M0497,2025-11-28T09:58:00
M0497,2025-11-28T13:49:00
M0497,2025-12-07T20:33:00
M0497,2025-12-14T10:44:00
M0497,2025-12-15T08:21:00
M0497,2025-12-16T17:28:00
M0497,2025-12-17T13:41:00
M0497,2025-12-18T13:05:00
M0497,2025-12-21T11:54:00
M0497,2025-12-22T17:56:00
M0497,2025-12-23T07:53:00
M0497,2026-01-05T16:25:00
M0497,2026-01-07T17:46:00
M0497,2026-01-11T07:44:00
M0497,2026-01-17T19:52:00
M0497,2026-01-18T07:32:00
M0497,2026-01-18T13:51:00
M0497,2026-01-23T20:50:00
M0497,2026-01-30T14:37:00
M0497,2026-02-01T18:05:00
M0497,2026-02-03T07:33:00
M0497,2026-02-05T09:38:00
M0497,2026-02-09T20:27:00
M0497,2026-02-12T13:33:00
M0497,2026-02-13T06:32:00
M0497,2026-02-16T13:04:00
M0497,2026-02-22T11:30:00
M0497,2026-03-04T11:54:00
M0497,2026-03-07T19:56:00
M0497,2026-03-11T06:53:00
M0497,2026-03-11T10:57:00
M0497,2026-03-11T18:36:00
M0497,2026-03-12T18:06:00
M0497,2026-03-14T17:50:00
M0497,2026-03-24T10:02:00
M0497,2026-03-28T14:21:00
M0497,2026-03-28T16:21:00
M0497,2026-04-07T15:02:00
M0497,2026-04-11T20:00:00
M0497,2026-04-12T20:26:00
M0497,2026-04-14T06:12:00
M0497,2026-04-15T20:19:00
M0497,2026-04-23T18:55:00
M0497,2026-04-25T19:13:00
M0497,2026-04-26T07:03:00
M0497,2026-04-30T09:30:00
M0497,2026-05-02T16:18:00
M0497,2026-05-02T16:27:00
M0497,2026-05-05T14:12:00
M0497,2026-05-06T08:25:00
M0497,2026-05-06T17:55:00
M0497,2026-05-07T20:15:00
M0497,2026-05-08T13:00:00
M0497,2026-05-11T06:47:00
M0497,2026-05-15T20:26:00
M0497,2026-05-18T17:58:00
M0497,2026-05-21T15:08:00
M0497,2026-05-21T20:14:00
M0497,2026-05-23T12:37:00
M0498,2026-01-23T13:27:00
M0498,2026-02-08T06:09:00
M0498,2026-02-17T08:32:00
M0498,2026-02-19T15:32:00
M0498,2026-02-21T07:35:00
M0498,2026-02-21T09:07:00
M0498,2026-02-28T09:47:00
M0498,2026-03-01T11:37:00
M0498,2026-03-04T12:44:00
M0498,2026-03-04T14:21:00
M0498,2026-03-09T20:32:00
M0498,2026-03-15T13:58:00
M0498,2026-03-15T16:27:00
M0498,2026-03-18T20:33:00
M0498,2026-03-19T10:28:00
M0498,2026-03-27T17:33:00
M0498,2026-03-29T10:21:00
M0498,2026-04-09T15:57:00
M0498,2026-04-11T15:33:00
M0498,2026-04-14T14:07:00
M0498,2026-04-15T07:50:00
M0498,2026-04-16T09:13:00
M0498,2026-04-21T08:12:00
M0498,2026-04-24T08:35:00
M0498,2026-05-06T08:41:00
M0498,2026-05-08T09:39:00
M0498,2026-05-10T17:44:00
M0498,2026-05-11T07:49:00
M0498,2026-05-15T13:20:00
M0498,2026-05-17T20:33:00
M0498,2026-05-25T06:51:00
M0498,2026-05-25T10:51:00
M0498,2026-05-25T17:19:00
M0498,2026-05-26T06:23:00
M0498,2026-05-26T11:22:00
M0498,2026-05-30T20:12:00
M0498,2026-05-31T08:18:00
M0498,2026-06-06T18:30:00
M0498,2026-06-06T18:54:00
M0498,2026-06-09T19:39:00
M0498,2026-06-14T17:41:00
M0498,2026-06-15T15:39:00
M0498,2026-06-20T06:44:00
M0498,2026-06-20T10:43:00
M0498,2026-06-30T19:06:00
M0498,2026-07-07T14:36:00
M0498,2026-07-07T19:35:00
M0499,2026-06-26T15:18:00
M0499,2026-06-29T10:21:00
M0499,2026-07-01T13:13:00
M0499,2026-07-01T13:55:00
M0499,2026-07-02T09:29:00
M0499,2026-07-15T20:25:00
M0499,2026-08-31T20:44:00
M0500,2026-01-26T20:10:00
M0500,2026-01-27T16:56:00
M0500,2026-01-27T20:04:00
M0500,2026-01-28T20:37:00
M0500,2026-01-30T20:15:00
M0500,2026-02-01T06:37:00
M0500,2026-02-04T15:10:00
M0500,2026-02-08T18:09:00
M0500,2026-02-10T17:51:00
M0500,2026-02-19T11:15:00
M0500,2026-02-21T10:47:00
M0500,2026-03-01T08:38:00
M0500,2026-03-04T20:01:00
M0500,2026-03-10T09:32:00
M0500,2026-03-11T06:27:00
M0500,2026-03-12T20:36:00
M0500,2026-03-14T17:38:00
M0500,2026-03-15T09:55:00
M0500,2026-03-16T12:53:00
M0500,2026-03-18T10:35:00
M0500,2026-03-18T14:51:00
M0500,2026-03-19T12:53:00
M0500,2026-03-20T10:02:00
M0500,2026-03-23T20:31:00
M0500,2026-03-25T15:08:00
M0500,2026-03-29T11:46:00
M0500,2026-03-31T12:04:00
M0500,2026-04-02T16:38:00
M0500,2026-04-10T09:07:00
M0500,2026-04-14T16:19:00
M0500,2026-04-16T20:01:00
M0500,2026-04-18T13:38:00
M0500,2026-04-19T18:47:00
M0500,2026-04-21T06:20:00
M0500,2026-05-03T11:37:00
M0500,2026-05-05T15:00:00
M0500,2026-05-08T11:50:00
M0500,2026-05-13T18:03:00
